youtube-u-growth,DISABLED,CM,None,0,PUSH,DISABLED,UNFUSED_BITMAP,None,0.32099461555480957,0.003567
dblp_coauthor,DISABLED,CM,None,0,PUSH,DISABLED,UNFUSED_BITMAP,None,0.5122463703155518,0.001966
soc-LiveJournal1,DISABLED,CM,None,0,PUSH,DISABLED,UNFUSED_BITMAP,None,0.8624882698059082,0.006957
orkut-links,DISABLED,CM,None,0,PUSH,DISABLED,UNFUSED_BITMAP,None,1.3519339561462402,0.009454
roadNet-CA,DISABLED,CM,None,0,PUSH,DISABLED,UNFUSED_BITMAP,None,0.3555436134338379,0.015273
youtube-u-growth,ENABLED,TWC,None,0,PULL,ENABLED,UNFUSED_BITMAP,BOOLMAP,0.8873434066772461,0.001397
dblp_coauthor,ENABLED,TWC,None,0,PULL,ENABLED,UNFUSED_BITMAP,BOOLMAP,1.8089447021484375,0.009779
soc-LiveJournal1,ENABLED,TWC,None,0,PULL,ENABLED,UNFUSED_BITMAP,BOOLMAP,8.508967161178589,0.037321
orkut-links,ENABLED,TWC,None,0,PULL,ENABLED,UNFUSED_BITMAP,BOOLMAP,16.551700115203857,0.008534
roadNet-CA,ENABLED,TWC,None,0,PULL,ENABLED,UNFUSED_BITMAP,BOOLMAP,0.31244516372680664,0.00041
youtube-u-growth,DISABLED,VERTEX_BASED,None,0,PUSH,DISABLED,UNFUSED_BOOLMAP,None,0.9094381332397461,0.06095
dblp_coauthor,DISABLED,VERTEX_BASED,None,0,PUSH,DISABLED,UNFUSED_BOOLMAP,None,0.37595462799072266,0.004768
soc-LiveJournal1,DISABLED,VERTEX_BASED,None,0,PUSH,DISABLED,UNFUSED_BOOLMAP,None,1.0859217643737793,0.022363
orkut-links,DISABLED,VERTEX_BASED,None,0,PUSH,DISABLED,UNFUSED_BOOLMAP,None,1.7519502639770508,0.044388
roadNet-CA,DISABLED,VERTEX_BASED,None,0,PUSH,DISABLED,UNFUSED_BOOLMAP,None,0.3888392448425293,0.014822
youtube-u-growth,ENABLED,TWCE,None,0,PULL,ENABLED,FUSED,BITMAP,0.9371798038482666,0.002241
dblp_coauthor,ENABLED,TWCE,None,0,PULL,ENABLED,FUSED,BITMAP,1.8338892459869385,0.012259
soc-LiveJournal1,ENABLED,TWCE,None,0,PULL,ENABLED,FUSED,BITMAP,8.520893096923828,0.034312
orkut-links,ENABLED,TWCE,None,0,PULL,ENABLED,FUSED,BITMAP,15.6354501247406,0.008755
roadNet-CA,ENABLED,TWCE,None,0,PULL,ENABLED,FUSED,BITMAP,0.31932497024536133,0.00074
youtube-u-growth,ENABLED,WM,None,0,PULL,DISABLED,UNFUSED_BITMAP,BOOLMAP,0.9739964008331299,0.00623
dblp_coauthor,ENABLED,WM,None,0,PULL,DISABLED,UNFUSED_BITMAP,BOOLMAP,1.8446910381317139,0.011674
soc-LiveJournal1,ENABLED,WM,None,0,PULL,DISABLED,UNFUSED_BITMAP,BOOLMAP,8.52534818649292,0.043487
orkut-links,ENABLED,WM,None,0,PULL,DISABLED,UNFUSED_BITMAP,BOOLMAP,15.912388324737549,0.015021
roadNet-CA,ENABLED,WM,None,0,PULL,DISABLED,UNFUSED_BITMAP,BOOLMAP,0.30021119117736816,0.000332
youtube-u-growth,ENABLED,TWCE,None,0,PULL,DISABLED,UNFUSED_BOOLMAP,BITMAP,0.9281444549560547,0.002406
dblp_coauthor,ENABLED,TWCE,None,0,PULL,DISABLED,UNFUSED_BOOLMAP,BITMAP,1.836611270904541,0.013335
soc-LiveJournal1,ENABLED,TWCE,None,0,PULL,DISABLED,UNFUSED_BOOLMAP,BITMAP,8.564414024353027,0.037333
orkut-links,ENABLED,TWCE,None,0,PULL,DISABLED,UNFUSED_BOOLMAP,BITMAP,15.87705945968628,0.009186
roadNet-CA,ENABLED,TWCE,None,0,PULL,DISABLED,UNFUSED_BOOLMAP,BITMAP,0.31542301177978516,0.000807
youtube-u-growth,ENABLED,WM,None,0,PUSH,ENABLED,FUSED,None,0.47139954566955566,0.015871
dblp_coauthor,ENABLED,WM,None,0,PUSH,ENABLED,FUSED,None,0.396697998046875,0.005535
soc-LiveJournal1,ENABLED,WM,None,0,PUSH,ENABLED,FUSED,None,1.0041866302490234,0.01697
orkut-links,ENABLED,WM,None,0,PUSH,ENABLED,FUSED,None,1.738356351852417,0.037721
roadNet-CA,ENABLED,WM,None,0,PUSH,ENABLED,FUSED,None,0.2962825298309326,0.008311
youtube-u-growth,DISABLED,TWCE,None,0,PULL,DISABLED,UNFUSED_BITMAP,BOOLMAP,1.1024317741394043,0.017349
dblp_coauthor,DISABLED,TWCE,None,0,PULL,DISABLED,UNFUSED_BITMAP,BOOLMAP,1.8754839897155762,0.011132
soc-LiveJournal1,DISABLED,TWCE,None,0,PULL,DISABLED,UNFUSED_BITMAP,BOOLMAP,8.246565818786621,0.029204
orkut-links,DISABLED,TWCE,None,0,PULL,DISABLED,UNFUSED_BITMAP,BOOLMAP,15.502522230148315,0.028992
roadNet-CA,DISABLED,TWCE,None,0,PULL,DISABLED,UNFUSED_BITMAP,BOOLMAP,1.4798352718353271,0.115605
youtube-u-growth,ENABLED,TWC,None,0,PULL,DISABLED,FUSED,BITMAP,0.9073073863983154,0.001285
dblp_coauthor,ENABLED,TWC,None,0,PULL,DISABLED,FUSED,BITMAP,1.815398931503296,0.009312
soc-LiveJournal1,ENABLED,TWC,None,0,PULL,DISABLED,FUSED,BITMAP,8.518695831298828,0.02894
orkut-links,ENABLED,TWC,None,0,PULL,DISABLED,FUSED,BITMAP,15.659158706665039,0.006841
roadNet-CA,ENABLED,TWC,None,0,PULL,DISABLED,FUSED,BITMAP,0.2974059581756592,0.000418
youtube-u-growth,DISABLED,WM,None,0,PUSH,DISABLED,UNFUSED_BITMAP,None,0.3892862796783447,0.009687
dblp_coauthor,DISABLED,WM,None,0,PUSH,DISABLED,UNFUSED_BITMAP,None,0.3589181900024414,0.00228
soc-LiveJournal1,DISABLED,WM,None,0,PUSH,DISABLED,UNFUSED_BITMAP,None,0.9080514907836914,0.008358
orkut-links,DISABLED,WM,None,0,PUSH,DISABLED,UNFUSED_BITMAP,None,1.3441805839538574,0.012372
roadNet-CA,DISABLED,WM,None,0,PUSH,DISABLED,UNFUSED_BITMAP,None,0.36589765548706055,0.014927
youtube-u-growth,DISABLED,VERTEX_BASED,None,0,PULL,ENABLED,FUSED,BOOLMAP,3.322364568710327,0.235258
dblp_coauthor,DISABLED,VERTEX_BASED,None,0,PULL,ENABLED,FUSED,BOOLMAP,1.866553783416748,0.014271
soc-LiveJournal1,DISABLED,VERTEX_BASED,None,0,PULL,ENABLED,FUSED,BOOLMAP,9.013374328613281,0.067306
orkut-links,DISABLED,VERTEX_BASED,None,0,PULL,ENABLED,FUSED,BOOLMAP,15.53436827659607,0.054044
roadNet-CA,DISABLED,VERTEX_BASED,None,0,PULL,ENABLED,FUSED,BOOLMAP,0.6765549182891846,0.037337
youtube-u-growth,DISABLED,CM,None,0,PULL,ENABLED,FUSED,BOOLMAP,1.034303903579712,0.008175
dblp_coauthor,DISABLED,CM,None,0,PULL,ENABLED,FUSED,BOOLMAP,1.793891191482544,0.005204
soc-LiveJournal1,DISABLED,CM,None,0,PULL,ENABLED,FUSED,BOOLMAP,8.162912368774414,0.017299
orkut-links,DISABLED,CM,None,0,PULL,ENABLED,FUSED,BOOLMAP,17.773809671401978,0.020353
roadNet-CA,DISABLED,CM,None,0,PULL,ENABLED,FUSED,BOOLMAP,0.7328977584838867,0.042983
youtube-u-growth,DISABLED,VERTEX_BASED,None,0,PULL,DISABLED,UNFUSED_BOOLMAP,BITMAP,2.953136920928955,0.196518
dblp_coauthor,DISABLED,VERTEX_BASED,None,0,PULL,DISABLED,UNFUSED_BOOLMAP,BITMAP,1.8680205345153809,0.012514
soc-LiveJournal1,DISABLED,VERTEX_BASED,None,0,PULL,DISABLED,UNFUSED_BOOLMAP,BITMAP,8.681330919265747,0.049927
orkut-links,DISABLED,VERTEX_BASED,None,0,PULL,DISABLED,UNFUSED_BOOLMAP,BITMAP,15.81721043586731,0.03877
roadNet-CA,DISABLED,VERTEX_BASED,None,0,PULL,DISABLED,UNFUSED_BOOLMAP,BITMAP,0.6615231037139893,0.0375
youtube-u-growth,ENABLED,TWC,None,0,PULL,ENABLED,FUSED,BOOLMAP,0.9149985313415527,0.001339
dblp_coauthor,ENABLED,TWC,None,0,PULL,ENABLED,FUSED,BOOLMAP,1.8277397155761719,0.009842
soc-LiveJournal1,ENABLED,TWC,None,0,PULL,ENABLED,FUSED,BOOLMAP,8.5840904712677,0.037491
orkut-links,ENABLED,TWC,None,0,PULL,ENABLED,FUSED,BOOLMAP,15.63686466217041,0.008986
roadNet-CA,ENABLED,TWC,None,0,PULL,ENABLED,FUSED,BOOLMAP,0.30698490142822266,0.000387
youtube-u-growth,DISABLED,WM,None,0,PULL,ENABLED,FUSED,BOOLMAP,1.2148680686950684,0.029038
dblp_coauthor,DISABLED,WM,None,0,PULL,ENABLED,FUSED,BOOLMAP,1.83176851272583,0.007066
soc-LiveJournal1,DISABLED,WM,None,0,PULL,ENABLED,FUSED,BOOLMAP,8.728790760040283,0.02856
orkut-links,DISABLED,WM,None,0,PULL,ENABLED,FUSED,BOOLMAP,15.329326629638672,0.021312
roadNet-CA,DISABLED,WM,None,0,PULL,ENABLED,FUSED,BOOLMAP,0.6746971607208252,0.037978
youtube-u-growth,DISABLED,CM,None,0,PULL,DISABLED,UNFUSED_BOOLMAP,BOOLMAP,1.0104882717132568,0.007517
dblp_coauthor,DISABLED,CM,None,0,PULL,DISABLED,UNFUSED_BOOLMAP,BOOLMAP,1.8203423023223877,0.004974
soc-LiveJournal1,DISABLED,CM,None,0,PULL,DISABLED,UNFUSED_BOOLMAP,BOOLMAP,8.328929424285889,0.017864
orkut-links,DISABLED,CM,None,0,PULL,DISABLED,UNFUSED_BOOLMAP,BOOLMAP,15.71513056755066,0.019909
roadNet-CA,DISABLED,CM,None,0,PULL,DISABLED,UNFUSED_BOOLMAP,BOOLMAP,0.6841616630554199,0.038901
youtube-u-growth,DISABLED,VERTEX_BASED,None,0,PULL,ENABLED,UNFUSED_BOOLMAP,BOOLMAP,3.3600189685821533,0.236197
dblp_coauthor,DISABLED,VERTEX_BASED,None,0,PULL,ENABLED,UNFUSED_BOOLMAP,BOOLMAP,1.9021797180175781,0.014032
soc-LiveJournal1,DISABLED,VERTEX_BASED,None,0,PULL,ENABLED,UNFUSED_BOOLMAP,BOOLMAP,8.815643787384033,0.066393
orkut-links,DISABLED,VERTEX_BASED,None,0,PULL,ENABLED,UNFUSED_BOOLMAP,BOOLMAP,15.982124328613281,0.053815
roadNet-CA,DISABLED,VERTEX_BASED,None,0,PULL,ENABLED,UNFUSED_BOOLMAP,BOOLMAP,0.638554573059082,0.033521
youtube-u-growth,ENABLED,TWCE,None,0,PUSH,ENABLED,FUSED,None,0.39022302627563477,0.009568
dblp_coauthor,ENABLED,TWCE,None,0,PUSH,ENABLED,FUSED,None,0.3967244625091553,0.006643
soc-LiveJournal1,ENABLED,TWCE,None,0,PUSH,ENABLED,FUSED,None,1.0312166213989258,0.018769
orkut-links,ENABLED,TWCE,None,0,PUSH,ENABLED,FUSED,None,1.5188770294189453,0.021092
roadNet-CA,ENABLED,TWCE,None,0,PUSH,ENABLED,FUSED,None,0.3853733539581299,0.014848
youtube-u-growth,DISABLED,CM,None,0,PULL,DISABLED,FUSED,BOOLMAP,1.2329134941101074,0.007337
dblp_coauthor,DISABLED,CM,None,0,PULL,DISABLED,FUSED,BOOLMAP,1.8125371932983398,0.005033
soc-LiveJournal1,DISABLED,CM,None,0,PULL,DISABLED,FUSED,BOOLMAP,8.472411394119263,0.018181
orkut-links,DISABLED,CM,None,0,PULL,DISABLED,FUSED,BOOLMAP,15.63424825668335,0.021152
roadNet-CA,DISABLED,CM,None,0,PULL,DISABLED,FUSED,BOOLMAP,0.7387275695800781,0.043021
youtube-u-growth,DISABLED,WM,None,0,PUSH,ENABLED,UNFUSED_BITMAP,None,0.3864765167236328,0.009778
dblp_coauthor,DISABLED,WM,None,0,PUSH,ENABLED,UNFUSED_BITMAP,None,0.36115288734436035,0.002239
soc-LiveJournal1,DISABLED,WM,None,0,PUSH,ENABLED,UNFUSED_BITMAP,None,0.9046921730041504,0.008359
orkut-links,DISABLED,WM,None,0,PUSH,ENABLED,UNFUSED_BITMAP,None,1.4093358516693115,0.01236
roadNet-CA,DISABLED,WM,None,0,PUSH,ENABLED,UNFUSED_BITMAP,None,0.3720662593841553,0.014819
youtube-u-growth,DISABLED,VERTEX_BASED,None,0,PUSH,DISABLED,FUSED,None,0.9458122253417969,0.063189
dblp_coauthor,DISABLED,VERTEX_BASED,None,0,PUSH,DISABLED,FUSED,None,0.4024629592895508,0.007873
soc-LiveJournal1,DISABLED,VERTEX_BASED,None,0,PUSH,DISABLED,FUSED,None,1.2047336101531982,0.036262
orkut-links,DISABLED,VERTEX_BASED,None,0,PUSH,DISABLED,FUSED,None,1.8954963684082031,0.060544
roadNet-CA,DISABLED,VERTEX_BASED,None,0,PUSH,DISABLED,FUSED,None,0.401777982711792,0.014162
youtube-u-growth,ENABLED,WM,None,0,PULL,DISABLED,FUSED,BITMAP,0.9727272987365723,0.005242
dblp_coauthor,ENABLED,WM,None,0,PULL,DISABLED,FUSED,BITMAP,1.8552558422088623,0.01125
soc-LiveJournal1,ENABLED,WM,None,0,PULL,DISABLED,FUSED,BITMAP,8.634093761444092,0.037977
orkut-links,ENABLED,WM,None,0,PULL,DISABLED,FUSED,BITMAP,16.37370467185974,0.012306
roadNet-CA,ENABLED,WM,None,0,PULL,DISABLED,FUSED,BITMAP,0.3093085289001465,0.000355
youtube-u-growth,DISABLED,TWCE,None,0,PULL,ENABLED,UNFUSED_BITMAP,BITMAP,1.1084446907043457,0.017565
dblp_coauthor,DISABLED,TWCE,None,0,PULL,ENABLED,UNFUSED_BITMAP,BITMAP,1.8512167930603027,0.010409
soc-LiveJournal1,DISABLED,TWCE,None,0,PULL,ENABLED,UNFUSED_BITMAP,BITMAP,8.313853979110718,0.024637
orkut-links,DISABLED,TWCE,None,0,PULL,ENABLED,UNFUSED_BITMAP,BITMAP,15.852681875228882,0.024057
roadNet-CA,DISABLED,TWCE,None,0,PULL,ENABLED,UNFUSED_BITMAP,BITMAP,1.4245202541351318,0.110319
youtube-u-growth,DISABLED,WM,None,0,PULL,ENABLED,UNFUSED_BITMAP,BITMAP,1.225583791732788,0.028715
dblp_coauthor,DISABLED,WM,None,0,PULL,ENABLED,UNFUSED_BITMAP,BITMAP,1.8193142414093018,0.006233
soc-LiveJournal1,DISABLED,WM,None,0,PULL,ENABLED,UNFUSED_BITMAP,BITMAP,8.261562824249268,0.021893
orkut-links,DISABLED,WM,None,0,PULL,ENABLED,UNFUSED_BITMAP,BITMAP,15.573539733886719,0.017269
roadNet-CA,DISABLED,WM,None,0,PULL,ENABLED,UNFUSED_BITMAP,BITMAP,0.6481454372406006,0.033247
youtube-u-growth,ENABLED,WM,None,0,PUSH,ENABLED,UNFUSED_BOOLMAP,None,0.41326403617858887,0.012393
dblp_coauthor,ENABLED,WM,None,0,PUSH,ENABLED,UNFUSED_BOOLMAP,None,0.37105679512023926,0.003104
soc-LiveJournal1,ENABLED,WM,None,0,PUSH,ENABLED,UNFUSED_BOOLMAP,None,0.9536826610565186,0.012246
orkut-links,ENABLED,WM,None,0,PUSH,ENABLED,UNFUSED_BOOLMAP,None,1.4557852745056152,0.021676
roadNet-CA,ENABLED,WM,None,0,PUSH,ENABLED,UNFUSED_BOOLMAP,None,0.31335020065307617,0.011334
youtube-u-growth,DISABLED,VERTEX_BASED,None,0,PULL,DISABLED,FUSED,BITMAP,2.902583360671997,0.183203
dblp_coauthor,DISABLED,VERTEX_BASED,None,0,PULL,DISABLED,FUSED,BITMAP,1.879835605621338,0.012505
soc-LiveJournal1,DISABLED,VERTEX_BASED,None,0,PULL,DISABLED,FUSED,BITMAP,8.36944031715393,0.051399
orkut-links,DISABLED,VERTEX_BASED,None,0,PULL,DISABLED,FUSED,BITMAP,15.763148307800293,0.042574
roadNet-CA,DISABLED,VERTEX_BASED,None,0,PULL,DISABLED,FUSED,BITMAP,0.6678428649902344,0.036153
youtube-u-growth,DISABLED,CM,None,0,PUSH,ENABLED,UNFUSED_BITMAP,None,0.32253193855285645,0.003513
dblp_coauthor,DISABLED,CM,None,0,PUSH,ENABLED,UNFUSED_BITMAP,None,0.35474729537963867,0.001943
soc-LiveJournal1,DISABLED,CM,None,0,PUSH,ENABLED,UNFUSED_BITMAP,None,0.9153425693511963,0.006979
orkut-links,DISABLED,CM,None,0,PUSH,ENABLED,UNFUSED_BITMAP,None,1.3870232105255127,0.009436
roadNet-CA,DISABLED,CM,None,0,PUSH,ENABLED,UNFUSED_BITMAP,None,0.36133837699890137,0.014839
youtube-u-growth,DISABLED,VERTEX_BASED,None,0,PUSH,ENABLED,UNFUSED_BOOLMAP,None,0.9068171977996826,0.061106
dblp_coauthor,DISABLED,VERTEX_BASED,None,0,PUSH,ENABLED,UNFUSED_BOOLMAP,None,0.4064333438873291,0.004779
soc-LiveJournal1,DISABLED,VERTEX_BASED,None,0,PUSH,ENABLED,UNFUSED_BOOLMAP,None,1.064253330230713,0.022344
orkut-links,DISABLED,VERTEX_BASED,None,0,PUSH,ENABLED,UNFUSED_BOOLMAP,None,1.699300765991211,0.044497
roadNet-CA,DISABLED,VERTEX_BASED,None,0,PUSH,ENABLED,UNFUSED_BOOLMAP,None,0.39284300804138184,0.014939
youtube-u-growth,ENABLED,CM,None,0,PULL,DISABLED,UNFUSED_BITMAP,BOOLMAP,0.9239013195037842,0.00128
dblp_coauthor,ENABLED,CM,None,0,PULL,DISABLED,UNFUSED_BITMAP,BOOLMAP,1.7804629802703857,0.006813
soc-LiveJournal1,ENABLED,CM,None,0,PULL,DISABLED,UNFUSED_BITMAP,BOOLMAP,9.76840090751648,0.023689
orkut-links,ENABLED,CM,None,0,PULL,DISABLED,UNFUSED_BITMAP,BOOLMAP,16.594634532928467,0.007035
roadNet-CA,ENABLED,CM,None,0,PULL,DISABLED,UNFUSED_BITMAP,BOOLMAP,0.3049492835998535,0.000372
youtube-u-growth,ENABLED,WM,None,0,PULL,DISABLED,UNFUSED_BOOLMAP,BOOLMAP,0.9836728572845459,0.00596
dblp_coauthor,ENABLED,WM,None,0,PULL,DISABLED,UNFUSED_BOOLMAP,BOOLMAP,1.8837909698486328,0.011378
soc-LiveJournal1,ENABLED,WM,None,0,PULL,DISABLED,UNFUSED_BOOLMAP,BOOLMAP,8.36479139328003,0.042416
orkut-links,ENABLED,WM,None,0,PULL,DISABLED,UNFUSED_BOOLMAP,BOOLMAP,16.499672412872314,0.01574
roadNet-CA,ENABLED,WM,None,0,PULL,DISABLED,UNFUSED_BOOLMAP,BOOLMAP,0.3203740119934082,0.000333
youtube-u-growth,ENABLED,WM,None,0,PUSH,DISABLED,UNFUSED_BOOLMAP,None,0.41872143745422363,0.012202
dblp_coauthor,ENABLED,WM,None,0,PUSH,DISABLED,UNFUSED_BOOLMAP,None,0.3686823844909668,0.003143
soc-LiveJournal1,ENABLED,WM,None,0,PUSH,DISABLED,UNFUSED_BOOLMAP,None,0.9957809448242188,0.012342
orkut-links,ENABLED,WM,None,0,PUSH,DISABLED,UNFUSED_BOOLMAP,None,1.5415844917297363,0.021276
roadNet-CA,ENABLED,WM,None,0,PUSH,DISABLED,UNFUSED_BOOLMAP,None,0.32521677017211914,0.011369
youtube-u-growth,DISABLED,CM,None,0,PUSH,ENABLED,UNFUSED_BOOLMAP,None,0.3250620365142822,0.003735
dblp_coauthor,DISABLED,CM,None,0,PUSH,ENABLED,UNFUSED_BOOLMAP,None,0.3592090606689453,0.002134
soc-LiveJournal1,DISABLED,CM,None,0,PUSH,ENABLED,UNFUSED_BOOLMAP,None,0.9835333824157715,0.007629
orkut-links,DISABLED,CM,None,0,PUSH,ENABLED,UNFUSED_BOOLMAP,None,1.4019780158996582,0.009968
roadNet-CA,DISABLED,CM,None,0,PUSH,ENABLED,UNFUSED_BOOLMAP,None,0.37111425399780273,0.015409
youtube-u-growth,ENABLED,TWC,None,0,PUSH,DISABLED,UNFUSED_BITMAP,None,0.32407426834106445,0.003912
dblp_coauthor,ENABLED,TWC,None,0,PUSH,DISABLED,UNFUSED_BITMAP,None,0.3761026859283447,0.003462
soc-LiveJournal1,ENABLED,TWC,None,0,PUSH,DISABLED,UNFUSED_BITMAP,None,0.9480574131011963,0.012984
orkut-links,ENABLED,TWC,None,0,PUSH,DISABLED,UNFUSED_BITMAP,None,1.3628132343292236,0.013664
roadNet-CA,ENABLED,TWC,None,0,PUSH,DISABLED,UNFUSED_BITMAP,None,0.3325948715209961,0.012899
youtube-u-growth,DISABLED,VERTEX_BASED,None,0,PULL,ENABLED,FUSED,BITMAP,2.928842067718506,0.195583
dblp_coauthor,DISABLED,VERTEX_BASED,None,0,PULL,ENABLED,FUSED,BITMAP,1.850196361541748,0.012515
soc-LiveJournal1,DISABLED,VERTEX_BASED,None,0,PULL,ENABLED,FUSED,BITMAP,9.622221231460571,0.051543
orkut-links,DISABLED,VERTEX_BASED,None,0,PULL,ENABLED,FUSED,BITMAP,15.578349590301514,0.038922
roadNet-CA,DISABLED,VERTEX_BASED,None,0,PULL,ENABLED,FUSED,BITMAP,0.6745889186859131,0.03662
youtube-u-growth,DISABLED,TWCE,None,0,PUSH,ENABLED,FUSED,None,0.3402540683746338,0.004954
dblp_coauthor,DISABLED,TWCE,None,0,PUSH,ENABLED,FUSED,None,0.38176846504211426,0.003851
soc-LiveJournal1,DISABLED,TWCE,None,0,PUSH,ENABLED,FUSED,None,1.0029826164245605,0.011711
orkut-links,DISABLED,TWCE,None,0,PUSH,ENABLED,FUSED,None,1.4365575313568115,0.011127
roadNet-CA,DISABLED,TWCE,None,0,PUSH,ENABLED,FUSED,None,0.38738226890563965,0.014008
youtube-u-growth,DISABLED,TWCE,None,0,PULL,DISABLED,UNFUSED_BOOLMAP,BOOLMAP,1.124436378479004,0.017696
dblp_coauthor,DISABLED,TWCE,None,0,PULL,DISABLED,UNFUSED_BOOLMAP,BOOLMAP,1.9735970497131348,0.010797
soc-LiveJournal1,DISABLED,TWCE,None,0,PULL,DISABLED,UNFUSED_BOOLMAP,BOOLMAP,9.008718013763428,0.028682
orkut-links,DISABLED,TWCE,None,0,PULL,DISABLED,UNFUSED_BOOLMAP,BOOLMAP,15.803808450698853,0.031318
roadNet-CA,DISABLED,TWCE,None,0,PULL,DISABLED,UNFUSED_BOOLMAP,BOOLMAP,1.3916051387786865,0.108111
youtube-u-growth,DISABLED,CM,None,0,PULL,ENABLED,FUSED,BITMAP,0.993539571762085,0.006911
dblp_coauthor,DISABLED,CM,None,0,PULL,ENABLED,FUSED,BITMAP,1.759061574935913,0.00468
soc-LiveJournal1,DISABLED,CM,None,0,PULL,ENABLED,FUSED,BITMAP,7.984991550445557,0.014239
orkut-links,DISABLED,CM,None,0,PULL,ENABLED,FUSED,BITMAP,15.520442008972168,0.017305
roadNet-CA,DISABLED,CM,None,0,PULL,ENABLED,FUSED,BITMAP,0.7235536575317383,0.0423
youtube-u-growth,ENABLED,CM,None,0,PUSH,DISABLED,UNFUSED_BITMAP,None,0.3308591842651367,0.004355
dblp_coauthor,ENABLED,CM,None,0,PUSH,DISABLED,UNFUSED_BITMAP,None,0.34552550315856934,0.002422
soc-LiveJournal1,ENABLED,CM,None,0,PUSH,DISABLED,UNFUSED_BITMAP,None,0.9003610610961914,0.008507
orkut-links,ENABLED,CM,None,0,PUSH,DISABLED,UNFUSED_BITMAP,None,1.3445050716400146,0.013484
roadNet-CA,ENABLED,CM,None,0,PUSH,DISABLED,UNFUSED_BITMAP,None,0.32811903953552246,0.012034
youtube-u-growth,DISABLED,WM,None,0,PULL,ENABLED,FUSED,BITMAP,1.208608865737915,0.027754
dblp_coauthor,DISABLED,WM,None,0,PULL,ENABLED,FUSED,BITMAP,2.2012760639190674,0.006573
soc-LiveJournal1,DISABLED,WM,None,0,PULL,ENABLED,FUSED,BITMAP,8.466312408447266,0.022459
orkut-links,DISABLED,WM,None,0,PULL,ENABLED,FUSED,BITMAP,15.805901288986206,0.020237
roadNet-CA,DISABLED,WM,None,0,PULL,ENABLED,FUSED,BITMAP,0.6693446636199951,0.037743
youtube-u-growth,ENABLED,TWC,None,0,PUSH,DISABLED,UNFUSED_BOOLMAP,None,0.37415409088134766,0.004143
dblp_coauthor,ENABLED,TWC,None,0,PUSH,DISABLED,UNFUSED_BOOLMAP,None,0.3753058910369873,0.003862
soc-LiveJournal1,ENABLED,TWC,None,0,PUSH,DISABLED,UNFUSED_BOOLMAP,None,1.0113563537597656,0.014291
orkut-links,ENABLED,TWC,None,0,PUSH,DISABLED,UNFUSED_BOOLMAP,None,1.3675940036773682,0.014402
roadNet-CA,ENABLED,TWC,None,0,PUSH,DISABLED,UNFUSED_BOOLMAP,None,0.34128427505493164,0.013226
youtube-u-growth,ENABLED,TWCE,None,0,PULL,DISABLED,FUSED,BITMAP,0.9298529624938965,0.002238
dblp_coauthor,ENABLED,TWCE,None,0,PULL,DISABLED,FUSED,BITMAP,1.8241543769836426,0.012249
soc-LiveJournal1,ENABLED,TWCE,None,0,PULL,DISABLED,FUSED,BITMAP,8.438652992248535,0.034416
orkut-links,ENABLED,TWCE,None,0,PULL,DISABLED,FUSED,BITMAP,15.21264362335205,0.008437
roadNet-CA,ENABLED,TWCE,None,0,PULL,DISABLED,FUSED,BITMAP,0.2988605499267578,0.000741
youtube-u-growth,ENABLED,CM,None,0,PULL,ENABLED,UNFUSED_BOOLMAP,BOOLMAP,0.9077427387237549,0.001288
dblp_coauthor,ENABLED,CM,None,0,PULL,ENABLED,UNFUSED_BOOLMAP,BOOLMAP,1.775376796722412,0.006542
soc-LiveJournal1,ENABLED,CM,None,0,PULL,ENABLED,UNFUSED_BOOLMAP,BOOLMAP,8.052503824234009,0.022548
orkut-links,ENABLED,CM,None,0,PULL,ENABLED,UNFUSED_BOOLMAP,BOOLMAP,14.98831057548523,0.006966
roadNet-CA,ENABLED,CM,None,0,PULL,ENABLED,UNFUSED_BOOLMAP,BOOLMAP,0.2941598892211914,0.000372
youtube-u-growth,DISABLED,TWC,None,0,PUSH,DISABLED,UNFUSED_BITMAP,None,0.32550978660583496,0.003439
dblp_coauthor,DISABLED,TWC,None,0,PUSH,DISABLED,UNFUSED_BITMAP,None,0.36123180389404297,0.002838
soc-LiveJournal1,DISABLED,TWC,None,0,PUSH,DISABLED,UNFUSED_BITMAP,None,0.9161481857299805,0.010326
orkut-links,DISABLED,TWC,None,0,PUSH,DISABLED,UNFUSED_BITMAP,None,1.2983453273773193,0.008955
roadNet-CA,DISABLED,TWC,None,0,PUSH,DISABLED,UNFUSED_BITMAP,None,0.39562225341796875,0.018333
youtube-u-growth,DISABLED,WM,None,0,PULL,DISABLED,FUSED,BITMAP,1.2464244365692139,0.029388
dblp_coauthor,DISABLED,WM,None,0,PULL,DISABLED,FUSED,BITMAP,1.847181797027588,0.006548
soc-LiveJournal1,DISABLED,WM,None,0,PULL,DISABLED,FUSED,BITMAP,8.327789545059204,0.022608
orkut-links,DISABLED,WM,None,0,PULL,DISABLED,FUSED,BITMAP,15.560501098632812,0.017516
roadNet-CA,DISABLED,WM,None,0,PULL,DISABLED,FUSED,BITMAP,0.6712119579315186,0.037609
youtube-u-growth,ENABLED,CM,None,0,PUSH,ENABLED,UNFUSED_BOOLMAP,None,0.3352179527282715,0.004545
dblp_coauthor,ENABLED,CM,None,0,PUSH,ENABLED,UNFUSED_BOOLMAP,None,0.3509345054626465,0.002557
soc-LiveJournal1,ENABLED,CM,None,0,PUSH,ENABLED,UNFUSED_BOOLMAP,None,0.9173781871795654,0.008946
orkut-links,ENABLED,CM,None,0,PUSH,ENABLED,UNFUSED_BOOLMAP,None,1.4456076622009277,0.013678
roadNet-CA,ENABLED,CM,None,0,PUSH,ENABLED,UNFUSED_BOOLMAP,None,0.3373908996582031,0.012264
youtube-u-growth,DISABLED,TWCE,None,0,PULL,ENABLED,UNFUSED_BOOLMAP,BITMAP,1.1220638751983643,0.016662
dblp_coauthor,DISABLED,TWCE,None,0,PULL,ENABLED,UNFUSED_BOOLMAP,BITMAP,1.8492588996887207,0.010574
soc-LiveJournal1,DISABLED,TWCE,None,0,PULL,ENABLED,UNFUSED_BOOLMAP,BITMAP,8.676978349685669,0.024831
orkut-links,DISABLED,TWCE,None,0,PULL,ENABLED,UNFUSED_BOOLMAP,BITMAP,15.633101463317871,0.024507
roadNet-CA,DISABLED,TWCE,None,0,PULL,ENABLED,UNFUSED_BOOLMAP,BITMAP,1.4177122116088867,0.11349
youtube-u-growth,DISABLED,WM,None,0,PUSH,ENABLED,FUSED,None,0.3922402858734131,0.009839
dblp_coauthor,DISABLED,WM,None,0,PUSH,ENABLED,FUSED,None,0.37033772468566895,0.002885
soc-LiveJournal1,DISABLED,WM,None,0,PUSH,ENABLED,FUSED,None,0.9171421527862549,0.009794
orkut-links,DISABLED,WM,None,0,PUSH,ENABLED,FUSED,None,1.3836078643798828,0.015042
roadNet-CA,DISABLED,WM,None,0,PUSH,ENABLED,FUSED,None,0.3502023220062256,0.012348
youtube-u-growth,ENABLED,TWC,None,0,PULL,DISABLED,UNFUSED_BOOLMAP,BITMAP,0.917503833770752,0.001285
dblp_coauthor,ENABLED,TWC,None,0,PULL,DISABLED,UNFUSED_BOOLMAP,BITMAP,1.842026710510254,0.009167
soc-LiveJournal1,ENABLED,TWC,None,0,PULL,DISABLED,UNFUSED_BOOLMAP,BITMAP,8.511031866073608,0.03111
orkut-links,ENABLED,TWC,None,0,PULL,DISABLED,UNFUSED_BOOLMAP,BITMAP,15.20604395866394,0.006855
roadNet-CA,ENABLED,TWC,None,0,PULL,DISABLED,UNFUSED_BOOLMAP,BITMAP,0.3018481731414795,0.000443
youtube-u-growth,ENABLED,WM,None,0,PUSH,DISABLED,FUSED,None,0.4758427143096924,0.015777
dblp_coauthor,ENABLED,WM,None,0,PUSH,DISABLED,FUSED,None,0.3831779956817627,0.005424
soc-LiveJournal1,ENABLED,WM,None,0,PUSH,DISABLED,FUSED,None,1.0218398571014404,0.017376
orkut-links,ENABLED,WM,None,0,PUSH,DISABLED,FUSED,None,1.681154489517212,0.037561
roadNet-CA,ENABLED,WM,None,0,PUSH,DISABLED,FUSED,None,0.30780911445617676,0.00832
youtube-u-growth,ENABLED,CM,None,0,PULL,DISABLED,UNFUSED_BITMAP,BITMAP,0.9145915508270264,0.00117
dblp_coauthor,ENABLED,CM,None,0,PULL,DISABLED,UNFUSED_BITMAP,BITMAP,1.753436803817749,0.006197
soc-LiveJournal1,ENABLED,CM,None,0,PULL,DISABLED,UNFUSED_BITMAP,BITMAP,8.129207372665405,0.018626
orkut-links,ENABLED,CM,None,0,PULL,DISABLED,UNFUSED_BITMAP,BITMAP,15.495360851287842,0.005828
roadNet-CA,ENABLED,CM,None,0,PULL,DISABLED,UNFUSED_BITMAP,BITMAP,0.3092532157897949,0.000404
youtube-u-growth,DISABLED,TWC,None,0,PUSH,ENABLED,UNFUSED_BOOLMAP,None,0.3278164863586426,0.003677
dblp_coauthor,DISABLED,TWC,None,0,PUSH,ENABLED,UNFUSED_BOOLMAP,None,0.36052513122558594,0.003332
soc-LiveJournal1,DISABLED,TWC,None,0,PUSH,ENABLED,UNFUSED_BOOLMAP,None,0.9374103546142578,0.012144
orkut-links,DISABLED,TWC,None,0,PUSH,ENABLED,UNFUSED_BOOLMAP,None,1.3268680572509766,0.009726
roadNet-CA,DISABLED,TWC,None,0,PUSH,ENABLED,UNFUSED_BOOLMAP,None,0.3967452049255371,0.018483
youtube-u-growth,DISABLED,TWCE,None,0,PULL,ENABLED,FUSED,BITMAP,1.1443939208984375,0.019422
dblp_coauthor,DISABLED,TWCE,None,0,PULL,ENABLED,FUSED,BITMAP,2.158348560333252,0.011079
soc-LiveJournal1,DISABLED,TWCE,None,0,PULL,ENABLED,FUSED,BITMAP,9.076303720474243,0.024829
orkut-links,DISABLED,TWCE,None,0,PULL,ENABLED,FUSED,BITMAP,15.475050687789917,0.024345
roadNet-CA,DISABLED,TWCE,None,0,PULL,ENABLED,FUSED,BITMAP,1.4167237281799316,0.110437
youtube-u-growth,DISABLED,CM,None,0,PULL,DISABLED,UNFUSED_BITMAP,BOOLMAP,1.0321455001831055,0.007233
dblp_coauthor,DISABLED,CM,None,0,PULL,DISABLED,UNFUSED_BITMAP,BOOLMAP,1.782531499862671,0.004939
soc-LiveJournal1,DISABLED,CM,None,0,PULL,DISABLED,UNFUSED_BITMAP,BOOLMAP,8.354365110397339,0.018367
orkut-links,DISABLED,CM,None,0,PULL,DISABLED,UNFUSED_BITMAP,BOOLMAP,15.28917121887207,0.020989
roadNet-CA,DISABLED,CM,None,0,PULL,DISABLED,UNFUSED_BITMAP,BOOLMAP,0.7784266471862793,0.043154
youtube-u-growth,DISABLED,TWCE,None,0,PULL,DISABLED,UNFUSED_BOOLMAP,BITMAP,1.1257121562957764,0.016743
dblp_coauthor,DISABLED,TWCE,None,0,PULL,DISABLED,UNFUSED_BOOLMAP,BITMAP,1.8732731342315674,0.010558
soc-LiveJournal1,DISABLED,TWCE,None,0,PULL,DISABLED,UNFUSED_BOOLMAP,BITMAP,8.122968912124634,0.02586
orkut-links,DISABLED,TWCE,None,0,PULL,DISABLED,UNFUSED_BOOLMAP,BITMAP,15.901518106460571,0.027043
roadNet-CA,DISABLED,TWCE,None,0,PULL,DISABLED,UNFUSED_BOOLMAP,BITMAP,1.4334731101989746,0.111544
youtube-u-growth,DISABLED,WM,None,0,PUSH,DISABLED,FUSED,None,0.3954284191131592,0.009844
dblp_coauthor,DISABLED,WM,None,0,PUSH,DISABLED,FUSED,None,0.35491275787353516,0.002871
soc-LiveJournal1,DISABLED,WM,None,0,PUSH,DISABLED,FUSED,None,0.9041032791137695,0.00983
orkut-links,DISABLED,WM,None,0,PUSH,DISABLED,FUSED,None,1.4319868087768555,0.014992
roadNet-CA,DISABLED,WM,None,0,PUSH,DISABLED,FUSED,None,0.3365957736968994,0.012252
youtube-u-growth,ENABLED,WM,None,0,PULL,ENABLED,UNFUSED_BITMAP,BITMAP,0.9548320770263672,0.005438
dblp_coauthor,ENABLED,WM,None,0,PULL,ENABLED,UNFUSED_BITMAP,BITMAP,1.7346761226654053,0.010751
soc-LiveJournal1,ENABLED,WM,None,0,PULL,ENABLED,UNFUSED_BITMAP,BITMAP,8.186565160751343,0.037837
orkut-links,ENABLED,WM,None,0,PULL,ENABLED,UNFUSED_BITMAP,BITMAP,15.543907642364502,0.012165
roadNet-CA,ENABLED,WM,None,0,PULL,ENABLED,UNFUSED_BITMAP,BITMAP,0.30222463607788086,0.000375
youtube-u-growth,ENABLED,CM,None,0,PULL,DISABLED,FUSED,BITMAP,0.9254815578460693,0.001169
dblp_coauthor,ENABLED,CM,None,0,PULL,DISABLED,FUSED,BITMAP,1.8050918579101562,0.006325
soc-LiveJournal1,ENABLED,CM,None,0,PULL,DISABLED,FUSED,BITMAP,8.081544637680054,0.018863
orkut-links,ENABLED,CM,None,0,PULL,DISABLED,FUSED,BITMAP,15.601136207580566,0.005289
roadNet-CA,ENABLED,CM,None,0,PULL,DISABLED,FUSED,BITMAP,0.2939164638519287,0.000388
youtube-u-growth,ENABLED,VERTEX_BASED,None,0,PUSH,ENABLED,FUSED,None,2.693828821182251,0.212756
dblp_coauthor,ENABLED,VERTEX_BASED,None,0,PUSH,ENABLED,FUSED,None,0.49920225143432617,0.014433
soc-LiveJournal1,ENABLED,VERTEX_BASED,None,0,PUSH,ENABLED,FUSED,None,1.4696147441864014,0.058456
orkut-links,ENABLED,VERTEX_BASED,None,0,PUSH,ENABLED,FUSED,None,3.275437593460083,0.172696
roadNet-CA,ENABLED,VERTEX_BASED,None,0,PUSH,ENABLED,FUSED,None,0.3407764434814453,0.009421
youtube-u-growth,DISABLED,CM,None,0,PULL,ENABLED,UNFUSED_BITMAP,BOOLMAP,1.0169668197631836,0.007224
dblp_coauthor,DISABLED,CM,None,0,PULL,ENABLED,UNFUSED_BITMAP,BOOLMAP,1.6733145713806152,0.004986
soc-LiveJournal1,DISABLED,CM,None,0,PULL,ENABLED,UNFUSED_BITMAP,BOOLMAP,8.10703158378601,0.01868
orkut-links,DISABLED,CM,None,0,PULL,ENABLED,UNFUSED_BITMAP,BOOLMAP,17.477591514587402,0.020058
roadNet-CA,DISABLED,CM,None,0,PULL,ENABLED,UNFUSED_BITMAP,BOOLMAP,0.7468864917755127,0.04358
youtube-u-growth,ENABLED,CM,None,0,PULL,ENABLED,UNFUSED_BOOLMAP,BITMAP,0.9213004112243652,0.001177
dblp_coauthor,ENABLED,CM,None,0,PULL,ENABLED,UNFUSED_BOOLMAP,BITMAP,1.7164981365203857,0.006482
soc-LiveJournal1,ENABLED,CM,None,0,PULL,ENABLED,UNFUSED_BOOLMAP,BITMAP,8.314953804016113,0.019048
orkut-links,ENABLED,CM,None,0,PULL,ENABLED,UNFUSED_BOOLMAP,BITMAP,16.161651849746704,0.005793
roadNet-CA,ENABLED,CM,None,0,PULL,ENABLED,UNFUSED_BOOLMAP,BITMAP,0.3659062385559082,0.000431
youtube-u-growth,DISABLED,WM,None,0,PULL,ENABLED,UNFUSED_BITMAP,BOOLMAP,1.2265937328338623,0.028916
dblp_coauthor,DISABLED,WM,None,0,PULL,ENABLED,UNFUSED_BITMAP,BOOLMAP,2.2283082008361816,0.006961
soc-LiveJournal1,DISABLED,WM,None,0,PULL,ENABLED,UNFUSED_BITMAP,BOOLMAP,8.213537454605103,0.028279
orkut-links,DISABLED,WM,None,0,PULL,ENABLED,UNFUSED_BITMAP,BOOLMAP,16.145316123962402,0.02309
roadNet-CA,DISABLED,WM,None,0,PULL,ENABLED,UNFUSED_BITMAP,BOOLMAP,0.6965556144714355,0.039295
youtube-u-growth,ENABLED,VERTEX_BASED,None,0,PULL,DISABLED,UNFUSED_BITMAP,BITMAP,1.9981565475463867,0.097592
dblp_coauthor,ENABLED,VERTEX_BASED,None,0,PULL,DISABLED,UNFUSED_BITMAP,BITMAP,2.1103932857513428,0.032465
soc-LiveJournal1,ENABLED,VERTEX_BASED,None,0,PULL,DISABLED,UNFUSED_BITMAP,BITMAP,10.052543878555298,0.163983
orkut-links,ENABLED,VERTEX_BASED,None,0,PULL,DISABLED,UNFUSED_BITMAP,BITMAP,16.043086051940918,0.057907
roadNet-CA,ENABLED,VERTEX_BASED,None,0,PULL,DISABLED,UNFUSED_BITMAP,BITMAP,0.3054356575012207,0.000366
youtube-u-growth,ENABLED,WM,None,0,PULL,ENABLED,FUSED,BITMAP,0.9728832244873047,0.0055
dblp_coauthor,ENABLED,WM,None,0,PULL,ENABLED,FUSED,BITMAP,1.8895666599273682,0.010999
soc-LiveJournal1,ENABLED,WM,None,0,PULL,ENABLED,FUSED,BITMAP,8.577896118164062,0.038031
orkut-links,ENABLED,WM,None,0,PULL,ENABLED,FUSED,BITMAP,15.611716985702515,0.012095
roadNet-CA,ENABLED,WM,None,0,PULL,ENABLED,FUSED,BITMAP,0.3003687858581543,0.000351
youtube-u-growth,ENABLED,TWCE,None,0,PULL,ENABLED,UNFUSED_BOOLMAP,BITMAP,0.9309048652648926,0.002412
dblp_coauthor,ENABLED,TWCE,None,0,PULL,ENABLED,UNFUSED_BOOLMAP,BITMAP,1.868318796157837,0.013348
soc-LiveJournal1,ENABLED,TWCE,None,0,PULL,ENABLED,UNFUSED_BOOLMAP,BITMAP,8.696313858032227,0.03727
orkut-links,ENABLED,TWCE,None,0,PULL,ENABLED,UNFUSED_BOOLMAP,BITMAP,15.798606157302856,0.009219
roadNet-CA,ENABLED,TWCE,None,0,PULL,ENABLED,UNFUSED_BOOLMAP,BITMAP,0.3052675724029541,0.000803
youtube-u-growth,ENABLED,TWC,None,0,PUSH,ENABLED,UNFUSED_BOOLMAP,None,0.33467674255371094,0.004166
dblp_coauthor,ENABLED,TWC,None,0,PUSH,ENABLED,UNFUSED_BOOLMAP,None,0.367828369140625,0.003814
soc-LiveJournal1,ENABLED,TWC,None,0,PUSH,ENABLED,UNFUSED_BOOLMAP,None,0.9605638980865479,0.014257
orkut-links,ENABLED,TWC,None,0,PUSH,ENABLED,UNFUSED_BOOLMAP,None,1.477846384048462,0.014163
roadNet-CA,ENABLED,TWC,None,0,PUSH,ENABLED,UNFUSED_BOOLMAP,None,0.3374192714691162,0.01322
youtube-u-growth,ENABLED,TWCE,None,0,PUSH,DISABLED,FUSED,None,0.39045095443725586,0.009652
dblp_coauthor,ENABLED,TWCE,None,0,PUSH,DISABLED,FUSED,None,0.3994719982147217,0.006468
soc-LiveJournal1,ENABLED,TWCE,None,0,PUSH,DISABLED,FUSED,None,1.0275328159332275,0.018681
orkut-links,ENABLED,TWCE,None,0,PUSH,DISABLED,FUSED,None,1.4988102912902832,0.020955
roadNet-CA,ENABLED,TWCE,None,0,PUSH,DISABLED,FUSED,None,0.36716270446777344,0.014834
youtube-u-growth,DISABLED,VERTEX_BASED,None,0,PULL,DISABLED,UNFUSED_BITMAP,BITMAP,2.8975906372070312,0.182568
dblp_coauthor,DISABLED,VERTEX_BASED,None,0,PULL,DISABLED,UNFUSED_BITMAP,BITMAP,1.8917951583862305,0.012138
soc-LiveJournal1,DISABLED,VERTEX_BASED,None,0,PULL,DISABLED,UNFUSED_BITMAP,BITMAP,8.642112493515015,0.048882
orkut-links,DISABLED,VERTEX_BASED,None,0,PULL,DISABLED,UNFUSED_BITMAP,BITMAP,15.523299932479858,0.04225
roadNet-CA,DISABLED,VERTEX_BASED,None,0,PULL,DISABLED,UNFUSED_BITMAP,BITMAP,0.6358098983764648,0.033296
youtube-u-growth,DISABLED,CM,None,0,PULL,DISABLED,UNFUSED_BITMAP,BITMAP,1.0213863849639893,0.007213
dblp_coauthor,DISABLED,CM,None,0,PULL,DISABLED,UNFUSED_BITMAP,BITMAP,1.8177013397216797,0.00451
soc-LiveJournal1,DISABLED,CM,None,0,PULL,DISABLED,UNFUSED_BITMAP,BITMAP,9.640296459197998,0.012991
orkut-links,DISABLED,CM,None,0,PULL,DISABLED,UNFUSED_BITMAP,BITMAP,15.98117995262146,0.01613
roadNet-CA,DISABLED,CM,None,0,PULL,DISABLED,UNFUSED_BITMAP,BITMAP,0.697174072265625,0.039266
youtube-u-growth,DISABLED,CM,None,0,PUSH,DISABLED,UNFUSED_BOOLMAP,None,0.3682746887207031,0.003791
dblp_coauthor,DISABLED,CM,None,0,PUSH,DISABLED,UNFUSED_BOOLMAP,None,0.3626270294189453,0.002187
soc-LiveJournal1,DISABLED,CM,None,0,PUSH,DISABLED,UNFUSED_BOOLMAP,None,0.9382567405700684,0.007597
orkut-links,DISABLED,CM,None,0,PUSH,DISABLED,UNFUSED_BOOLMAP,None,1.43174147605896,0.010022
roadNet-CA,DISABLED,CM,None,0,PUSH,DISABLED,UNFUSED_BOOLMAP,None,0.3583993911743164,0.015046
youtube-u-growth,ENABLED,TWC,None,0,PUSH,DISABLED,FUSED,None,0.3731839656829834,0.007266
dblp_coauthor,ENABLED,TWC,None,0,PUSH,DISABLED,FUSED,None,0.4270751476287842,0.008057
soc-LiveJournal1,ENABLED,TWC,None,0,PUSH,DISABLED,FUSED,None,1.195028305053711,0.032333
orkut-links,ENABLED,TWC,None,0,PUSH,DISABLED,FUSED,None,1.661217451095581,0.033133
roadNet-CA,ENABLED,TWC,None,0,PUSH,DISABLED,FUSED,None,0.31012940406799316,0.010014
youtube-u-growth,DISABLED,WM,None,0,PULL,DISABLED,UNFUSED_BITMAP,BITMAP,1.205002784729004,0.027169
dblp_coauthor,DISABLED,WM,None,0,PULL,DISABLED,UNFUSED_BITMAP,BITMAP,1.835404396057129,0.006211
soc-LiveJournal1,DISABLED,WM,None,0,PULL,DISABLED,UNFUSED_BITMAP,BITMAP,8.660515069961548,0.021919
orkut-links,DISABLED,WM,None,0,PULL,DISABLED,UNFUSED_BITMAP,BITMAP,15.850197076797485,0.018778
roadNet-CA,DISABLED,WM,None,0,PULL,DISABLED,UNFUSED_BITMAP,BITMAP,0.6626288890838623,0.034545
youtube-u-growth,ENABLED,WM,None,0,PUSH,DISABLED,UNFUSED_BITMAP,None,0.4166874885559082,0.012127
dblp_coauthor,ENABLED,WM,None,0,PUSH,DISABLED,UNFUSED_BITMAP,None,0.36920928955078125,0.002957
soc-LiveJournal1,ENABLED,WM,None,0,PUSH,DISABLED,UNFUSED_BITMAP,None,0.9502205848693848,0.011626
orkut-links,ENABLED,WM,None,0,PUSH,DISABLED,UNFUSED_BITMAP,None,1.4758353233337402,0.021354
roadNet-CA,ENABLED,WM,None,0,PUSH,DISABLED,UNFUSED_BITMAP,None,0.32569360733032227,0.011189
youtube-u-growth,ENABLED,TWC,None,0,PULL,DISABLED,UNFUSED_BITMAP,BOOLMAP,0.9225025177001953,0.001406
dblp_coauthor,ENABLED,TWC,None,0,PULL,DISABLED,UNFUSED_BITMAP,BOOLMAP,1.7861268520355225,0.009828
soc-LiveJournal1,ENABLED,TWC,None,0,PULL,DISABLED,UNFUSED_BITMAP,BOOLMAP,8.77588415145874,0.037162
orkut-links,ENABLED,TWC,None,0,PULL,DISABLED,UNFUSED_BITMAP,BOOLMAP,15.573524951934814,0.00899
roadNet-CA,ENABLED,TWC,None,0,PULL,DISABLED,UNFUSED_BITMAP,BOOLMAP,0.31193065643310547,0.000411
youtube-u-growth,DISABLED,TWCE,None,0,PUSH,DISABLED,UNFUSED_BITMAP,None,0.3424861431121826,0.004981
dblp_coauthor,DISABLED,TWCE,None,0,PUSH,DISABLED,UNFUSED_BITMAP,None,0.360492467880249,0.00356
soc-LiveJournal1,DISABLED,TWCE,None,0,PUSH,DISABLED,UNFUSED_BITMAP,None,0.9369769096374512,0.010886
orkut-links,DISABLED,TWCE,None,0,PUSH,DISABLED,UNFUSED_BITMAP,None,1.3758361339569092,0.009911
roadNet-CA,DISABLED,TWCE,None,0,PUSH,DISABLED,UNFUSED_BITMAP,None,0.40218448638916016,0.019376
youtube-u-growth,DISABLED,CM,None,0,PUSH,ENABLED,FUSED,None,0.33257055282592773,0.004043
dblp_coauthor,DISABLED,CM,None,0,PUSH,ENABLED,FUSED,None,0.34970760345458984,0.002477
soc-LiveJournal1,DISABLED,CM,None,0,PUSH,ENABLED,FUSED,None,0.9134516716003418,0.008362
orkut-links,DISABLED,CM,None,0,PUSH,ENABLED,FUSED,None,1.515892744064331,0.011169
roadNet-CA,DISABLED,CM,None,0,PUSH,ENABLED,FUSED,None,0.32382917404174805,0.012099
youtube-u-growth,ENABLED,VERTEX_BASED,None,0,PUSH,DISABLED,UNFUSED_BITMAP,None,2.044105052947998,0.165983
dblp_coauthor,ENABLED,VERTEX_BASED,None,0,PUSH,DISABLED,UNFUSED_BITMAP,None,0.45356297492980957,0.007723
soc-LiveJournal1,ENABLED,VERTEX_BASED,None,0,PUSH,DISABLED,UNFUSED_BITMAP,None,1.3049778938293457,0.038418
orkut-links,ENABLED,VERTEX_BASED,None,0,PUSH,DISABLED,UNFUSED_BITMAP,None,2.4363481998443604,0.107346
roadNet-CA,ENABLED,VERTEX_BASED,None,0,PUSH,DISABLED,UNFUSED_BITMAP,None,0.36584043502807617,0.011794
youtube-u-growth,ENABLED,TWC,None,0,PULL,ENABLED,UNFUSED_BOOLMAP,BITMAP,0.9720990657806396,0.001301
dblp_coauthor,ENABLED,TWC,None,0,PULL,ENABLED,UNFUSED_BOOLMAP,BITMAP,2.162762403488159,0.009161
soc-LiveJournal1,ENABLED,TWC,None,0,PULL,ENABLED,UNFUSED_BOOLMAP,BITMAP,8.335668325424194,0.032414
orkut-links,ENABLED,TWC,None,0,PULL,ENABLED,UNFUSED_BOOLMAP,BITMAP,16.90049171447754,0.00685
roadNet-CA,ENABLED,TWC,None,0,PULL,ENABLED,UNFUSED_BOOLMAP,BITMAP,0.29800939559936523,0.000445
youtube-u-growth,ENABLED,CM,None,0,PUSH,DISABLED,FUSED,None,0.3578517436981201,0.006212
dblp_coauthor,ENABLED,CM,None,0,PUSH,DISABLED,FUSED,None,0.380936861038208,0.004027
soc-LiveJournal1,ENABLED,CM,None,0,PUSH,DISABLED,FUSED,None,0.9400808811187744,0.011758
orkut-links,ENABLED,CM,None,0,PUSH,DISABLED,FUSED,None,1.5158209800720215,0.024221
roadNet-CA,ENABLED,CM,None,0,PUSH,DISABLED,FUSED,None,0.3028123378753662,0.009052
youtube-u-growth,ENABLED,CM,None,0,PULL,ENABLED,UNFUSED_BITMAP,BOOLMAP,0.943021297454834,0.001302
dblp_coauthor,ENABLED,CM,None,0,PULL,ENABLED,UNFUSED_BITMAP,BOOLMAP,1.7639777660369873,0.006795
soc-LiveJournal1,ENABLED,CM,None,0,PULL,ENABLED,UNFUSED_BITMAP,BOOLMAP,8.318748950958252,0.023827
orkut-links,ENABLED,CM,None,0,PULL,ENABLED,UNFUSED_BITMAP,BOOLMAP,15.418628454208374,0.007101
roadNet-CA,ENABLED,CM,None,0,PULL,ENABLED,UNFUSED_BITMAP,BOOLMAP,0.30533909797668457,0.000373
youtube-u-growth,DISABLED,VERTEX_BASED,None,0,PUSH,ENABLED,FUSED,None,0.9457998275756836,0.062817
dblp_coauthor,DISABLED,VERTEX_BASED,None,0,PUSH,ENABLED,FUSED,None,0.4146120548248291,0.007893
soc-LiveJournal1,DISABLED,VERTEX_BASED,None,0,PUSH,ENABLED,FUSED,None,1.2185559272766113,0.036195
orkut-links,DISABLED,VERTEX_BASED,None,0,PUSH,ENABLED,FUSED,None,1.9263789653778076,0.061743
roadNet-CA,DISABLED,VERTEX_BASED,None,0,PUSH,ENABLED,FUSED,None,0.38756322860717773,0.014182
youtube-u-growth,ENABLED,VERTEX_BASED,None,0,PULL,ENABLED,UNFUSED_BITMAP,BOOLMAP,2.058122158050537,0.103038
dblp_coauthor,ENABLED,VERTEX_BASED,None,0,PULL,ENABLED,UNFUSED_BITMAP,BOOLMAP,2.106153964996338,0.034754
soc-LiveJournal1,ENABLED,VERTEX_BASED,None,0,PULL,ENABLED,UNFUSED_BITMAP,BOOLMAP,9.793704748153687,0.159352
orkut-links,ENABLED,VERTEX_BASED,None,0,PULL,ENABLED,UNFUSED_BITMAP,BOOLMAP,15.57083511352539,0.056695
roadNet-CA,ENABLED,VERTEX_BASED,None,0,PULL,ENABLED,UNFUSED_BITMAP,BOOLMAP,0.30819129943847656,0.000333
youtube-u-growth,ENABLED,TWC,None,0,PULL,DISABLED,UNFUSED_BOOLMAP,BOOLMAP,0.9169571399688721,0.001353
dblp_coauthor,ENABLED,TWC,None,0,PULL,DISABLED,UNFUSED_BOOLMAP,BOOLMAP,1.8604230880737305,0.009498
soc-LiveJournal1,ENABLED,TWC,None,0,PULL,DISABLED,UNFUSED_BOOLMAP,BOOLMAP,8.612127780914307,0.036978
orkut-links,ENABLED,TWC,None,0,PULL,DISABLED,UNFUSED_BOOLMAP,BOOLMAP,15.524829626083374,0.00908
roadNet-CA,ENABLED,TWC,None,0,PULL,DISABLED,UNFUSED_BOOLMAP,BOOLMAP,0.2974250316619873,0.000421
youtube-u-growth,DISABLED,VERTEX_BASED,None,0,PULL,ENABLED,UNFUSED_BOOLMAP,BITMAP,2.9896457195281982,0.197163
dblp_coauthor,DISABLED,VERTEX_BASED,None,0,PULL,ENABLED,UNFUSED_BOOLMAP,BITMAP,1.8907756805419922,0.012472
soc-LiveJournal1,DISABLED,VERTEX_BASED,None,0,PULL,ENABLED,UNFUSED_BOOLMAP,BITMAP,8.610145807266235,0.049911
orkut-links,DISABLED,VERTEX_BASED,None,0,PULL,ENABLED,UNFUSED_BOOLMAP,BITMAP,15.346598386764526,0.038843
roadNet-CA,DISABLED,VERTEX_BASED,None,0,PULL,ENABLED,UNFUSED_BOOLMAP,BITMAP,0.67844557762146,0.037739
youtube-u-growth,ENABLED,VERTEX_BASED,None,0,PUSH,DISABLED,FUSED,None,2.580948829650879,0.199477
dblp_coauthor,ENABLED,VERTEX_BASED,None,0,PUSH,DISABLED,FUSED,None,0.5124368667602539,0.014039
soc-LiveJournal1,ENABLED,VERTEX_BASED,None,0,PUSH,DISABLED,FUSED,None,1.489107608795166,0.059272
orkut-links,ENABLED,VERTEX_BASED,None,0,PUSH,DISABLED,FUSED,None,3.5155460834503174,0.201289
roadNet-CA,ENABLED,VERTEX_BASED,None,0,PUSH,DISABLED,FUSED,None,0.3415818214416504,0.009461
youtube-u-growth,DISABLED,CM,None,0,PULL,ENABLED,UNFUSED_BOOLMAP,BOOLMAP,1.0026354789733887,0.006793
dblp_coauthor,DISABLED,CM,None,0,PULL,ENABLED,UNFUSED_BOOLMAP,BOOLMAP,1.990427017211914,0.004799
soc-LiveJournal1,DISABLED,CM,None,0,PULL,ENABLED,UNFUSED_BOOLMAP,BOOLMAP,8.206008434295654,0.016875
orkut-links,DISABLED,CM,None,0,PULL,ENABLED,UNFUSED_BOOLMAP,BOOLMAP,15.578876972198486,0.020994
roadNet-CA,DISABLED,CM,None,0,PULL,ENABLED,UNFUSED_BOOLMAP,BOOLMAP,0.694415807723999,0.039121
youtube-u-growth,ENABLED,TWCE,None,0,PULL,DISABLED,UNFUSED_BITMAP,BOOLMAP,0.9344582557678223,0.002628
dblp_coauthor,ENABLED,TWCE,None,0,PULL,DISABLED,UNFUSED_BITMAP,BOOLMAP,1.8538131713867188,0.015427
soc-LiveJournal1,ENABLED,TWCE,None,0,PULL,DISABLED,UNFUSED_BITMAP,BOOLMAP,8.835748672485352,0.048512
orkut-links,ENABLED,TWCE,None,0,PULL,DISABLED,UNFUSED_BITMAP,BOOLMAP,15.649638652801514,0.011544
roadNet-CA,ENABLED,TWCE,None,0,PULL,DISABLED,UNFUSED_BITMAP,BOOLMAP,0.36504292488098145,0.000783
youtube-u-growth,ENABLED,TWCE,None,0,PUSH,DISABLED,UNFUSED_BOOLMAP,None,0.38576555252075195,0.007462
dblp_coauthor,ENABLED,TWCE,None,0,PUSH,DISABLED,UNFUSED_BOOLMAP,None,0.45412302017211914,0.004716
soc-LiveJournal1,ENABLED,TWCE,None,0,PUSH,DISABLED,UNFUSED_BOOLMAP,None,0.9638628959655762,0.0147
orkut-links,ENABLED,TWCE,None,0,PUSH,DISABLED,UNFUSED_BOOLMAP,None,1.4883153438568115,0.016186
roadNet-CA,ENABLED,TWCE,None,0,PUSH,DISABLED,UNFUSED_BOOLMAP,None,0.3896946907043457,0.019095
youtube-u-growth,DISABLED,VERTEX_BASED,None,0,PUSH,ENABLED,UNFUSED_BITMAP,None,0.9429047107696533,0.064499
dblp_coauthor,DISABLED,VERTEX_BASED,None,0,PUSH,ENABLED,UNFUSED_BITMAP,None,0.38097524642944336,0.004408
soc-LiveJournal1,DISABLED,VERTEX_BASED,None,0,PUSH,ENABLED,UNFUSED_BITMAP,None,1.0601027011871338,0.021238
orkut-links,DISABLED,VERTEX_BASED,None,0,PUSH,ENABLED,UNFUSED_BITMAP,None,1.7808401584625244,0.043296
roadNet-CA,DISABLED,VERTEX_BASED,None,0,PUSH,ENABLED,UNFUSED_BITMAP,None,0.40274572372436523,0.015491
youtube-u-growth,DISABLED,TWCE,None,0,PUSH,ENABLED,UNFUSED_BOOLMAP,None,0.3406357765197754,0.004944
dblp_coauthor,DISABLED,TWCE,None,0,PUSH,ENABLED,UNFUSED_BOOLMAP,None,0.3714742660522461,0.003708
soc-LiveJournal1,DISABLED,TWCE,None,0,PUSH,ENABLED,UNFUSED_BOOLMAP,None,0.9621610641479492,0.011072
orkut-links,DISABLED,TWCE,None,0,PUSH,ENABLED,UNFUSED_BOOLMAP,None,1.3042538166046143,0.009921
roadNet-CA,DISABLED,TWCE,None,0,PUSH,ENABLED,UNFUSED_BOOLMAP,None,0.4116644859313965,0.019514
youtube-u-growth,ENABLED,VERTEX_BASED,None,0,PUSH,ENABLED,UNFUSED_BOOLMAP,None,2.044382333755493,0.167413
dblp_coauthor,ENABLED,VERTEX_BASED,None,0,PUSH,ENABLED,UNFUSED_BOOLMAP,None,0.44939136505126953,0.008049
soc-LiveJournal1,ENABLED,VERTEX_BASED,None,0,PUSH,ENABLED,UNFUSED_BOOLMAP,None,1.26171875,0.039848
orkut-links,ENABLED,VERTEX_BASED,None,0,PUSH,ENABLED,UNFUSED_BOOLMAP,None,2.4844329357147217,0.098815
roadNet-CA,ENABLED,VERTEX_BASED,None,0,PUSH,ENABLED,UNFUSED_BOOLMAP,None,0.3734438419342041,0.012241
youtube-u-growth,ENABLED,VERTEX_BASED,None,0,PULL,DISABLED,FUSED,BITMAP,1.7957923412322998,0.086543
dblp_coauthor,ENABLED,VERTEX_BASED,None,0,PULL,DISABLED,FUSED,BITMAP,2.0420756340026855,0.029771
soc-LiveJournal1,ENABLED,VERTEX_BASED,None,0,PULL,DISABLED,FUSED,BITMAP,10.93626093864441,0.139189
orkut-links,ENABLED,VERTEX_BASED,None,0,PULL,DISABLED,FUSED,BITMAP,16.157979726791382,0.052257
roadNet-CA,ENABLED,VERTEX_BASED,None,0,PULL,DISABLED,FUSED,BITMAP,0.2930636405944824,0.000339
youtube-u-growth,DISABLED,WM,None,0,PULL,DISABLED,UNFUSED_BITMAP,BOOLMAP,1.2244713306427002,0.028972
dblp_coauthor,DISABLED,WM,None,0,PULL,DISABLED,UNFUSED_BITMAP,BOOLMAP,1.8033311367034912,0.006972
soc-LiveJournal1,DISABLED,WM,None,0,PULL,DISABLED,UNFUSED_BITMAP,BOOLMAP,8.186747312545776,0.028238
orkut-links,DISABLED,WM,None,0,PULL,DISABLED,UNFUSED_BITMAP,BOOLMAP,16.689114332199097,0.021305
roadNet-CA,DISABLED,WM,None,0,PULL,DISABLED,UNFUSED_BITMAP,BOOLMAP,0.6855642795562744,0.038964
youtube-u-growth,ENABLED,TWCE,None,0,PULL,DISABLED,UNFUSED_BOOLMAP,BOOLMAP,0.9407777786254883,0.002594
dblp_coauthor,ENABLED,TWCE,None,0,PULL,DISABLED,UNFUSED_BOOLMAP,BOOLMAP,1.864447832107544,0.014294
soc-LiveJournal1,ENABLED,TWCE,None,0,PULL,DISABLED,UNFUSED_BOOLMAP,BOOLMAP,8.580117464065552,0.045541
orkut-links,ENABLED,TWCE,None,0,PULL,DISABLED,UNFUSED_BOOLMAP,BOOLMAP,15.444515705108643,0.011248
roadNet-CA,ENABLED,TWCE,None,0,PULL,DISABLED,UNFUSED_BOOLMAP,BOOLMAP,0.3119027614593506,0.000755
youtube-u-growth,ENABLED,VERTEX_BASED,None,0,PULL,ENABLED,UNFUSED_BITMAP,BITMAP,1.950573205947876,0.098447
dblp_coauthor,ENABLED,VERTEX_BASED,None,0,PULL,ENABLED,UNFUSED_BITMAP,BITMAP,2.0498363971710205,0.031174
soc-LiveJournal1,ENABLED,VERTEX_BASED,None,0,PULL,ENABLED,UNFUSED_BITMAP,BITMAP,9.809808254241943,0.156196
orkut-links,ENABLED,VERTEX_BASED,None,0,PULL,ENABLED,UNFUSED_BITMAP,BITMAP,16.29145836830139,0.056367
roadNet-CA,ENABLED,VERTEX_BASED,None,0,PULL,ENABLED,UNFUSED_BITMAP,BITMAP,0.3198730945587158,0.000367
youtube-u-growth,DISABLED,WM,None,0,PULL,DISABLED,UNFUSED_BOOLMAP,BITMAP,1.216944694519043,0.027661
dblp_coauthor,DISABLED,WM,None,0,PULL,DISABLED,UNFUSED_BOOLMAP,BITMAP,1.8038337230682373,0.006536
soc-LiveJournal1,DISABLED,WM,None,0,PULL,DISABLED,UNFUSED_BOOLMAP,BITMAP,8.0958411693573,0.023557
orkut-links,DISABLED,WM,None,0,PULL,DISABLED,UNFUSED_BOOLMAP,BITMAP,15.791414260864258,0.019615
roadNet-CA,DISABLED,WM,None,0,PULL,DISABLED,UNFUSED_BOOLMAP,BITMAP,0.709317684173584,0.038731
youtube-u-growth,ENABLED,TWCE,None,0,PULL,DISABLED,FUSED,BOOLMAP,0.9385225772857666,0.002654
dblp_coauthor,ENABLED,TWCE,None,0,PULL,DISABLED,FUSED,BOOLMAP,1.8679981231689453,0.01471
soc-LiveJournal1,ENABLED,TWCE,None,0,PULL,DISABLED,FUSED,BOOLMAP,8.337820768356323,0.046085
orkut-links,ENABLED,TWCE,None,0,PULL,DISABLED,FUSED,BOOLMAP,18.22897243499756,0.01103
roadNet-CA,ENABLED,TWCE,None,0,PULL,DISABLED,FUSED,BOOLMAP,0.31561970710754395,0.000717
youtube-u-growth,ENABLED,TWCE,None,0,PULL,DISABLED,UNFUSED_BITMAP,BITMAP,0.9478969573974609,0.002328
dblp_coauthor,ENABLED,TWCE,None,0,PULL,DISABLED,UNFUSED_BITMAP,BITMAP,1.841078281402588,0.012634
soc-LiveJournal1,ENABLED,TWCE,None,0,PULL,DISABLED,UNFUSED_BITMAP,BITMAP,8.602306127548218,0.03535
orkut-links,ENABLED,TWCE,None,0,PULL,DISABLED,UNFUSED_BITMAP,BITMAP,15.588497400283813,0.009001
roadNet-CA,ENABLED,TWCE,None,0,PULL,DISABLED,UNFUSED_BITMAP,BITMAP,0.3149538040161133,0.000799
youtube-u-growth,DISABLED,WM,None,0,PULL,DISABLED,FUSED,BOOLMAP,1.22222900390625,0.02899
dblp_coauthor,DISABLED,WM,None,0,PULL,DISABLED,FUSED,BOOLMAP,1.827141523361206,0.007077
soc-LiveJournal1,DISABLED,WM,None,0,PULL,DISABLED,FUSED,BOOLMAP,8.13367486000061,0.029104
orkut-links,DISABLED,WM,None,0,PULL,DISABLED,FUSED,BOOLMAP,15.72401237487793,0.021375
roadNet-CA,DISABLED,WM,None,0,PULL,DISABLED,FUSED,BOOLMAP,0.6998672485351562,0.038587
youtube-u-growth,ENABLED,TWCE,None,0,PUSH,DISABLED,UNFUSED_BITMAP,None,0.3621957302093506,0.007247
dblp_coauthor,ENABLED,TWCE,None,0,PUSH,DISABLED,UNFUSED_BITMAP,None,0.37226319313049316,0.004509
soc-LiveJournal1,ENABLED,TWCE,None,0,PUSH,DISABLED,UNFUSED_BITMAP,None,0.9696488380432129,0.01404
orkut-links,ENABLED,TWCE,None,0,PUSH,DISABLED,UNFUSED_BITMAP,None,1.440539836883545,0.015292
roadNet-CA,ENABLED,TWCE,None,0,PUSH,DISABLED,UNFUSED_BITMAP,None,0.4024953842163086,0.018473
youtube-u-growth,DISABLED,WM,None,0,PUSH,ENABLED,UNFUSED_BOOLMAP,None,0.3926694393157959,0.009715
dblp_coauthor,DISABLED,WM,None,0,PUSH,ENABLED,UNFUSED_BOOLMAP,None,0.36396241188049316,0.002568
soc-LiveJournal1,DISABLED,WM,None,0,PUSH,ENABLED,UNFUSED_BOOLMAP,None,0.9314014911651611,0.009104
orkut-links,DISABLED,WM,None,0,PUSH,ENABLED,UNFUSED_BOOLMAP,None,1.4023818969726562,0.012886
roadNet-CA,DISABLED,WM,None,0,PUSH,ENABLED,UNFUSED_BOOLMAP,None,0.36159777641296387,0.015273
youtube-u-growth,ENABLED,VERTEX_BASED,None,0,PULL,DISABLED,UNFUSED_BOOLMAP,BOOLMAP,1.8902432918548584,0.075623
dblp_coauthor,ENABLED,VERTEX_BASED,None,0,PULL,DISABLED,UNFUSED_BOOLMAP,BOOLMAP,2.0960404872894287,0.033924
soc-LiveJournal1,ENABLED,VERTEX_BASED,None,0,PULL,DISABLED,UNFUSED_BOOLMAP,BOOLMAP,9.882344245910645,0.159945
orkut-links,ENABLED,VERTEX_BASED,None,0,PULL,DISABLED,UNFUSED_BOOLMAP,BOOLMAP,16.470026969909668,0.056162
roadNet-CA,ENABLED,VERTEX_BASED,None,0,PULL,DISABLED,UNFUSED_BOOLMAP,BOOLMAP,0.30269289016723633,0.000328
youtube-u-growth,ENABLED,TWCE,None,0,PULL,ENABLED,UNFUSED_BITMAP,BOOLMAP,0.9273109436035156,0.002688
dblp_coauthor,ENABLED,TWCE,None,0,PULL,ENABLED,UNFUSED_BITMAP,BOOLMAP,1.8834221363067627,0.015418
soc-LiveJournal1,ENABLED,TWCE,None,0,PULL,ENABLED,UNFUSED_BITMAP,BOOLMAP,9.31749939918518,0.04857
orkut-links,ENABLED,TWCE,None,0,PULL,ENABLED,UNFUSED_BITMAP,BOOLMAP,15.359228372573853,0.011775
roadNet-CA,ENABLED,TWCE,None,0,PULL,ENABLED,UNFUSED_BITMAP,BOOLMAP,0.30309462547302246,0.000813
youtube-u-growth,DISABLED,VERTEX_BASED,None,0,PULL,ENABLED,UNFUSED_BITMAP,BOOLMAP,3.344566583633423,0.23712
dblp_coauthor,DISABLED,VERTEX_BASED,None,0,PULL,ENABLED,UNFUSED_BITMAP,BOOLMAP,1.8688268661499023,0.014204
soc-LiveJournal1,DISABLED,VERTEX_BASED,None,0,PULL,ENABLED,UNFUSED_BITMAP,BOOLMAP,8.139151811599731,0.06685
orkut-links,DISABLED,VERTEX_BASED,None,0,PULL,ENABLED,UNFUSED_BITMAP,BOOLMAP,15.928953886032104,0.054068
roadNet-CA,DISABLED,VERTEX_BASED,None,0,PULL,ENABLED,UNFUSED_BITMAP,BOOLMAP,0.69342041015625,0.038265
youtube-u-growth,ENABLED,CM,None,0,PUSH,ENABLED,UNFUSED_BITMAP,None,0.33838629722595215,0.004385
dblp_coauthor,ENABLED,CM,None,0,PUSH,ENABLED,UNFUSED_BITMAP,None,0.3645517826080322,0.00242
soc-LiveJournal1,ENABLED,CM,None,0,PUSH,ENABLED,UNFUSED_BITMAP,None,0.9011754989624023,0.008488
orkut-links,ENABLED,CM,None,0,PUSH,ENABLED,UNFUSED_BITMAP,None,1.4488632678985596,0.013363
roadNet-CA,ENABLED,CM,None,0,PUSH,ENABLED,UNFUSED_BITMAP,None,0.33893823623657227,0.011996
youtube-u-growth,ENABLED,VERTEX_BASED,None,0,PULL,DISABLED,FUSED,BOOLMAP,1.835096836090088,0.088965
dblp_coauthor,ENABLED,VERTEX_BASED,None,0,PULL,DISABLED,FUSED,BOOLMAP,2.075127124786377,0.031877
soc-LiveJournal1,ENABLED,VERTEX_BASED,None,0,PULL,DISABLED,FUSED,BOOLMAP,9.314796447753906,0.140026
orkut-links,ENABLED,VERTEX_BASED,None,0,PULL,DISABLED,FUSED,BOOLMAP,15.552515745162964,0.06098
roadNet-CA,ENABLED,VERTEX_BASED,None,0,PULL,DISABLED,FUSED,BOOLMAP,0.29622721672058105,0.00031
youtube-u-growth,DISABLED,TWCE,None,0,PUSH,DISABLED,FUSED,None,0.339047908782959,0.004831
dblp_coauthor,DISABLED,TWCE,None,0,PUSH,DISABLED,FUSED,None,0.3630528450012207,0.003834
soc-LiveJournal1,DISABLED,TWCE,None,0,PUSH,DISABLED,FUSED,None,0.9691953659057617,0.011746
orkut-links,DISABLED,TWCE,None,0,PUSH,DISABLED,FUSED,None,1.4236016273498535,0.011097
roadNet-CA,DISABLED,TWCE,None,0,PUSH,DISABLED,FUSED,None,0.36653590202331543,0.015176
youtube-u-growth,ENABLED,TWC,None,0,PULL,DISABLED,UNFUSED_BITMAP,BITMAP,0.9104266166687012,0.001263
dblp_coauthor,ENABLED,TWC,None,0,PULL,DISABLED,UNFUSED_BITMAP,BITMAP,1.789635419845581,0.008862
soc-LiveJournal1,ENABLED,TWC,None,0,PULL,DISABLED,UNFUSED_BITMAP,BITMAP,8.516236543655396,0.030346
orkut-links,ENABLED,TWC,None,0,PULL,DISABLED,UNFUSED_BITMAP,BITMAP,15.595389366149902,0.007394
roadNet-CA,ENABLED,TWC,None,0,PULL,DISABLED,UNFUSED_BITMAP,BITMAP,0.32465171813964844,0.000445
youtube-u-growth,ENABLED,VERTEX_BASED,None,0,PULL,ENABLED,UNFUSED_BOOLMAP,BITMAP,1.9526004791259766,0.077597
dblp_coauthor,ENABLED,VERTEX_BASED,None,0,PULL,ENABLED,UNFUSED_BOOLMAP,BITMAP,2.0738444328308105,0.032457
soc-LiveJournal1,ENABLED,VERTEX_BASED,None,0,PULL,ENABLED,UNFUSED_BOOLMAP,BITMAP,9.717940092086792,0.156753
orkut-links,ENABLED,VERTEX_BASED,None,0,PULL,ENABLED,UNFUSED_BOOLMAP,BITMAP,16.144729614257812,0.057381
roadNet-CA,ENABLED,VERTEX_BASED,None,0,PULL,ENABLED,UNFUSED_BOOLMAP,BITMAP,0.29746460914611816,0.00037
youtube-u-growth,ENABLED,TWC,None,0,PUSH,ENABLED,UNFUSED_BITMAP,None,0.3152599334716797,0.003919
dblp_coauthor,ENABLED,TWC,None,0,PUSH,ENABLED,UNFUSED_BITMAP,None,0.37432384490966797,0.003525
soc-LiveJournal1,ENABLED,TWC,None,0,PUSH,ENABLED,UNFUSED_BITMAP,None,0.9740822315216064,0.013123
orkut-links,ENABLED,TWC,None,0,PUSH,ENABLED,UNFUSED_BITMAP,None,1.3561155796051025,0.013937
roadNet-CA,ENABLED,TWC,None,0,PUSH,ENABLED,UNFUSED_BITMAP,None,0.3444952964782715,0.013002
youtube-u-growth,ENABLED,TWCE,None,0,PUSH,ENABLED,UNFUSED_BOOLMAP,None,0.37055230140686035,0.007368
dblp_coauthor,ENABLED,TWCE,None,0,PUSH,ENABLED,UNFUSED_BOOLMAP,None,0.38611602783203125,0.004714
soc-LiveJournal1,ENABLED,TWCE,None,0,PUSH,ENABLED,UNFUSED_BOOLMAP,None,0.9993722438812256,0.014716
orkut-links,ENABLED,TWCE,None,0,PUSH,ENABLED,UNFUSED_BOOLMAP,None,1.4483752250671387,0.016233
roadNet-CA,ENABLED,TWCE,None,0,PUSH,ENABLED,UNFUSED_BOOLMAP,None,0.4177696704864502,0.019036
youtube-u-growth,ENABLED,TWC,None,0,PULL,DISABLED,FUSED,BOOLMAP,0.9087870121002197,0.001365
dblp_coauthor,ENABLED,TWC,None,0,PULL,DISABLED,FUSED,BOOLMAP,1.830479383468628,0.00985
soc-LiveJournal1,ENABLED,TWC,None,0,PULL,DISABLED,FUSED,BOOLMAP,8.359714269638062,0.037576
orkut-links,ENABLED,TWC,None,0,PULL,DISABLED,FUSED,BOOLMAP,15.85816478729248,0.008976
roadNet-CA,ENABLED,TWC,None,0,PULL,DISABLED,FUSED,BOOLMAP,0.30484676361083984,0.000401
youtube-u-growth,ENABLED,WM,None,0,PULL,ENABLED,UNFUSED_BITMAP,BOOLMAP,0.962599515914917,0.00624
dblp_coauthor,ENABLED,WM,None,0,PULL,ENABLED,UNFUSED_BITMAP,BOOLMAP,1.8610546588897705,0.011633
soc-LiveJournal1,ENABLED,WM,None,0,PULL,ENABLED,UNFUSED_BITMAP,BOOLMAP,9.17019009590149,0.042893
orkut-links,ENABLED,WM,None,0,PULL,ENABLED,UNFUSED_BITMAP,BOOLMAP,15.270486831665039,0.015504
roadNet-CA,ENABLED,WM,None,0,PULL,ENABLED,UNFUSED_BITMAP,BOOLMAP,0.3060624599456787,0.000333
youtube-u-growth,DISABLED,VERTEX_BASED,None,0,PULL,DISABLED,UNFUSED_BOOLMAP,BOOLMAP,3.3264379501342773,0.235707
dblp_coauthor,DISABLED,VERTEX_BASED,None,0,PULL,DISABLED,UNFUSED_BOOLMAP,BOOLMAP,1.8664324283599854,0.014007
soc-LiveJournal1,DISABLED,VERTEX_BASED,None,0,PULL,DISABLED,UNFUSED_BOOLMAP,BOOLMAP,8.792553663253784,0.066374
orkut-links,DISABLED,VERTEX_BASED,None,0,PULL,DISABLED,UNFUSED_BOOLMAP,BOOLMAP,17.535724639892578,0.049037
roadNet-CA,DISABLED,VERTEX_BASED,None,0,PULL,DISABLED,UNFUSED_BOOLMAP,BOOLMAP,0.6368134021759033,0.033555
youtube-u-growth,ENABLED,TWC,None,0,PULL,ENABLED,UNFUSED_BOOLMAP,BOOLMAP,0.9223134517669678,0.001337
dblp_coauthor,ENABLED,TWC,None,0,PULL,ENABLED,UNFUSED_BOOLMAP,BOOLMAP,1.8197827339172363,0.009487
soc-LiveJournal1,ENABLED,TWC,None,0,PULL,ENABLED,UNFUSED_BOOLMAP,BOOLMAP,8.482069253921509,0.037021
orkut-links,ENABLED,TWC,None,0,PULL,ENABLED,UNFUSED_BOOLMAP,BOOLMAP,15.404603719711304,0.008484
roadNet-CA,ENABLED,TWC,None,0,PULL,ENABLED,UNFUSED_BOOLMAP,BOOLMAP,0.29038190841674805,0.000403
youtube-u-growth,ENABLED,TWCE,None,0,PUSH,ENABLED,UNFUSED_BITMAP,None,0.3668088912963867,0.007288
dblp_coauthor,ENABLED,TWCE,None,0,PUSH,ENABLED,UNFUSED_BITMAP,None,0.3724212646484375,0.004501
soc-LiveJournal1,ENABLED,TWCE,None,0,PUSH,ENABLED,UNFUSED_BITMAP,None,0.9778351783752441,0.014084
orkut-links,ENABLED,TWCE,None,0,PUSH,ENABLED,UNFUSED_BITMAP,None,1.4202768802642822,0.015397
roadNet-CA,ENABLED,TWCE,None,0,PUSH,ENABLED,UNFUSED_BITMAP,None,0.40242838859558105,0.0185
youtube-u-growth,ENABLED,WM,None,0,PULL,ENABLED,UNFUSED_BOOLMAP,BOOLMAP,0.9776124954223633,0.006005
dblp_coauthor,ENABLED,WM,None,0,PULL,ENABLED,UNFUSED_BOOLMAP,BOOLMAP,1.853337287902832,0.011229
soc-LiveJournal1,ENABLED,WM,None,0,PULL,ENABLED,UNFUSED_BOOLMAP,BOOLMAP,8.720030784606934,0.041969
orkut-links,ENABLED,WM,None,0,PULL,ENABLED,UNFUSED_BOOLMAP,BOOLMAP,15.668401718139648,0.01516
roadNet-CA,ENABLED,WM,None,0,PULL,ENABLED,UNFUSED_BOOLMAP,BOOLMAP,0.3095245361328125,0.000336
youtube-u-growth,ENABLED,CM,None,0,PUSH,ENABLED,FUSED,None,0.3592531681060791,0.006303
dblp_coauthor,ENABLED,CM,None,0,PUSH,ENABLED,FUSED,None,0.3802008628845215,0.004039
soc-LiveJournal1,ENABLED,CM,None,0,PUSH,ENABLED,FUSED,None,0.967111349105835,0.01173
orkut-links,ENABLED,CM,None,0,PUSH,ENABLED,FUSED,None,1.5825278759002686,0.024325
roadNet-CA,ENABLED,CM,None,0,PUSH,ENABLED,FUSED,None,0.3056178092956543,0.009053
youtube-u-growth,DISABLED,TWC,None,0,PUSH,DISABLED,FUSED,None,0.33994412422180176,0.004517
dblp_coauthor,DISABLED,TWC,None,0,PUSH,DISABLED,FUSED,None,0.37753796577453613,0.004117
soc-LiveJournal1,DISABLED,TWC,None,0,PUSH,DISABLED,FUSED,None,0.997011661529541,0.014024
orkut-links,DISABLED,TWC,None,0,PUSH,DISABLED,FUSED,None,1.3828728199005127,0.00672
roadNet-CA,DISABLED,TWC,None,0,PUSH,DISABLED,FUSED,None,0.38463783264160156,0.016909
youtube-u-growth,ENABLED,WM,None,0,PULL,ENABLED,FUSED,BOOLMAP,0.9749281406402588,0.005926
dblp_coauthor,ENABLED,WM,None,0,PULL,ENABLED,FUSED,BOOLMAP,1.8547329902648926,0.011657
soc-LiveJournal1,ENABLED,WM,None,0,PULL,ENABLED,FUSED,BOOLMAP,8.210705995559692,0.042371
orkut-links,ENABLED,WM,None,0,PULL,ENABLED,FUSED,BOOLMAP,15.373735189437866,0.015887
roadNet-CA,ENABLED,WM,None,0,PULL,ENABLED,FUSED,BOOLMAP,0.3210911750793457,0.000319
youtube-u-growth,DISABLED,WM,None,0,PUSH,DISABLED,UNFUSED_BOOLMAP,None,0.3893711566925049,0.009678
dblp_coauthor,DISABLED,WM,None,0,PUSH,DISABLED,UNFUSED_BOOLMAP,None,0.3509039878845215,0.002531
soc-LiveJournal1,DISABLED,WM,None,0,PUSH,DISABLED,UNFUSED_BOOLMAP,None,0.9346070289611816,0.009093
orkut-links,DISABLED,WM,None,0,PUSH,DISABLED,UNFUSED_BOOLMAP,None,1.447422981262207,0.012966
roadNet-CA,DISABLED,WM,None,0,PUSH,DISABLED,UNFUSED_BOOLMAP,None,0.3598916530609131,0.014788
youtube-u-growth,ENABLED,CM,None,0,PULL,DISABLED,UNFUSED_BOOLMAP,BITMAP,0.9025390148162842,0.001144
dblp_coauthor,ENABLED,CM,None,0,PULL,DISABLED,UNFUSED_BOOLMAP,BITMAP,1.7582430839538574,0.005951
soc-LiveJournal1,ENABLED,CM,None,0,PULL,DISABLED,UNFUSED_BOOLMAP,BITMAP,7.9147820472717285,0.01909
orkut-links,ENABLED,CM,None,0,PULL,DISABLED,UNFUSED_BOOLMAP,BITMAP,15.466834783554077,0.005576
roadNet-CA,ENABLED,CM,None,0,PULL,DISABLED,UNFUSED_BOOLMAP,BITMAP,0.3209800720214844,0.000413
youtube-u-growth,ENABLED,VERTEX_BASED,None,0,PULL,DISABLED,UNFUSED_BOOLMAP,BITMAP,1.9215202331542969,0.096152
dblp_coauthor,ENABLED,VERTEX_BASED,None,0,PULL,DISABLED,UNFUSED_BOOLMAP,BITMAP,2.0988080501556396,0.033774
soc-LiveJournal1,ENABLED,VERTEX_BASED,None,0,PULL,DISABLED,UNFUSED_BOOLMAP,BITMAP,10.658538103103638,0.158398
orkut-links,ENABLED,VERTEX_BASED,None,0,PULL,DISABLED,UNFUSED_BOOLMAP,BITMAP,17.72277307510376,0.055555
roadNet-CA,ENABLED,VERTEX_BASED,None,0,PULL,DISABLED,UNFUSED_BOOLMAP,BITMAP,0.29744720458984375,0.00037
youtube-u-growth,ENABLED,VERTEX_BASED,None,0,PULL,ENABLED,FUSED,BITMAP,1.828676700592041,0.084281
dblp_coauthor,ENABLED,VERTEX_BASED,None,0,PULL,ENABLED,FUSED,BITMAP,2.0776820182800293,0.03004
soc-LiveJournal1,ENABLED,VERTEX_BASED,None,0,PULL,ENABLED,FUSED,BITMAP,9.42424488067627,0.139185
orkut-links,ENABLED,VERTEX_BASED,None,0,PULL,ENABLED,FUSED,BITMAP,15.791905879974365,0.047553
roadNet-CA,ENABLED,VERTEX_BASED,None,0,PULL,ENABLED,FUSED,BITMAP,0.3035116195678711,0.00034
youtube-u-growth,DISABLED,TWCE,None,0,PULL,ENABLED,UNFUSED_BITMAP,BOOLMAP,1.1575028896331787,0.018319
dblp_coauthor,DISABLED,TWCE,None,0,PULL,ENABLED,UNFUSED_BITMAP,BOOLMAP,1.8682403564453125,0.011171
soc-LiveJournal1,DISABLED,TWCE,None,0,PULL,ENABLED,UNFUSED_BITMAP,BOOLMAP,8.090382099151611,0.029222
orkut-links,DISABLED,TWCE,None,0,PULL,ENABLED,UNFUSED_BITMAP,BOOLMAP,15.665563106536865,0.028419
roadNet-CA,DISABLED,TWCE,None,0,PULL,ENABLED,UNFUSED_BITMAP,BOOLMAP,1.4844634532928467,0.116363
youtube-u-growth,ENABLED,WM,None,0,PULL,DISABLED,FUSED,BOOLMAP,0.9627559185028076,0.005954
dblp_coauthor,ENABLED,WM,None,0,PULL,DISABLED,FUSED,BOOLMAP,1.8663172721862793,0.011435
soc-LiveJournal1,ENABLED,WM,None,0,PULL,DISABLED,FUSED,BOOLMAP,8.60755181312561,0.042899
orkut-links,ENABLED,WM,None,0,PULL,DISABLED,FUSED,BOOLMAP,15.578009605407715,0.016001
roadNet-CA,ENABLED,WM,None,0,PULL,DISABLED,FUSED,BOOLMAP,0.31520724296569824,0.00032
youtube-u-growth,DISABLED,VERTEX_BASED,None,0,PULL,DISABLED,FUSED,BOOLMAP,3.3278541564941406,0.236096
dblp_coauthor,DISABLED,VERTEX_BASED,None,0,PULL,DISABLED,FUSED,BOOLMAP,1.8892204761505127,0.014246
soc-LiveJournal1,DISABLED,VERTEX_BASED,None,0,PULL,DISABLED,FUSED,BOOLMAP,8.744632482528687,0.067108
orkut-links,DISABLED,VERTEX_BASED,None,0,PULL,DISABLED,FUSED,BOOLMAP,15.512956619262695,0.054017
roadNet-CA,DISABLED,VERTEX_BASED,None,0,PULL,DISABLED,FUSED,BOOLMAP,0.6835536956787109,0.037249
youtube-u-growth,DISABLED,CM,None,0,PUSH,DISABLED,FUSED,None,0.33558201789855957,0.004114
dblp_coauthor,DISABLED,CM,None,0,PUSH,DISABLED,FUSED,None,0.363309383392334,0.00247
soc-LiveJournal1,DISABLED,CM,None,0,PUSH,DISABLED,FUSED,None,0.9329502582550049,0.008437
orkut-links,DISABLED,CM,None,0,PUSH,DISABLED,FUSED,None,1.3825316429138184,0.01124
roadNet-CA,DISABLED,CM,None,0,PUSH,DISABLED,FUSED,None,0.34041738510131836,0.012645
youtube-u-growth,DISABLED,TWCE,None,0,PULL,DISABLED,FUSED,BOOLMAP,1.1348068714141846,0.017077
dblp_coauthor,DISABLED,TWCE,None,0,PULL,DISABLED,FUSED,BOOLMAP,1.8712491989135742,0.011164
soc-LiveJournal1,DISABLED,TWCE,None,0,PULL,DISABLED,FUSED,BOOLMAP,8.505521059036255,0.029161
orkut-links,DISABLED,TWCE,None,0,PULL,DISABLED,FUSED,BOOLMAP,15.461042404174805,0.030751
roadNet-CA,DISABLED,TWCE,None,0,PULL,DISABLED,FUSED,BOOLMAP,1.4439847469329834,0.112393
youtube-u-growth,DISABLED,CM,None,0,PULL,ENABLED,UNFUSED_BITMAP,BITMAP,1.0163633823394775,0.006448
dblp_coauthor,DISABLED,CM,None,0,PULL,ENABLED,UNFUSED_BITMAP,BITMAP,1.778108835220337,0.004396
soc-LiveJournal1,DISABLED,CM,None,0,PULL,ENABLED,UNFUSED_BITMAP,BITMAP,8.22730016708374,0.014886
orkut-links,DISABLED,CM,None,0,PULL,ENABLED,UNFUSED_BITMAP,BITMAP,15.47265100479126,0.016141
roadNet-CA,DISABLED,CM,None,0,PULL,ENABLED,UNFUSED_BITMAP,BITMAP,0.7066409587860107,0.039269
youtube-u-growth,DISABLED,WM,None,0,PULL,DISABLED,UNFUSED_BOOLMAP,BOOLMAP,1.2667453289031982,0.029747
dblp_coauthor,DISABLED,WM,None,0,PULL,DISABLED,UNFUSED_BOOLMAP,BOOLMAP,1.8228089809417725,0.006808
soc-LiveJournal1,DISABLED,WM,None,0,PULL,DISABLED,UNFUSED_BOOLMAP,BOOLMAP,8.35861587524414,0.02832
orkut-links,DISABLED,WM,None,0,PULL,DISABLED,UNFUSED_BOOLMAP,BOOLMAP,15.575173139572144,0.021352
roadNet-CA,DISABLED,WM,None,0,PULL,DISABLED,UNFUSED_BOOLMAP,BOOLMAP,0.6619226932525635,0.034905
youtube-u-growth,DISABLED,VERTEX_BASED,None,0,PUSH,DISABLED,UNFUSED_BITMAP,None,0.9364669322967529,0.064404
dblp_coauthor,DISABLED,VERTEX_BASED,None,0,PUSH,DISABLED,UNFUSED_BITMAP,None,0.37079310417175293,0.004396
soc-LiveJournal1,DISABLED,VERTEX_BASED,None,0,PUSH,DISABLED,UNFUSED_BITMAP,None,1.060544490814209,0.021061
orkut-links,DISABLED,VERTEX_BASED,None,0,PUSH,DISABLED,UNFUSED_BITMAP,None,1.7333264350891113,0.043109
roadNet-CA,DISABLED,VERTEX_BASED,None,0,PUSH,DISABLED,UNFUSED_BITMAP,None,0.4011266231536865,0.015034
youtube-u-growth,DISABLED,TWCE,None,0,PULL,ENABLED,UNFUSED_BOOLMAP,BOOLMAP,1.1002249717712402,0.016613
dblp_coauthor,DISABLED,TWCE,None,0,PULL,ENABLED,UNFUSED_BOOLMAP,BOOLMAP,2.061561107635498,0.010794
soc-LiveJournal1,DISABLED,TWCE,None,0,PULL,ENABLED,UNFUSED_BOOLMAP,BOOLMAP,8.201128005981445,0.028675
orkut-links,DISABLED,TWCE,None,0,PULL,ENABLED,UNFUSED_BOOLMAP,BOOLMAP,16.17095971107483,0.028986
roadNet-CA,DISABLED,TWCE,None,0,PULL,ENABLED,UNFUSED_BOOLMAP,BOOLMAP,1.4107043743133545,0.108432
youtube-u-growth,ENABLED,CM,None,0,PULL,ENABLED,FUSED,BOOLMAP,0.915841817855835,0.001332
dblp_coauthor,ENABLED,CM,None,0,PULL,ENABLED,FUSED,BOOLMAP,1.779358148574829,0.006914
soc-LiveJournal1,ENABLED,CM,None,0,PULL,ENABLED,FUSED,BOOLMAP,8.304413318634033,0.022849
orkut-links,ENABLED,CM,None,0,PULL,ENABLED,FUSED,BOOLMAP,15.482609272003174,0.00721
roadNet-CA,ENABLED,CM,None,0,PULL,ENABLED,FUSED,BOOLMAP,0.2959761619567871,0.000355
youtube-u-growth,ENABLED,WM,None,0,PUSH,ENABLED,UNFUSED_BITMAP,None,0.41405296325683594,0.012385
dblp_coauthor,ENABLED,WM,None,0,PUSH,ENABLED,UNFUSED_BITMAP,None,0.36568427085876465,0.002987
soc-LiveJournal1,ENABLED,WM,None,0,PUSH,ENABLED,UNFUSED_BITMAP,None,0.9677941799163818,0.011953
orkut-links,ENABLED,WM,None,0,PUSH,ENABLED,UNFUSED_BITMAP,None,1.5390567779541016,0.020982
roadNet-CA,ENABLED,WM,None,0,PUSH,ENABLED,UNFUSED_BITMAP,None,0.3247992992401123,0.011082
youtube-u-growth,DISABLED,WM,None,0,PULL,ENABLED,UNFUSED_BOOLMAP,BITMAP,1.217111349105835,0.027658
dblp_coauthor,DISABLED,WM,None,0,PULL,ENABLED,UNFUSED_BOOLMAP,BITMAP,1.788651466369629,0.006515
soc-LiveJournal1,DISABLED,WM,None,0,PULL,ENABLED,UNFUSED_BOOLMAP,BITMAP,8.302196979522705,0.022661
orkut-links,DISABLED,WM,None,0,PULL,ENABLED,UNFUSED_BOOLMAP,BITMAP,15.938490629196167,0.021638
roadNet-CA,DISABLED,WM,None,0,PULL,ENABLED,UNFUSED_BOOLMAP,BITMAP,0.7079775333404541,0.039199
youtube-u-growth,ENABLED,WM,None,0,PULL,ENABLED,UNFUSED_BOOLMAP,BITMAP,0.9686264991760254,0.005489
dblp_coauthor,ENABLED,WM,None,0,PULL,ENABLED,UNFUSED_BOOLMAP,BITMAP,1.8916981220245361,0.011307
soc-LiveJournal1,ENABLED,WM,None,0,PULL,ENABLED,UNFUSED_BOOLMAP,BITMAP,8.480671644210815,0.037351
orkut-links,ENABLED,WM,None,0,PULL,ENABLED,UNFUSED_BOOLMAP,BITMAP,15.638878345489502,0.012337
roadNet-CA,ENABLED,WM,None,0,PULL,ENABLED,UNFUSED_BOOLMAP,BITMAP,0.311614990234375,0.000373
youtube-u-growth,DISABLED,TWCE,None,0,PULL,ENABLED,FUSED,BOOLMAP,1.1487445831298828,0.020492
dblp_coauthor,DISABLED,TWCE,None,0,PULL,ENABLED,FUSED,BOOLMAP,1.8627569675445557,0.011096
soc-LiveJournal1,DISABLED,TWCE,None,0,PULL,ENABLED,FUSED,BOOLMAP,8.365132093429565,0.029149
orkut-links,DISABLED,TWCE,None,0,PULL,ENABLED,FUSED,BOOLMAP,14.936645746231079,0.029761
roadNet-CA,DISABLED,TWCE,None,0,PULL,ENABLED,FUSED,BOOLMAP,1.4746801853179932,0.11393
youtube-u-growth,DISABLED,CM,None,0,PULL,DISABLED,UNFUSED_BOOLMAP,BITMAP,1.0087816715240479,0.006612
dblp_coauthor,DISABLED,CM,None,0,PULL,DISABLED,UNFUSED_BOOLMAP,BITMAP,1.8121697902679443,0.004676
soc-LiveJournal1,DISABLED,CM,None,0,PULL,DISABLED,UNFUSED_BOOLMAP,BITMAP,8.36855697631836,0.014343
orkut-links,DISABLED,CM,None,0,PULL,DISABLED,UNFUSED_BOOLMAP,BITMAP,17.731536388397217,0.018388
roadNet-CA,DISABLED,CM,None,0,PULL,DISABLED,UNFUSED_BOOLMAP,BITMAP,0.7730271816253662,0.043374
youtube-u-growth,ENABLED,TWC,None,0,PULL,ENABLED,UNFUSED_BITMAP,BITMAP,0.9178762435913086,0.001263
dblp_coauthor,ENABLED,TWC,None,0,PULL,ENABLED,UNFUSED_BITMAP,BITMAP,1.7835006713867188,0.008874
soc-LiveJournal1,ENABLED,TWC,None,0,PULL,ENABLED,UNFUSED_BITMAP,BITMAP,7.208183288574219,0.030375
orkut-links,ENABLED,TWC,None,0,PULL,ENABLED,UNFUSED_BITMAP,BITMAP,15.196339845657349,0.006843
roadNet-CA,ENABLED,TWC,None,0,PULL,ENABLED,UNFUSED_BITMAP,BITMAP,0.29639554023742676,0.00044
youtube-u-growth,DISABLED,TWC,None,0,PUSH,ENABLED,UNFUSED_BITMAP,None,0.3236720561981201,0.003465
dblp_coauthor,DISABLED,TWC,None,0,PUSH,ENABLED,UNFUSED_BITMAP,None,0.36141300201416016,0.00294
soc-LiveJournal1,DISABLED,TWC,None,0,PUSH,ENABLED,UNFUSED_BITMAP,None,0.9143097400665283,0.010327
orkut-links,DISABLED,TWC,None,0,PUSH,ENABLED,UNFUSED_BITMAP,None,1.364424467086792,0.00892
roadNet-CA,DISABLED,TWC,None,0,PUSH,ENABLED,UNFUSED_BITMAP,None,0.4483170509338379,0.018322
youtube-u-growth,ENABLED,WM,None,0,PULL,DISABLED,UNFUSED_BITMAP,BITMAP,1.01698637008667,0.005518
dblp_coauthor,ENABLED,WM,None,0,PULL,DISABLED,UNFUSED_BITMAP,BITMAP,1.8278679847717285,0.010773
soc-LiveJournal1,ENABLED,WM,None,0,PULL,DISABLED,UNFUSED_BITMAP,BITMAP,8.59076714515686,0.037505
orkut-links,ENABLED,WM,None,0,PULL,DISABLED,UNFUSED_BITMAP,BITMAP,15.985976696014404,0.01241
roadNet-CA,ENABLED,WM,None,0,PULL,DISABLED,UNFUSED_BITMAP,BITMAP,0.3004934787750244,0.000377
youtube-u-growth,ENABLED,CM,None,0,PULL,DISABLED,FUSED,BOOLMAP,0.9294009208679199,0.001255
dblp_coauthor,ENABLED,CM,None,0,PULL,DISABLED,FUSED,BOOLMAP,1.767381191253662,0.006592
soc-LiveJournal1,ENABLED,CM,None,0,PULL,DISABLED,FUSED,BOOLMAP,8.445069313049316,0.023632
orkut-links,ENABLED,CM,None,0,PULL,DISABLED,FUSED,BOOLMAP,15.814617395401001,0.007077
roadNet-CA,ENABLED,CM,None,0,PULL,DISABLED,FUSED,BOOLMAP,0.3008906841278076,0.000356
youtube-u-growth,DISABLED,TWCE,None,0,PULL,DISABLED,UNFUSED_BITMAP,BITMAP,1.1685316562652588,0.018428
dblp_coauthor,DISABLED,TWCE,None,0,PULL,DISABLED,UNFUSED_BITMAP,BITMAP,1.8710241317749023,0.0104
soc-LiveJournal1,DISABLED,TWCE,None,0,PULL,DISABLED,UNFUSED_BITMAP,BITMAP,9.141627550125122,0.024607
orkut-links,DISABLED,TWCE,None,0,PULL,DISABLED,UNFUSED_BITMAP,BITMAP,15.89955735206604,0.024039
roadNet-CA,DISABLED,TWCE,None,0,PULL,DISABLED,UNFUSED_BITMAP,BITMAP,1.4071784019470215,0.111369
youtube-u-growth,ENABLED,CM,None,0,PULL,ENABLED,FUSED,BITMAP,0.8748559951782227,0.001172
dblp_coauthor,ENABLED,CM,None,0,PULL,ENABLED,FUSED,BITMAP,1.7112534046173096,0.006321
soc-LiveJournal1,ENABLED,CM,None,0,PULL,ENABLED,FUSED,BITMAP,10.436916828155518,0.018957
orkut-links,ENABLED,CM,None,0,PULL,ENABLED,FUSED,BITMAP,16.06345009803772,0.005707
roadNet-CA,ENABLED,CM,None,0,PULL,ENABLED,FUSED,BITMAP,0.3071019649505615,0.000404
youtube-u-growth,ENABLED,WM,None,0,PULL,DISABLED,UNFUSED_BOOLMAP,BITMAP,0.9710814952850342,0.005581
dblp_coauthor,ENABLED,WM,None,0,PULL,DISABLED,UNFUSED_BOOLMAP,BITMAP,1.8809747695922852,0.011225
soc-LiveJournal1,ENABLED,WM,None,0,PULL,DISABLED,UNFUSED_BOOLMAP,BITMAP,8.361274480819702,0.038338
orkut-links,ENABLED,WM,None,0,PULL,DISABLED,UNFUSED_BOOLMAP,BITMAP,15.328264713287354,0.012726
roadNet-CA,ENABLED,WM,None,0,PULL,DISABLED,UNFUSED_BOOLMAP,BITMAP,0.2973906993865967,0.000376
youtube-u-growth,ENABLED,VERTEX_BASED,None,0,PULL,ENABLED,UNFUSED_BOOLMAP,BOOLMAP,1.899625539779663,0.075035
dblp_coauthor,ENABLED,VERTEX_BASED,None,0,PULL,ENABLED,UNFUSED_BOOLMAP,BOOLMAP,2.125864028930664,0.033833
soc-LiveJournal1,ENABLED,VERTEX_BASED,None,0,PULL,ENABLED,UNFUSED_BOOLMAP,BOOLMAP,9.821208715438843,0.152176
orkut-links,ENABLED,VERTEX_BASED,None,0,PULL,ENABLED,UNFUSED_BOOLMAP,BOOLMAP,16.457164764404297,0.059843
roadNet-CA,ENABLED,VERTEX_BASED,None,0,PULL,ENABLED,UNFUSED_BOOLMAP,BOOLMAP,0.30352282524108887,0.000336
youtube-u-growth,ENABLED,TWC,None,0,PULL,ENABLED,FUSED,BITMAP,0.9031791687011719,0.001284
dblp_coauthor,ENABLED,TWC,None,0,PULL,ENABLED,FUSED,BITMAP,1.6976990699768066,0.009256
soc-LiveJournal1,ENABLED,TWC,None,0,PULL,ENABLED,FUSED,BITMAP,8.521435737609863,0.031498
orkut-links,ENABLED,TWC,None,0,PULL,ENABLED,FUSED,BITMAP,15.842260837554932,0.00685
roadNet-CA,ENABLED,TWC,None,0,PULL,ENABLED,FUSED,BITMAP,0.3140263557434082,0.000416
youtube-u-growth,ENABLED,CM,None,0,PULL,ENABLED,UNFUSED_BITMAP,BITMAP,0.8956716060638428,0.001191
dblp_coauthor,ENABLED,CM,None,0,PULL,ENABLED,UNFUSED_BITMAP,BITMAP,1.6226234436035156,0.006246
soc-LiveJournal1,ENABLED,CM,None,0,PULL,ENABLED,UNFUSED_BITMAP,BITMAP,8.301130056381226,0.018593
orkut-links,ENABLED,CM,None,0,PULL,ENABLED,UNFUSED_BITMAP,BITMAP,15.59889531135559,0.005844
roadNet-CA,ENABLED,CM,None,0,PULL,ENABLED,UNFUSED_BITMAP,BITMAP,0.3167917728424072,0.000406
youtube-u-growth,DISABLED,TWCE,None,0,PULL,DISABLED,FUSED,BITMAP,1.1133737564086914,0.016636
dblp_coauthor,DISABLED,TWCE,None,0,PULL,DISABLED,FUSED,BITMAP,1.7740578651428223,0.010582
soc-LiveJournal1,DISABLED,TWCE,None,0,PULL,DISABLED,FUSED,BITMAP,8.479703187942505,0.025825
orkut-links,DISABLED,TWCE,None,0,PULL,DISABLED,FUSED,BITMAP,16.100483655929565,0.025184
roadNet-CA,DISABLED,TWCE,None,0,PULL,DISABLED,FUSED,BITMAP,1.4480469226837158,0.112282
youtube-u-growth,DISABLED,TWCE,None,0,PUSH,ENABLED,UNFUSED_BITMAP,None,0.3425765037536621,0.004989
dblp_coauthor,DISABLED,TWCE,None,0,PUSH,ENABLED,UNFUSED_BITMAP,None,0.3618197441101074,0.003583
soc-LiveJournal1,DISABLED,TWCE,None,0,PUSH,ENABLED,UNFUSED_BITMAP,None,0.9594426155090332,0.010851
orkut-links,DISABLED,TWCE,None,0,PUSH,ENABLED,UNFUSED_BITMAP,None,1.4062654972076416,0.009897
roadNet-CA,DISABLED,TWCE,None,0,PUSH,ENABLED,UNFUSED_BITMAP,None,0.40494656562805176,0.019466
youtube-u-growth,ENABLED,VERTEX_BASED,None,0,PUSH,ENABLED,UNFUSED_BITMAP,None,2.0501818656921387,0.171317
dblp_coauthor,ENABLED,VERTEX_BASED,None,0,PUSH,ENABLED,UNFUSED_BITMAP,None,0.4345438480377197,0.008038
soc-LiveJournal1,ENABLED,VERTEX_BASED,None,0,PUSH,ENABLED,UNFUSED_BITMAP,None,1.217339277267456,0.039797
orkut-links,ENABLED,VERTEX_BASED,None,0,PUSH,ENABLED,UNFUSED_BITMAP,None,2.403569459915161,0.105859
roadNet-CA,ENABLED,VERTEX_BASED,None,0,PUSH,ENABLED,UNFUSED_BITMAP,None,0.36020374298095703,0.01177
youtube-u-growth,DISABLED,TWC,None,0,PUSH,DISABLED,UNFUSED_BOOLMAP,None,0.3253016471862793,0.003665
dblp_coauthor,DISABLED,TWC,None,0,PUSH,DISABLED,UNFUSED_BOOLMAP,None,0.3634326457977295,0.003336
soc-LiveJournal1,DISABLED,TWC,None,0,PUSH,DISABLED,UNFUSED_BOOLMAP,None,0.922255277633667,0.012215
orkut-links,DISABLED,TWC,None,0,PUSH,DISABLED,UNFUSED_BOOLMAP,None,1.3246142864227295,0.00982
roadNet-CA,DISABLED,TWC,None,0,PUSH,DISABLED,UNFUSED_BOOLMAP,None,0.39961743354797363,0.018511
youtube-u-growth,DISABLED,CM,None,0,PULL,DISABLED,FUSED,BITMAP,0.9985625743865967,0.006947
dblp_coauthor,DISABLED,CM,None,0,PULL,DISABLED,FUSED,BITMAP,2.002027750015259,0.004741
soc-LiveJournal1,DISABLED,CM,None,0,PULL,DISABLED,FUSED,BITMAP,8.148570775985718,0.014289
orkut-links,DISABLED,CM,None,0,PULL,DISABLED,FUSED,BITMAP,15.243791103363037,0.016704
roadNet-CA,DISABLED,CM,None,0,PULL,DISABLED,FUSED,BITMAP,0.7308826446533203,0.042234
youtube-u-growth,ENABLED,VERTEX_BASED,None,0,PULL,DISABLED,UNFUSED_BITMAP,BOOLMAP,1.9930362701416016,0.100582
dblp_coauthor,ENABLED,VERTEX_BASED,None,0,PULL,DISABLED,UNFUSED_BITMAP,BOOLMAP,2.1224822998046875,0.034617
soc-LiveJournal1,ENABLED,VERTEX_BASED,None,0,PULL,DISABLED,UNFUSED_BITMAP,BOOLMAP,10.568676471710205,0.157133
orkut-links,ENABLED,VERTEX_BASED,None,0,PULL,DISABLED,UNFUSED_BITMAP,BOOLMAP,16.416917324066162,0.058844
roadNet-CA,ENABLED,VERTEX_BASED,None,0,PULL,DISABLED,UNFUSED_BITMAP,BOOLMAP,0.3043508529663086,0.000334
youtube-u-growth,ENABLED,TWCE,None,0,PULL,ENABLED,FUSED,BOOLMAP,1.0891504287719727,0.002506
dblp_coauthor,ENABLED,TWCE,None,0,PULL,ENABLED,FUSED,BOOLMAP,1.95802640914917,0.014254
soc-LiveJournal1,ENABLED,TWCE,None,0,PULL,ENABLED,FUSED,BOOLMAP,9.714977025985718,0.046041
orkut-links,ENABLED,TWCE,None,0,PULL,ENABLED,FUSED,BOOLMAP,16.89443278312683,0.011006
roadNet-CA,ENABLED,TWCE,None,0,PULL,ENABLED,FUSED,BOOLMAP,0.3003089427947998,0.000721
youtube-u-growth,DISABLED,CM,None,0,PULL,ENABLED,UNFUSED_BOOLMAP,BITMAP,0.9942405223846436,0.007847
dblp_coauthor,DISABLED,CM,None,0,PULL,ENABLED,UNFUSED_BOOLMAP,BITMAP,2.1191699504852295,0.004842
soc-LiveJournal1,DISABLED,CM,None,0,PULL,ENABLED,UNFUSED_BOOLMAP,BITMAP,10.1141939163208,0.014039
orkut-links,DISABLED,CM,None,0,PULL,ENABLED,UNFUSED_BOOLMAP,BITMAP,16.00859808921814,0.016451
roadNet-CA,DISABLED,CM,None,0,PULL,ENABLED,UNFUSED_BOOLMAP,BITMAP,0.7820563316345215,0.043735
youtube-u-growth,ENABLED,CM,None,0,PULL,DISABLED,UNFUSED_BOOLMAP,BOOLMAP,0.9278583526611328,0.001295
dblp_coauthor,ENABLED,CM,None,0,PULL,DISABLED,UNFUSED_BOOLMAP,BOOLMAP,1.7000072002410889,0.006518
soc-LiveJournal1,ENABLED,CM,None,0,PULL,DISABLED,UNFUSED_BOOLMAP,BOOLMAP,8.613428115844727,0.022617
orkut-links,ENABLED,CM,None,0,PULL,DISABLED,UNFUSED_BOOLMAP,BOOLMAP,18.014896392822266,0.007513
roadNet-CA,ENABLED,CM,None,0,PULL,DISABLED,UNFUSED_BOOLMAP,BOOLMAP,0.3002655506134033,0.000383
youtube-u-growth,ENABLED,VERTEX_BASED,None,0,PULL,ENABLED,FUSED,BOOLMAP,1.8848769664764404,0.087122
dblp_coauthor,ENABLED,VERTEX_BASED,None,0,PULL,ENABLED,FUSED,BOOLMAP,2.05074143409729,0.031568
soc-LiveJournal1,ENABLED,VERTEX_BASED,None,0,PULL,ENABLED,FUSED,BOOLMAP,9.635266780853271,0.138278
orkut-links,ENABLED,VERTEX_BASED,None,0,PULL,ENABLED,FUSED,BOOLMAP,16.366408109664917,0.056443
roadNet-CA,ENABLED,VERTEX_BASED,None,0,PULL,ENABLED,FUSED,BOOLMAP,0.2984488010406494,0.00031
youtube-u-growth,DISABLED,TWCE,None,0,PUSH,DISABLED,UNFUSED_BOOLMAP,None,0.33925962448120117,0.004971
dblp_coauthor,DISABLED,TWCE,None,0,PUSH,DISABLED,UNFUSED_BOOLMAP,None,0.3755159378051758,0.003682
soc-LiveJournal1,DISABLED,TWCE,None,0,PUSH,DISABLED,UNFUSED_BOOLMAP,None,0.9309704303741455,0.011105
orkut-links,DISABLED,TWCE,None,0,PUSH,DISABLED,UNFUSED_BOOLMAP,None,1.3485612869262695,0.009945
roadNet-CA,DISABLED,TWCE,None,0,PUSH,DISABLED,UNFUSED_BOOLMAP,None,0.4075918197631836,0.019084
youtube-u-growth,ENABLED,VERTEX_BASED,None,0,PUSH,DISABLED,UNFUSED_BOOLMAP,None,2.028789520263672,0.171044
dblp_coauthor,ENABLED,VERTEX_BASED,None,0,PUSH,DISABLED,UNFUSED_BOOLMAP,None,0.43828392028808594,0.008272
soc-LiveJournal1,ENABLED,VERTEX_BASED,None,0,PUSH,DISABLED,UNFUSED_BOOLMAP,None,1.2655515670776367,0.039952
orkut-links,ENABLED,VERTEX_BASED,None,0,PUSH,DISABLED,UNFUSED_BOOLMAP,None,2.3810245990753174,0.099722
roadNet-CA,ENABLED,VERTEX_BASED,None,0,PUSH,DISABLED,UNFUSED_BOOLMAP,None,0.3558638095855713,0.012055
youtube-u-growth,ENABLED,TWC,None,0,PUSH,ENABLED,FUSED,None,0.35204076766967773,0.007364
dblp_coauthor,ENABLED,TWC,None,0,PUSH,ENABLED,FUSED,None,0.4120345115661621,0.008426
soc-LiveJournal1,ENABLED,TWC,None,0,PUSH,ENABLED,FUSED,None,1.1700153350830078,0.032169
orkut-links,ENABLED,TWC,None,0,PUSH,ENABLED,FUSED,None,1.6585381031036377,0.032523
roadNet-CA,ENABLED,TWC,None,0,PUSH,ENABLED,FUSED,None,0.3908095359802246,0.009995
youtube-u-growth,ENABLED,CM,None,0,PUSH,DISABLED,UNFUSED_BOOLMAP,None,0.3349487781524658,0.004524
dblp_coauthor,ENABLED,CM,None,0,PUSH,DISABLED,UNFUSED_BOOLMAP,None,0.36238694190979004,0.002558
soc-LiveJournal1,ENABLED,CM,None,0,PUSH,DISABLED,UNFUSED_BOOLMAP,None,0.8821032047271729,0.008951
orkut-links,ENABLED,CM,None,0,PUSH,DISABLED,UNFUSED_BOOLMAP,None,1.3789517879486084,0.013666
roadNet-CA,ENABLED,CM,None,0,PUSH,DISABLED,UNFUSED_BOOLMAP,None,0.33131980895996094,0.012216
youtube-u-growth,ENABLED,TWCE,None,0,PULL,ENABLED,UNFUSED_BOOLMAP,BOOLMAP,0.917783260345459,0.002513
dblp_coauthor,ENABLED,TWCE,None,0,PULL,ENABLED,UNFUSED_BOOLMAP,BOOLMAP,1.8606147766113281,0.014274
soc-LiveJournal1,ENABLED,TWCE,None,0,PULL,ENABLED,UNFUSED_BOOLMAP,BOOLMAP,8.570350408554077,0.045613
orkut-links,ENABLED,TWCE,None,0,PULL,ENABLED,UNFUSED_BOOLMAP,BOOLMAP,15.490985870361328,0.011492
roadNet-CA,ENABLED,TWCE,None,0,PULL,ENABLED,UNFUSED_BOOLMAP,BOOLMAP,0.3046884536743164,0.000794
youtube-u-growth,ENABLED,TWCE,None,0,PULL,ENABLED,UNFUSED_BITMAP,BITMAP,0.9246437549591064,0.002369
dblp_coauthor,ENABLED,TWCE,None,0,PULL,ENABLED,UNFUSED_BITMAP,BITMAP,1.8166718482971191,0.012608
soc-LiveJournal1,ENABLED,TWCE,None,0,PULL,ENABLED,UNFUSED_BITMAP,BITMAP,9.201453685760498,0.035375
orkut-links,ENABLED,TWCE,None,0,PULL,ENABLED,UNFUSED_BITMAP,BITMAP,16.140822649002075,0.009006
roadNet-CA,ENABLED,TWCE,None,0,PULL,ENABLED,UNFUSED_BITMAP,BITMAP,0.30179762840270996,0.000798
youtube-u-growth,DISABLED,TWC,None,0,PUSH,ENABLED,FUSED,None,0.3508121967315674,0.004558
dblp_coauthor,DISABLED,TWC,None,0,PUSH,ENABLED,FUSED,None,0.3804605007171631,0.003909
soc-LiveJournal1,DISABLED,TWC,None,0,PUSH,ENABLED,FUSED,None,0.9668290615081787,0.014099
orkut-links,DISABLED,TWC,None,0,PUSH,ENABLED,FUSED,None,1.340191125869751,0.006794
roadNet-CA,DISABLED,TWC,None,0,PUSH,ENABLED,FUSED,None,0.3855867385864258,0.017009
youtube-u-growth,DISABLED,WM,None,0,PULL,ENABLED,UNFUSED_BOOLMAP,BOOLMAP,1.1947474479675293,0.028573
dblp_coauthor,DISABLED,WM,None,0,PULL,ENABLED,UNFUSED_BOOLMAP,BOOLMAP,1.8548498153686523,0.006814
soc-LiveJournal1,DISABLED,WM,None,0,PULL,ENABLED,UNFUSED_BOOLMAP,BOOLMAP,8.368667840957642,0.028289
orkut-links,DISABLED,WM,None,0,PULL,ENABLED,UNFUSED_BOOLMAP,BOOLMAP,15.891626119613647,0.02359
roadNet-CA,DISABLED,WM,None,0,PULL,ENABLED,UNFUSED_BOOLMAP,BOOLMAP,0.6429510116577148,0.034609
youtube-u-growth,DISABLED,VERTEX_BASED,None,0,PULL,ENABLED,UNFUSED_BITMAP,BITMAP,2.9019901752471924,0.194965
dblp_coauthor,DISABLED,VERTEX_BASED,None,0,PULL,ENABLED,UNFUSED_BITMAP,BITMAP,1.7654979228973389,0.012167
soc-LiveJournal1,DISABLED,VERTEX_BASED,None,0,PULL,ENABLED,UNFUSED_BITMAP,BITMAP,9.22062635421753,0.048598
orkut-links,DISABLED,VERTEX_BASED,None,0,PULL,ENABLED,UNFUSED_BITMAP,BITMAP,16.037117958068848,0.042514
roadNet-CA,DISABLED,VERTEX_BASED,None,0,PULL,ENABLED,UNFUSED_BITMAP,BITMAP,0.6299347877502441,0.03323
youtube-u-growth,DISABLED,VERTEX_BASED,None,0,PULL,DISABLED,UNFUSED_BITMAP,BOOLMAP,3.3488993644714355,0.235847
dblp_coauthor,DISABLED,VERTEX_BASED,None,0,PULL,DISABLED,UNFUSED_BITMAP,BOOLMAP,1.7898874282836914,0.014179
soc-LiveJournal1,DISABLED,VERTEX_BASED,None,0,PULL,DISABLED,UNFUSED_BITMAP,BOOLMAP,8.573179483413696,0.067161
orkut-links,DISABLED,VERTEX_BASED,None,0,PULL,DISABLED,UNFUSED_BITMAP,BOOLMAP,15.866708993911743,0.049338
roadNet-CA,DISABLED,VERTEX_BASED,None,0,PULL,DISABLED,UNFUSED_BITMAP,BOOLMAP,0.681995153427124,0.037884
