youtube-u-growth,DISABLED,CM,None,0,PUSH,DISABLED,UNFUSED_BITMAP,None,0.351776123046875,0.003747
dblp_coauthor,DISABLED,CM,None,0,PUSH,DISABLED,UNFUSED_BITMAP,None,19.216371297836304,0.003194
soc-LiveJournal1,DISABLED,CM,None,0,PUSH,DISABLED,UNFUSED_BITMAP,None,48.64975666999817,0.006786
orkut-links,DISABLED,CM,None,0,PUSH,DISABLED,UNFUSED_BITMAP,None,76.96375823020935,0.006923
roadNet-CA,DISABLED,CM,None,0,PUSH,DISABLED,UNFUSED_BITMAP,None,0.4504876136779785,0.002032
youtube-u-growth,ENABLED,TWC,None,0,PULL,ENABLED,UNFUSED_BITMAP,BOOLMAP,1.027109146118164,0.00095
dblp_coauthor,ENABLED,TWC,None,0,PULL,ENABLED,UNFUSED_BITMAP,BOOLMAP,2.0990569591522217,0.013015
soc-LiveJournal1,ENABLED,TWC,None,0,PULL,ENABLED,UNFUSED_BITMAP,BOOLMAP,9.810158729553223,0.044117
orkut-links,ENABLED,TWC,None,0,PULL,ENABLED,UNFUSED_BITMAP,BOOLMAP,17.931755542755127,0.004423
roadNet-CA,ENABLED,TWC,None,0,PULL,ENABLED,UNFUSED_BITMAP,BOOLMAP,0.3468191623687744,0.000361
youtube-u-growth,DISABLED,VERTEX_BASED,None,0,PUSH,DISABLED,UNFUSED_BOOLMAP,None,0.8403723239898682,0.050956
dblp_coauthor,DISABLED,VERTEX_BASED,None,0,PUSH,DISABLED,UNFUSED_BOOLMAP,None,0.4855482578277588,0.010729
soc-LiveJournal1,DISABLED,VERTEX_BASED,None,0,PUSH,DISABLED,UNFUSED_BOOLMAP,None,1.3896875381469727,0.034403
orkut-links,DISABLED,VERTEX_BASED,None,0,PUSH,DISABLED,UNFUSED_BOOLMAP,None,2.3109641075134277,0.063656
roadNet-CA,DISABLED,VERTEX_BASED,None,0,PUSH,DISABLED,UNFUSED_BOOLMAP,None,0.2657742500305176,0.001967
youtube-u-growth,ENABLED,TWCE,None,0,PULL,ENABLED,FUSED,BITMAP,1.0541181564331055,0.00135
dblp_coauthor,ENABLED,TWCE,None,0,PULL,ENABLED,FUSED,BITMAP,2.22764253616333,0.017159
soc-LiveJournal1,ENABLED,TWCE,None,0,PULL,ENABLED,FUSED,BITMAP,8.59946870803833,0.049569
orkut-links,ENABLED,TWCE,None,0,PULL,ENABLED,FUSED,BITMAP,18.119682788848877,0.003994
roadNet-CA,ENABLED,TWCE,None,0,PULL,ENABLED,FUSED,BITMAP,0.31745004653930664,0.000616
youtube-u-growth,ENABLED,WM,None,0,PULL,DISABLED,UNFUSED_BITMAP,BOOLMAP,1.0940258502960205,0.003724
dblp_coauthor,ENABLED,WM,None,0,PULL,DISABLED,UNFUSED_BITMAP,BOOLMAP,2.186399221420288,0.016383
soc-LiveJournal1,ENABLED,WM,None,0,PULL,DISABLED,UNFUSED_BITMAP,BOOLMAP,11.53537368774414,0.063022
orkut-links,ENABLED,WM,None,0,PULL,DISABLED,UNFUSED_BITMAP,BOOLMAP,18.097687005996704,0.007339
roadNet-CA,ENABLED,WM,None,0,PULL,DISABLED,UNFUSED_BITMAP,BOOLMAP,0.31638503074645996,0.000295
youtube-u-growth,ENABLED,TWCE,None,0,PULL,DISABLED,UNFUSED_BOOLMAP,BITMAP,1.072497844696045,0.001437
dblp_coauthor,ENABLED,TWCE,None,0,PULL,DISABLED,UNFUSED_BOOLMAP,BITMAP,2.2518088817596436,0.018336
soc-LiveJournal1,ENABLED,TWCE,None,0,PULL,DISABLED,UNFUSED_BOOLMAP,BITMAP,9.850406169891357,0.052221
orkut-links,ENABLED,TWCE,None,0,PULL,DISABLED,UNFUSED_BOOLMAP,BITMAP,17.181780576705933,0.00421
roadNet-CA,ENABLED,TWCE,None,0,PULL,DISABLED,UNFUSED_BOOLMAP,BITMAP,0.32784438133239746,0.000695
youtube-u-growth,ENABLED,WM,None,0,PUSH,ENABLED,FUSED,None,0.4307839870452881,0.01097
dblp_coauthor,ENABLED,WM,None,0,PUSH,ENABLED,FUSED,None,0.4330439567565918,0.004565
soc-LiveJournal1,ENABLED,WM,None,0,PUSH,ENABLED,FUSED,None,1.0786504745483398,0.011462
orkut-links,ENABLED,WM,None,0,PUSH,ENABLED,FUSED,None,1.866863489151001,0.018382
roadNet-CA,ENABLED,WM,None,0,PUSH,ENABLED,FUSED,None,0.22461748123168945,0.000623
youtube-u-growth,DISABLED,TWCE,None,0,PULL,DISABLED,UNFUSED_BITMAP,BOOLMAP,1.3234546184539795,0.027261
dblp_coauthor,DISABLED,TWCE,None,0,PULL,DISABLED,UNFUSED_BITMAP,BOOLMAP,2.2403976917266846,0.015942
soc-LiveJournal1,DISABLED,TWCE,None,0,PULL,DISABLED,UNFUSED_BITMAP,BOOLMAP,9.819474697113037,0.051996
orkut-links,DISABLED,TWCE,None,0,PULL,DISABLED,UNFUSED_BITMAP,BOOLMAP,18.017347812652588,0.03307
roadNet-CA,DISABLED,TWCE,None,0,PULL,DISABLED,UNFUSED_BITMAP,BOOLMAP,0.4913039207458496,0.01687
youtube-u-growth,ENABLED,TWC,None,0,PULL,DISABLED,FUSED,BITMAP,1.074338674545288,0.000803
dblp_coauthor,ENABLED,TWC,None,0,PULL,DISABLED,FUSED,BITMAP,2.1613237857818604,0.011965
soc-LiveJournal1,ENABLED,TWC,None,0,PULL,DISABLED,FUSED,BITMAP,9.935513019561768,0.037583
orkut-links,ENABLED,TWC,None,0,PULL,DISABLED,FUSED,BITMAP,17.91914987564087,0.003636
roadNet-CA,ENABLED,TWC,None,0,PULL,DISABLED,FUSED,BITMAP,0.3161158561706543,0.000334
youtube-u-growth,DISABLED,WM,None,0,PUSH,DISABLED,UNFUSED_BITMAP,None,0.4140961170196533,0.009142
dblp_coauthor,DISABLED,WM,None,0,PUSH,DISABLED,UNFUSED_BITMAP,None,0.42823290824890137,0.003738
soc-LiveJournal1,DISABLED,WM,None,0,PUSH,DISABLED,UNFUSED_BITMAP,None,1.1503946781158447,0.009314
orkut-links,DISABLED,WM,None,0,PUSH,DISABLED,UNFUSED_BITMAP,None,1.7758631706237793,0.011166
roadNet-CA,DISABLED,WM,None,0,PUSH,DISABLED,UNFUSED_BITMAP,None,0.23752927780151367,0.0019
youtube-u-growth,DISABLED,VERTEX_BASED,None,0,PULL,ENABLED,FUSED,BOOLMAP,4.440080881118774,0.338569
dblp_coauthor,DISABLED,VERTEX_BASED,None,0,PULL,ENABLED,FUSED,BOOLMAP,2.6339075565338135,0.020087
soc-LiveJournal1,DISABLED,VERTEX_BASED,None,0,PULL,ENABLED,FUSED,BOOLMAP,10.291308641433716,0.118567
orkut-links,DISABLED,VERTEX_BASED,None,0,PULL,ENABLED,FUSED,BOOLMAP,18.069579601287842,0.064962
roadNet-CA,DISABLED,VERTEX_BASED,None,0,PULL,ENABLED,FUSED,BOOLMAP,0.382082462310791,0.00546
youtube-u-growth,DISABLED,CM,None,0,PULL,ENABLED,FUSED,BOOLMAP,1.1728568077087402,0.010162
dblp_coauthor,DISABLED,CM,None,0,PULL,ENABLED,FUSED,BOOLMAP,2.1336312294006348,0.006794
soc-LiveJournal1,DISABLED,CM,None,0,PULL,ENABLED,FUSED,BOOLMAP,9.51173710823059,0.024479
orkut-links,DISABLED,CM,None,0,PULL,ENABLED,FUSED,BOOLMAP,17.69602394104004,0.019746
roadNet-CA,DISABLED,CM,None,0,PULL,ENABLED,FUSED,BOOLMAP,0.3868551254272461,0.006284
youtube-u-growth,DISABLED,VERTEX_BASED,None,0,PULL,DISABLED,UNFUSED_BOOLMAP,BITMAP,3.8814008235931396,0.282572
dblp_coauthor,DISABLED,VERTEX_BASED,None,0,PULL,DISABLED,UNFUSED_BOOLMAP,BITMAP,2.2282192707061768,0.01754
soc-LiveJournal1,DISABLED,VERTEX_BASED,None,0,PULL,DISABLED,UNFUSED_BOOLMAP,BITMAP,10.389160871505737,0.087483
orkut-links,DISABLED,VERTEX_BASED,None,0,PULL,DISABLED,UNFUSED_BOOLMAP,BITMAP,18.566538095474243,0.053177
roadNet-CA,DISABLED,VERTEX_BASED,None,0,PULL,DISABLED,UNFUSED_BOOLMAP,BITMAP,0.3707756996154785,0.005425
youtube-u-growth,ENABLED,TWC,None,0,PULL,ENABLED,FUSED,BOOLMAP,1.0431013107299805,0.00086
dblp_coauthor,ENABLED,TWC,None,0,PULL,ENABLED,FUSED,BOOLMAP,2.1244056224823,0.012531
soc-LiveJournal1,ENABLED,TWC,None,0,PULL,ENABLED,FUSED,BOOLMAP,9.81003451347351,0.043214
orkut-links,ENABLED,TWC,None,0,PULL,ENABLED,FUSED,BOOLMAP,20.799894094467163,0.003913
roadNet-CA,ENABLED,TWC,None,0,PULL,ENABLED,FUSED,BOOLMAP,0.33231449127197266,0.000331
youtube-u-growth,DISABLED,WM,None,0,PULL,ENABLED,FUSED,BOOLMAP,1.479895830154419,0.044322
dblp_coauthor,DISABLED,WM,None,0,PULL,ENABLED,FUSED,BOOLMAP,2.129025936126709,0.009726
soc-LiveJournal1,DISABLED,WM,None,0,PULL,ENABLED,FUSED,BOOLMAP,10.075676679611206,0.046608
orkut-links,DISABLED,WM,None,0,PULL,ENABLED,FUSED,BOOLMAP,18.107577085494995,0.024958
roadNet-CA,DISABLED,WM,None,0,PULL,ENABLED,FUSED,BOOLMAP,0.3732926845550537,0.005605
youtube-u-growth,DISABLED,CM,None,0,PULL,DISABLED,UNFUSED_BOOLMAP,BOOLMAP,1.1438920497894287,0.009635
dblp_coauthor,DISABLED,CM,None,0,PULL,DISABLED,UNFUSED_BOOLMAP,BOOLMAP,2.1160035133361816,0.006522
soc-LiveJournal1,DISABLED,CM,None,0,PULL,DISABLED,UNFUSED_BOOLMAP,BOOLMAP,9.576356649398804,0.02414
orkut-links,DISABLED,CM,None,0,PULL,DISABLED,UNFUSED_BOOLMAP,BOOLMAP,17.796613693237305,0.019439
roadNet-CA,DISABLED,CM,None,0,PULL,DISABLED,UNFUSED_BOOLMAP,BOOLMAP,0.3761556148529053,0.005789
youtube-u-growth,DISABLED,VERTEX_BASED,None,0,PULL,ENABLED,UNFUSED_BOOLMAP,BOOLMAP,4.432140827178955,0.338227
dblp_coauthor,DISABLED,VERTEX_BASED,None,0,PULL,ENABLED,UNFUSED_BOOLMAP,BOOLMAP,2.2263247966766357,0.019829
soc-LiveJournal1,DISABLED,VERTEX_BASED,None,0,PULL,ENABLED,UNFUSED_BOOLMAP,BOOLMAP,10.343262195587158,0.118192
orkut-links,DISABLED,VERTEX_BASED,None,0,PULL,ENABLED,UNFUSED_BOOLMAP,BOOLMAP,19.002670526504517,0.064851
roadNet-CA,DISABLED,VERTEX_BASED,None,0,PULL,ENABLED,UNFUSED_BOOLMAP,BOOLMAP,0.3675835132598877,0.005032
youtube-u-growth,ENABLED,TWCE,None,0,PUSH,ENABLED,FUSED,None,0.37675976753234863,0.006251
dblp_coauthor,ENABLED,TWCE,None,0,PUSH,ENABLED,FUSED,None,0.4390261173248291,0.004473
soc-LiveJournal1,ENABLED,TWCE,None,0,PUSH,ENABLED,FUSED,None,1.1635661125183105,0.012887
orkut-links,ENABLED,TWCE,None,0,PUSH,ENABLED,FUSED,None,1.8252990245819092,0.015116
roadNet-CA,ENABLED,TWCE,None,0,PUSH,ENABLED,FUSED,None,0.23104095458984375,0.000935
youtube-u-growth,DISABLED,CM,None,0,PULL,DISABLED,FUSED,BOOLMAP,1.269768476486206,0.010146
dblp_coauthor,DISABLED,CM,None,0,PULL,DISABLED,FUSED,BOOLMAP,2.113128900527954,0.006835
soc-LiveJournal1,DISABLED,CM,None,0,PULL,DISABLED,FUSED,BOOLMAP,10.023648977279663,0.024498
orkut-links,DISABLED,CM,None,0,PULL,DISABLED,FUSED,BOOLMAP,18.86360478401184,0.019754
roadNet-CA,DISABLED,CM,None,0,PULL,DISABLED,FUSED,BOOLMAP,0.37712788581848145,0.006204
youtube-u-growth,DISABLED,WM,None,0,PUSH,ENABLED,UNFUSED_BITMAP,None,0.40903210639953613,0.009092
dblp_coauthor,DISABLED,WM,None,0,PUSH,ENABLED,UNFUSED_BITMAP,None,0.4299943447113037,0.003719
soc-LiveJournal1,DISABLED,WM,None,0,PUSH,ENABLED,UNFUSED_BITMAP,None,1.1508569717407227,0.00929
orkut-links,DISABLED,WM,None,0,PUSH,ENABLED,UNFUSED_BITMAP,None,1.7765803337097168,0.011196
roadNet-CA,DISABLED,WM,None,0,PUSH,ENABLED,UNFUSED_BITMAP,None,0.24334454536437988,0.001974
youtube-u-growth,DISABLED,VERTEX_BASED,None,0,PUSH,DISABLED,FUSED,None,0.8673694133758545,0.053791
dblp_coauthor,DISABLED,VERTEX_BASED,None,0,PUSH,DISABLED,FUSED,None,0.5340709686279297,0.014014
soc-LiveJournal1,DISABLED,VERTEX_BASED,None,0,PUSH,DISABLED,FUSED,None,1.61659836769104,0.05129
orkut-links,DISABLED,VERTEX_BASED,None,0,PUSH,DISABLED,FUSED,None,2.404611825942993,0.083278
roadNet-CA,DISABLED,VERTEX_BASED,None,0,PUSH,DISABLED,FUSED,None,0.25461316108703613,0.001529
youtube-u-growth,ENABLED,WM,None,0,PULL,DISABLED,FUSED,BITMAP,1.0884575843811035,0.003568
dblp_coauthor,ENABLED,WM,None,0,PULL,DISABLED,FUSED,BITMAP,2.1936566829681396,0.015989
soc-LiveJournal1,ENABLED,WM,None,0,PULL,DISABLED,FUSED,BITMAP,9.93127155303955,0.056219
orkut-links,ENABLED,WM,None,0,PULL,DISABLED,FUSED,BITMAP,18.180058479309082,0.008096
roadNet-CA,ENABLED,WM,None,0,PULL,DISABLED,FUSED,BITMAP,0.32088446617126465,0.000267
youtube-u-growth,DISABLED,TWCE,None,0,PULL,ENABLED,UNFUSED_BITMAP,BITMAP,1.3069567680358887,0.025759
dblp_coauthor,DISABLED,TWCE,None,0,PULL,ENABLED,UNFUSED_BITMAP,BITMAP,2.2148234844207764,0.015015
soc-LiveJournal1,DISABLED,TWCE,None,0,PULL,ENABLED,UNFUSED_BITMAP,BITMAP,9.57238221168518,0.044783
orkut-links,DISABLED,TWCE,None,0,PULL,ENABLED,UNFUSED_BITMAP,BITMAP,17.646533966064453,0.029386
roadNet-CA,DISABLED,TWCE,None,0,PULL,ENABLED,UNFUSED_BITMAP,BITMAP,0.49671149253845215,0.016074
youtube-u-growth,DISABLED,WM,None,0,PULL,ENABLED,UNFUSED_BITMAP,BITMAP,1.4751026630401611,0.04215
dblp_coauthor,DISABLED,WM,None,0,PULL,ENABLED,UNFUSED_BITMAP,BITMAP,2.1746456623077393,0.008882
soc-LiveJournal1,DISABLED,WM,None,0,PULL,ENABLED,UNFUSED_BITMAP,BITMAP,9.96673035621643,0.038626
orkut-links,DISABLED,WM,None,0,PULL,ENABLED,UNFUSED_BITMAP,BITMAP,18.428030252456665,0.021126
roadNet-CA,DISABLED,WM,None,0,PULL,ENABLED,UNFUSED_BITMAP,BITMAP,0.37129950523376465,0.005231
youtube-u-growth,ENABLED,WM,None,0,PUSH,ENABLED,UNFUSED_BOOLMAP,None,0.4156227111816406,0.009074
dblp_coauthor,ENABLED,WM,None,0,PUSH,ENABLED,UNFUSED_BOOLMAP,None,0.4326326847076416,0.003794
soc-LiveJournal1,ENABLED,WM,None,0,PUSH,ENABLED,UNFUSED_BOOLMAP,None,1.1557228565216064,0.011224
orkut-links,ENABLED,WM,None,0,PUSH,ENABLED,UNFUSED_BOOLMAP,None,1.8241548538208008,0.01473
roadNet-CA,ENABLED,WM,None,0,PUSH,ENABLED,UNFUSED_BOOLMAP,None,0.23339486122131348,0.001307
youtube-u-growth,DISABLED,VERTEX_BASED,None,0,PULL,DISABLED,FUSED,BITMAP,3.9104204177856445,0.282319
dblp_coauthor,DISABLED,VERTEX_BASED,None,0,PULL,DISABLED,FUSED,BITMAP,2.2184877395629883,0.017434
soc-LiveJournal1,DISABLED,VERTEX_BASED,None,0,PULL,DISABLED,FUSED,BITMAP,10.387969255447388,0.086675
orkut-links,DISABLED,VERTEX_BASED,None,0,PULL,DISABLED,FUSED,BITMAP,18.625667095184326,0.053072
roadNet-CA,DISABLED,VERTEX_BASED,None,0,PULL,DISABLED,FUSED,BITMAP,0.3628518581390381,0.00525
youtube-u-growth,DISABLED,CM,None,0,PUSH,ENABLED,UNFUSED_BITMAP,None,0.3484184741973877,0.003702
dblp_coauthor,DISABLED,CM,None,0,PUSH,ENABLED,UNFUSED_BITMAP,None,0.4181520938873291,0.003027
soc-LiveJournal1,DISABLED,CM,None,0,PUSH,ENABLED,UNFUSED_BITMAP,None,1.124624490737915,0.006645
orkut-links,DISABLED,CM,None,0,PUSH,ENABLED,UNFUSED_BITMAP,None,1.6436445713043213,0.006723
roadNet-CA,DISABLED,CM,None,0,PUSH,ENABLED,UNFUSED_BITMAP,None,0.24252057075500488,0.001999
youtube-u-growth,DISABLED,VERTEX_BASED,None,0,PUSH,ENABLED,UNFUSED_BOOLMAP,None,0.8263523578643799,0.050356
dblp_coauthor,DISABLED,VERTEX_BASED,None,0,PUSH,ENABLED,UNFUSED_BOOLMAP,None,0.5019075870513916,0.010712
soc-LiveJournal1,DISABLED,VERTEX_BASED,None,0,PUSH,ENABLED,UNFUSED_BOOLMAP,None,1.4574017524719238,0.034399
orkut-links,DISABLED,VERTEX_BASED,None,0,PUSH,ENABLED,UNFUSED_BOOLMAP,None,2.325570821762085,0.063686
roadNet-CA,DISABLED,VERTEX_BASED,None,0,PUSH,ENABLED,UNFUSED_BOOLMAP,None,0.2544093132019043,0.0019
youtube-u-growth,ENABLED,CM,None,0,PULL,DISABLED,UNFUSED_BITMAP,BOOLMAP,1.0514779090881348,0.000817
dblp_coauthor,ENABLED,CM,None,0,PULL,DISABLED,UNFUSED_BITMAP,BOOLMAP,2.1763501167297363,0.009637
soc-LiveJournal1,ENABLED,CM,None,0,PULL,DISABLED,UNFUSED_BITMAP,BOOLMAP,9.512125730514526,0.031442
orkut-links,ENABLED,CM,None,0,PULL,DISABLED,UNFUSED_BITMAP,BOOLMAP,18.728423833847046,0.003244
roadNet-CA,ENABLED,CM,None,0,PULL,DISABLED,UNFUSED_BITMAP,BOOLMAP,0.3151373863220215,0.000332
youtube-u-growth,ENABLED,WM,None,0,PULL,DISABLED,UNFUSED_BOOLMAP,BOOLMAP,1.0843820571899414,0.003725
dblp_coauthor,ENABLED,WM,None,0,PULL,DISABLED,UNFUSED_BOOLMAP,BOOLMAP,2.2543907165527344,0.016248
soc-LiveJournal1,ENABLED,WM,None,0,PULL,DISABLED,UNFUSED_BOOLMAP,BOOLMAP,9.871738195419312,0.061586
orkut-links,ENABLED,WM,None,0,PULL,DISABLED,UNFUSED_BOOLMAP,BOOLMAP,17.680546283721924,0.007379
roadNet-CA,ENABLED,WM,None,0,PULL,DISABLED,UNFUSED_BOOLMAP,BOOLMAP,0.3311655521392822,0.000292
youtube-u-growth,ENABLED,WM,None,0,PUSH,DISABLED,UNFUSED_BOOLMAP,None,0.41428589820861816,0.00908
dblp_coauthor,ENABLED,WM,None,0,PUSH,DISABLED,UNFUSED_BOOLMAP,None,0.4163830280303955,0.003843
soc-LiveJournal1,ENABLED,WM,None,0,PUSH,DISABLED,UNFUSED_BOOLMAP,None,1.1470189094543457,0.011064
orkut-links,ENABLED,WM,None,0,PUSH,DISABLED,UNFUSED_BOOLMAP,None,1.832190990447998,0.014749
roadNet-CA,ENABLED,WM,None,0,PUSH,DISABLED,UNFUSED_BOOLMAP,None,0.2385408878326416,0.001311
youtube-u-growth,DISABLED,CM,None,0,PUSH,ENABLED,UNFUSED_BOOLMAP,None,0.35402941703796387,0.003918
dblp_coauthor,DISABLED,CM,None,0,PUSH,ENABLED,UNFUSED_BOOLMAP,None,0.47195982933044434,0.003213
soc-LiveJournal1,DISABLED,CM,None,0,PUSH,ENABLED,UNFUSED_BOOLMAP,None,1.1400611400604248,0.00735
orkut-links,DISABLED,CM,None,0,PUSH,ENABLED,UNFUSED_BOOLMAP,None,1.7286365032196045,0.007038
roadNet-CA,DISABLED,CM,None,0,PUSH,ENABLED,UNFUSED_BOOLMAP,None,0.2412247657775879,0.001917
youtube-u-growth,ENABLED,TWC,None,0,PUSH,DISABLED,UNFUSED_BITMAP,None,0.34151411056518555,0.00349
dblp_coauthor,ENABLED,TWC,None,0,PUSH,DISABLED,UNFUSED_BITMAP,None,0.42099523544311523,0.00282
soc-LiveJournal1,ENABLED,TWC,None,0,PUSH,DISABLED,UNFUSED_BITMAP,None,1.1228172779083252,0.008615
orkut-links,ENABLED,TWC,None,0,PUSH,DISABLED,UNFUSED_BITMAP,None,1.805384874343872,0.009088
roadNet-CA,ENABLED,TWC,None,0,PUSH,DISABLED,UNFUSED_BITMAP,None,0.23905563354492188,0.001496
youtube-u-growth,DISABLED,VERTEX_BASED,None,0,PULL,ENABLED,FUSED,BITMAP,3.850268840789795,0.282494
dblp_coauthor,DISABLED,VERTEX_BASED,None,0,PULL,ENABLED,FUSED,BITMAP,2.2409799098968506,0.017408
soc-LiveJournal1,DISABLED,VERTEX_BASED,None,0,PULL,ENABLED,FUSED,BITMAP,10.012516021728516,0.086794
orkut-links,DISABLED,VERTEX_BASED,None,0,PULL,ENABLED,FUSED,BITMAP,18.524186849594116,0.053056
roadNet-CA,DISABLED,VERTEX_BASED,None,0,PULL,ENABLED,FUSED,BITMAP,0.36461329460144043,0.005319
youtube-u-growth,DISABLED,TWCE,None,0,PUSH,ENABLED,FUSED,None,0.3725571632385254,0.005328
dblp_coauthor,DISABLED,TWCE,None,0,PUSH,ENABLED,FUSED,None,0.41327714920043945,0.003588
soc-LiveJournal1,DISABLED,TWCE,None,0,PUSH,ENABLED,FUSED,None,1.1701281070709229,0.010223
orkut-links,DISABLED,TWCE,None,0,PUSH,ENABLED,FUSED,None,1.7707297801971436,0.011796
roadNet-CA,DISABLED,TWCE,None,0,PUSH,ENABLED,FUSED,None,0.23768043518066406,0.001516
youtube-u-growth,DISABLED,TWCE,None,0,PULL,DISABLED,UNFUSED_BOOLMAP,BOOLMAP,1.3223161697387695,0.026125
dblp_coauthor,DISABLED,TWCE,None,0,PULL,DISABLED,UNFUSED_BOOLMAP,BOOLMAP,2.2134861946105957,0.015418
soc-LiveJournal1,DISABLED,TWCE,None,0,PULL,DISABLED,UNFUSED_BOOLMAP,BOOLMAP,10.026709794998169,0.050822
orkut-links,DISABLED,TWCE,None,0,PULL,DISABLED,UNFUSED_BOOLMAP,BOOLMAP,18.464690446853638,0.032552
roadNet-CA,DISABLED,TWCE,None,0,PULL,DISABLED,UNFUSED_BOOLMAP,BOOLMAP,0.47408056259155273,0.015913
youtube-u-growth,DISABLED,CM,None,0,PULL,ENABLED,FUSED,BITMAP,1.1331548690795898,0.00963
dblp_coauthor,DISABLED,CM,None,0,PULL,ENABLED,FUSED,BITMAP,2.1338508129119873,0.006486
soc-LiveJournal1,DISABLED,CM,None,0,PULL,ENABLED,FUSED,BITMAP,9.234063386917114,0.021246
orkut-links,DISABLED,CM,None,0,PULL,ENABLED,FUSED,BITMAP,17.571593761444092,0.017035
roadNet-CA,DISABLED,CM,None,0,PULL,ENABLED,FUSED,BITMAP,0.3753635883331299,0.006182
youtube-u-growth,ENABLED,CM,None,0,PUSH,DISABLED,UNFUSED_BITMAP,None,0.3473472595214844,0.003776
dblp_coauthor,ENABLED,CM,None,0,PUSH,DISABLED,UNFUSED_BITMAP,None,0.4352288246154785,0.002873
soc-LiveJournal1,ENABLED,CM,None,0,PUSH,DISABLED,UNFUSED_BITMAP,None,1.11484956741333,0.007404
orkut-links,ENABLED,CM,None,0,PUSH,DISABLED,UNFUSED_BITMAP,None,1.72804594039917,0.007691
roadNet-CA,ENABLED,CM,None,0,PUSH,DISABLED,UNFUSED_BITMAP,None,0.23421382904052734,0.001367
youtube-u-growth,DISABLED,WM,None,0,PULL,ENABLED,FUSED,BITMAP,1.4637532234191895,0.042445
dblp_coauthor,DISABLED,WM,None,0,PULL,ENABLED,FUSED,BITMAP,2.1725289821624756,0.009153
soc-LiveJournal1,DISABLED,WM,None,0,PULL,ENABLED,FUSED,BITMAP,9.80574893951416,0.039194
orkut-links,DISABLED,WM,None,0,PULL,ENABLED,FUSED,BITMAP,20.19192624092102,0.021986
roadNet-CA,DISABLED,WM,None,0,PULL,ENABLED,FUSED,BITMAP,0.3697483539581299,0.005571
youtube-u-growth,ENABLED,TWC,None,0,PUSH,DISABLED,UNFUSED_BOOLMAP,None,0.3427250385284424,0.003689
dblp_coauthor,ENABLED,TWC,None,0,PUSH,DISABLED,UNFUSED_BOOLMAP,None,0.40015149116516113,0.00298
soc-LiveJournal1,ENABLED,TWC,None,0,PUSH,DISABLED,UNFUSED_BOOLMAP,None,1.1718332767486572,0.00906
orkut-links,ENABLED,TWC,None,0,PUSH,DISABLED,UNFUSED_BOOLMAP,None,1.7286698818206787,0.009335
roadNet-CA,ENABLED,TWC,None,0,PUSH,DISABLED,UNFUSED_BOOLMAP,None,0.22282695770263672,0.001529
youtube-u-growth,ENABLED,TWCE,None,0,PULL,DISABLED,FUSED,BITMAP,1.0354125499725342,0.001357
dblp_coauthor,ENABLED,TWCE,None,0,PULL,DISABLED,FUSED,BITMAP,2.6960291862487793,0.017136
soc-LiveJournal1,ENABLED,TWCE,None,0,PULL,DISABLED,FUSED,BITMAP,9.509166955947876,0.049473
orkut-links,ENABLED,TWCE,None,0,PULL,DISABLED,FUSED,BITMAP,17.167202472686768,0.00401
roadNet-CA,ENABLED,TWCE,None,0,PULL,DISABLED,FUSED,BITMAP,0.31874775886535645,0.000614
youtube-u-growth,ENABLED,CM,None,0,PULL,ENABLED,UNFUSED_BOOLMAP,BOOLMAP,1.0425777435302734,0.000825
dblp_coauthor,ENABLED,CM,None,0,PULL,ENABLED,UNFUSED_BOOLMAP,BOOLMAP,2.166677236557007,0.009215
soc-LiveJournal1,ENABLED,CM,None,0,PULL,ENABLED,UNFUSED_BOOLMAP,BOOLMAP,11.156974792480469,0.030568
orkut-links,ENABLED,CM,None,0,PULL,ENABLED,UNFUSED_BOOLMAP,BOOLMAP,17.22691512107849,0.002849
roadNet-CA,ENABLED,CM,None,0,PULL,ENABLED,UNFUSED_BOOLMAP,BOOLMAP,0.3215787410736084,0.000327
youtube-u-growth,DISABLED,TWC,None,0,PUSH,DISABLED,UNFUSED_BITMAP,None,0.3388664722442627,0.003581
dblp_coauthor,DISABLED,TWC,None,0,PUSH,DISABLED,UNFUSED_BITMAP,None,0.40390801429748535,0.002845
soc-LiveJournal1,DISABLED,TWC,None,0,PUSH,DISABLED,UNFUSED_BITMAP,None,1.1027441024780273,0.007676
orkut-links,DISABLED,TWC,None,0,PUSH,DISABLED,UNFUSED_BITMAP,None,1.6950132846832275,0.006785
roadNet-CA,DISABLED,TWC,None,0,PUSH,DISABLED,UNFUSED_BITMAP,None,0.2410871982574463,0.00233
youtube-u-growth,DISABLED,WM,None,0,PULL,DISABLED,FUSED,BITMAP,1.4698774814605713,0.042625
dblp_coauthor,DISABLED,WM,None,0,PULL,DISABLED,FUSED,BITMAP,2.1605396270751953,0.009151
soc-LiveJournal1,DISABLED,WM,None,0,PULL,DISABLED,FUSED,BITMAP,9.492438077926636,0.039258
orkut-links,DISABLED,WM,None,0,PULL,DISABLED,FUSED,BITMAP,18.1038920879364,0.021247
roadNet-CA,DISABLED,WM,None,0,PULL,DISABLED,FUSED,BITMAP,0.3894639015197754,0.005654
youtube-u-growth,ENABLED,CM,None,0,PUSH,ENABLED,UNFUSED_BOOLMAP,None,0.352658748626709,0.003933
dblp_coauthor,ENABLED,CM,None,0,PUSH,ENABLED,UNFUSED_BOOLMAP,None,0.40599870681762695,0.003009
soc-LiveJournal1,ENABLED,CM,None,0,PUSH,ENABLED,UNFUSED_BOOLMAP,None,1.1153926849365234,0.007712
orkut-links,ENABLED,CM,None,0,PUSH,ENABLED,UNFUSED_BOOLMAP,None,1.7308437824249268,0.007631
roadNet-CA,ENABLED,CM,None,0,PUSH,ENABLED,UNFUSED_BOOLMAP,None,0.23143386840820312,0.001403
youtube-u-growth,DISABLED,TWCE,None,0,PULL,ENABLED,UNFUSED_BOOLMAP,BITMAP,1.2927677631378174,0.026117
dblp_coauthor,DISABLED,TWCE,None,0,PULL,ENABLED,UNFUSED_BOOLMAP,BITMAP,2.1965219974517822,0.015191
soc-LiveJournal1,DISABLED,TWCE,None,0,PULL,ENABLED,UNFUSED_BOOLMAP,BITMAP,10.517429113388062,0.04518
orkut-links,DISABLED,TWCE,None,0,PULL,ENABLED,UNFUSED_BOOLMAP,BITMAP,19.479472637176514,0.029468
roadNet-CA,DISABLED,TWCE,None,0,PULL,ENABLED,UNFUSED_BOOLMAP,BITMAP,0.4709787368774414,0.016154
youtube-u-growth,DISABLED,WM,None,0,PUSH,ENABLED,FUSED,None,0.4299485683441162,0.011142
dblp_coauthor,DISABLED,WM,None,0,PUSH,ENABLED,FUSED,None,0.4205141067504883,0.004148
soc-LiveJournal1,DISABLED,WM,None,0,PUSH,ENABLED,FUSED,None,1.1179592609405518,0.010544
orkut-links,DISABLED,WM,None,0,PUSH,ENABLED,FUSED,None,1.7156920433044434,0.014857
roadNet-CA,DISABLED,WM,None,0,PUSH,ENABLED,FUSED,None,0.23315644264221191,0.001437
youtube-u-growth,ENABLED,TWC,None,0,PULL,DISABLED,UNFUSED_BOOLMAP,BITMAP,1.0660810470581055,0.000827
dblp_coauthor,ENABLED,TWC,None,0,PULL,DISABLED,UNFUSED_BOOLMAP,BITMAP,2.2464535236358643,0.012376
soc-LiveJournal1,ENABLED,TWC,None,0,PULL,DISABLED,UNFUSED_BOOLMAP,BITMAP,9.989728212356567,0.038128
orkut-links,ENABLED,TWC,None,0,PULL,DISABLED,UNFUSED_BOOLMAP,BITMAP,20.650877952575684,0.004087
roadNet-CA,ENABLED,TWC,None,0,PULL,DISABLED,UNFUSED_BOOLMAP,BITMAP,0.32584190368652344,0.000356
youtube-u-growth,ENABLED,WM,None,0,PUSH,DISABLED,FUSED,None,0.428849458694458,0.011084
dblp_coauthor,ENABLED,WM,None,0,PUSH,DISABLED,FUSED,None,0.4366476535797119,0.004592
soc-LiveJournal1,ENABLED,WM,None,0,PUSH,DISABLED,FUSED,None,1.137524127960205,0.011527
orkut-links,ENABLED,WM,None,0,PUSH,DISABLED,FUSED,None,1.8261821269989014,0.017698
roadNet-CA,ENABLED,WM,None,0,PUSH,DISABLED,FUSED,None,0.22951889038085938,0.000614
youtube-u-growth,ENABLED,CM,None,0,PULL,DISABLED,UNFUSED_BITMAP,BITMAP,1.041637897491455,0.000761
dblp_coauthor,ENABLED,CM,None,0,PULL,DISABLED,UNFUSED_BITMAP,BITMAP,2.1487224102020264,0.008952
soc-LiveJournal1,ENABLED,CM,None,0,PULL,DISABLED,UNFUSED_BITMAP,BITMAP,10.510644674301147,0.026707
orkut-links,ENABLED,CM,None,0,PULL,DISABLED,UNFUSED_BITMAP,BITMAP,18.274349451065063,0.002661
roadNet-CA,ENABLED,CM,None,0,PULL,DISABLED,UNFUSED_BITMAP,BITMAP,0.32231879234313965,0.000318
youtube-u-growth,DISABLED,TWC,None,0,PUSH,ENABLED,UNFUSED_BOOLMAP,None,0.34309983253479004,0.003823
dblp_coauthor,DISABLED,TWC,None,0,PUSH,ENABLED,UNFUSED_BOOLMAP,None,0.41156601905822754,0.003106
soc-LiveJournal1,DISABLED,TWC,None,0,PUSH,ENABLED,UNFUSED_BOOLMAP,None,1.115215539932251,0.008476
orkut-links,DISABLED,TWC,None,0,PUSH,ENABLED,UNFUSED_BOOLMAP,None,1.6374571323394775,0.007291
roadNet-CA,DISABLED,TWC,None,0,PUSH,ENABLED,UNFUSED_BOOLMAP,None,0.24604582786560059,0.002312
youtube-u-growth,DISABLED,TWCE,None,0,PULL,ENABLED,FUSED,BITMAP,1.298567295074463,0.025735
dblp_coauthor,DISABLED,TWCE,None,0,PULL,ENABLED,FUSED,BITMAP,2.159736394882202,0.015143
soc-LiveJournal1,DISABLED,TWCE,None,0,PULL,ENABLED,FUSED,BITMAP,9.59297251701355,0.044845
orkut-links,DISABLED,TWCE,None,0,PULL,ENABLED,FUSED,BITMAP,17.807648181915283,0.029502
roadNet-CA,DISABLED,TWCE,None,0,PULL,ENABLED,FUSED,BITMAP,0.47993898391723633,0.01642
youtube-u-growth,DISABLED,CM,None,0,PULL,DISABLED,UNFUSED_BITMAP,BOOLMAP,1.126460075378418,0.010271
dblp_coauthor,DISABLED,CM,None,0,PULL,DISABLED,UNFUSED_BITMAP,BOOLMAP,2.055565595626831,0.006927
soc-LiveJournal1,DISABLED,CM,None,0,PULL,DISABLED,UNFUSED_BITMAP,BOOLMAP,9.445446968078613,0.024887
orkut-links,DISABLED,CM,None,0,PULL,DISABLED,UNFUSED_BITMAP,BOOLMAP,17.41179394721985,0.020631
roadNet-CA,DISABLED,CM,None,0,PULL,DISABLED,UNFUSED_BITMAP,BOOLMAP,0.423206090927124,0.006375
youtube-u-growth,DISABLED,TWCE,None,0,PULL,DISABLED,UNFUSED_BOOLMAP,BITMAP,1.3106045722961426,0.02611
dblp_coauthor,DISABLED,TWCE,None,0,PULL,DISABLED,UNFUSED_BOOLMAP,BITMAP,2.2320992946624756,0.015195
soc-LiveJournal1,DISABLED,TWCE,None,0,PULL,DISABLED,UNFUSED_BOOLMAP,BITMAP,10.01261043548584,0.045164
orkut-links,DISABLED,TWCE,None,0,PULL,DISABLED,UNFUSED_BOOLMAP,BITMAP,17.449963331222534,0.029449
roadNet-CA,DISABLED,TWCE,None,0,PULL,DISABLED,UNFUSED_BOOLMAP,BITMAP,0.4747745990753174,0.016141
youtube-u-growth,DISABLED,WM,None,0,PUSH,DISABLED,FUSED,None,0.43050122261047363,0.011407
dblp_coauthor,DISABLED,WM,None,0,PUSH,DISABLED,FUSED,None,0.422152042388916,0.004183
soc-LiveJournal1,DISABLED,WM,None,0,PUSH,DISABLED,FUSED,None,1.126821517944336,0.010539
orkut-links,DISABLED,WM,None,0,PUSH,DISABLED,FUSED,None,1.834169626235962,0.01435
roadNet-CA,DISABLED,WM,None,0,PUSH,DISABLED,FUSED,None,0.23536443710327148,0.001441
youtube-u-growth,ENABLED,WM,None,0,PULL,ENABLED,UNFUSED_BITMAP,BITMAP,1.0842642784118652,0.003509
dblp_coauthor,ENABLED,WM,None,0,PULL,ENABLED,UNFUSED_BITMAP,BITMAP,2.27065372467041,0.015821
soc-LiveJournal1,ENABLED,WM,None,0,PULL,ENABLED,UNFUSED_BITMAP,BITMAP,10.264442920684814,0.055878
orkut-links,ENABLED,WM,None,0,PULL,ENABLED,UNFUSED_BITMAP,BITMAP,18.57014226913452,0.007628
roadNet-CA,ENABLED,WM,None,0,PULL,ENABLED,UNFUSED_BITMAP,BITMAP,0.33710813522338867,0.000282
youtube-u-growth,ENABLED,CM,None,0,PULL,DISABLED,FUSED,BITMAP,1.011892557144165,0.000727
dblp_coauthor,ENABLED,CM,None,0,PULL,DISABLED,FUSED,BITMAP,2.167189598083496,0.009968
soc-LiveJournal1,ENABLED,CM,None,0,PULL,DISABLED,FUSED,BITMAP,9.667743921279907,0.026772
orkut-links,ENABLED,CM,None,0,PULL,DISABLED,FUSED,BITMAP,17.988659620285034,0.002621
roadNet-CA,ENABLED,CM,None,0,PULL,DISABLED,FUSED,BITMAP,0.32279086112976074,0.000304
youtube-u-growth,ENABLED,VERTEX_BASED,None,0,PUSH,ENABLED,FUSED,None,1.5286989212036133,0.118984
dblp_coauthor,ENABLED,VERTEX_BASED,None,0,PUSH,ENABLED,FUSED,None,0.5719583034515381,0.016395
soc-LiveJournal1,ENABLED,VERTEX_BASED,None,0,PUSH,ENABLED,FUSED,None,1.5766212940216064,0.059204
orkut-links,ENABLED,VERTEX_BASED,None,0,PUSH,ENABLED,FUSED,None,2.8191137313842773,0.117746
roadNet-CA,ENABLED,VERTEX_BASED,None,0,PUSH,ENABLED,FUSED,None,0.2529571056365967,0.000588
youtube-u-growth,DISABLED,CM,None,0,PULL,ENABLED,UNFUSED_BITMAP,BOOLMAP,1.1250264644622803,0.010316
dblp_coauthor,DISABLED,CM,None,0,PULL,ENABLED,UNFUSED_BITMAP,BOOLMAP,2.151884078979492,0.00688
soc-LiveJournal1,DISABLED,CM,None,0,PULL,ENABLED,UNFUSED_BITMAP,BOOLMAP,9.464654445648193,0.025703
orkut-links,DISABLED,CM,None,0,PULL,ENABLED,UNFUSED_BITMAP,BOOLMAP,18.64936065673828,0.019782
roadNet-CA,DISABLED,CM,None,0,PULL,ENABLED,UNFUSED_BITMAP,BOOLMAP,0.3732936382293701,0.006262
youtube-u-growth,ENABLED,CM,None,0,PULL,ENABLED,UNFUSED_BOOLMAP,BITMAP,1.021071434020996,0.000777
dblp_coauthor,ENABLED,CM,None,0,PULL,ENABLED,UNFUSED_BOOLMAP,BITMAP,2.071808338165283,0.009238
soc-LiveJournal1,ENABLED,CM,None,0,PULL,ENABLED,UNFUSED_BOOLMAP,BITMAP,9.798261642456055,0.027254
orkut-links,ENABLED,CM,None,0,PULL,ENABLED,UNFUSED_BOOLMAP,BITMAP,17.976256370544434,0.002665
roadNet-CA,ENABLED,CM,None,0,PULL,ENABLED,UNFUSED_BOOLMAP,BITMAP,0.3279726505279541,0.000325
youtube-u-growth,DISABLED,WM,None,0,PULL,ENABLED,UNFUSED_BITMAP,BOOLMAP,1.5139822959899902,0.044483
dblp_coauthor,DISABLED,WM,None,0,PULL,ENABLED,UNFUSED_BITMAP,BOOLMAP,2.1655824184417725,0.00971
soc-LiveJournal1,DISABLED,WM,None,0,PULL,ENABLED,UNFUSED_BITMAP,BOOLMAP,10.686551094055176,0.046805
orkut-links,DISABLED,WM,None,0,PULL,ENABLED,UNFUSED_BITMAP,BOOLMAP,17.695865392684937,0.025107
roadNet-CA,DISABLED,WM,None,0,PULL,ENABLED,UNFUSED_BITMAP,BOOLMAP,0.3582954406738281,0.005781
youtube-u-growth,ENABLED,VERTEX_BASED,None,0,PULL,DISABLED,UNFUSED_BITMAP,BITMAP,1.7387893199920654,0.066081
dblp_coauthor,ENABLED,VERTEX_BASED,None,0,PULL,DISABLED,UNFUSED_BITMAP,BITMAP,2.563464641571045,0.0466
soc-LiveJournal1,ENABLED,VERTEX_BASED,None,0,PULL,DISABLED,UNFUSED_BITMAP,BITMAP,12.16313624382019,0.236024
orkut-links,ENABLED,VERTEX_BASED,None,0,PULL,DISABLED,UNFUSED_BITMAP,BITMAP,18.479274034500122,0.032119
roadNet-CA,ENABLED,VERTEX_BASED,None,0,PULL,DISABLED,UNFUSED_BITMAP,BITMAP,0.32200145721435547,0.000274
youtube-u-growth,ENABLED,WM,None,0,PULL,ENABLED,FUSED,BITMAP,1.2199172973632812,0.003726
dblp_coauthor,ENABLED,WM,None,0,PULL,ENABLED,FUSED,BITMAP,2.2680857181549072,0.015806
soc-LiveJournal1,ENABLED,WM,None,0,PULL,ENABLED,FUSED,BITMAP,10.02655029296875,0.055995
orkut-links,ENABLED,WM,None,0,PULL,ENABLED,FUSED,BITMAP,18.358696699142456,0.007214
roadNet-CA,ENABLED,WM,None,0,PULL,ENABLED,FUSED,BITMAP,0.3162832260131836,0.000272
youtube-u-growth,ENABLED,TWCE,None,0,PULL,ENABLED,UNFUSED_BOOLMAP,BITMAP,1.0687634944915771,0.001428
dblp_coauthor,ENABLED,TWCE,None,0,PULL,ENABLED,UNFUSED_BOOLMAP,BITMAP,2.2432172298431396,0.018366
soc-LiveJournal1,ENABLED,TWCE,None,0,PULL,ENABLED,UNFUSED_BOOLMAP,BITMAP,10.424417972564697,0.052312
orkut-links,ENABLED,TWCE,None,0,PULL,ENABLED,UNFUSED_BOOLMAP,BITMAP,17.66833209991455,0.003899
roadNet-CA,ENABLED,TWCE,None,0,PULL,ENABLED,UNFUSED_BOOLMAP,BITMAP,0.3157031536102295,0.000684
youtube-u-growth,ENABLED,TWC,None,0,PUSH,ENABLED,UNFUSED_BOOLMAP,None,0.349961519241333,0.003669
dblp_coauthor,ENABLED,TWC,None,0,PUSH,ENABLED,UNFUSED_BOOLMAP,None,0.4018983840942383,0.002968
soc-LiveJournal1,ENABLED,TWC,None,0,PUSH,ENABLED,UNFUSED_BOOLMAP,None,1.1078479290008545,0.009072
orkut-links,ENABLED,TWC,None,0,PUSH,ENABLED,UNFUSED_BOOLMAP,None,1.7421908378601074,0.009347
roadNet-CA,ENABLED,TWC,None,0,PUSH,ENABLED,UNFUSED_BOOLMAP,None,0.23365211486816406,0.001534
youtube-u-growth,ENABLED,TWCE,None,0,PUSH,DISABLED,FUSED,None,0.3820986747741699,0.006391
dblp_coauthor,ENABLED,TWCE,None,0,PUSH,DISABLED,FUSED,None,0.43155479431152344,0.004493
soc-LiveJournal1,ENABLED,TWCE,None,0,PUSH,DISABLED,FUSED,None,1.172147512435913,0.012896
orkut-links,ENABLED,TWCE,None,0,PUSH,DISABLED,FUSED,None,1.8134596347808838,0.015084
roadNet-CA,ENABLED,TWCE,None,0,PUSH,DISABLED,FUSED,None,0.22974824905395508,0.000941
youtube-u-growth,DISABLED,VERTEX_BASED,None,0,PULL,DISABLED,UNFUSED_BITMAP,BITMAP,3.865670919418335,0.281629
dblp_coauthor,DISABLED,VERTEX_BASED,None,0,PULL,DISABLED,UNFUSED_BITMAP,BITMAP,2.25990629196167,0.01713
soc-LiveJournal1,DISABLED,VERTEX_BASED,None,0,PULL,DISABLED,UNFUSED_BITMAP,BITMAP,10.456753730773926,0.085688
orkut-links,DISABLED,VERTEX_BASED,None,0,PULL,DISABLED,UNFUSED_BITMAP,BITMAP,18.25216841697693,0.052777
roadNet-CA,DISABLED,VERTEX_BASED,None,0,PULL,DISABLED,UNFUSED_BITMAP,BITMAP,0.36625242233276367,0.00486
youtube-u-growth,DISABLED,CM,None,0,PULL,DISABLED,UNFUSED_BITMAP,BITMAP,1.162278175354004,0.009115
dblp_coauthor,DISABLED,CM,None,0,PULL,DISABLED,UNFUSED_BITMAP,BITMAP,2.1592421531677246,0.006195
soc-LiveJournal1,DISABLED,CM,None,0,PULL,DISABLED,UNFUSED_BITMAP,BITMAP,9.644270181655884,0.01997
orkut-links,DISABLED,CM,None,0,PULL,DISABLED,UNFUSED_BITMAP,BITMAP,18.610528230667114,0.016764
roadNet-CA,DISABLED,CM,None,0,PULL,DISABLED,UNFUSED_BITMAP,BITMAP,0.3776364326477051,0.005759
youtube-u-growth,DISABLED,CM,None,0,PUSH,DISABLED,UNFUSED_BOOLMAP,None,0.3587303161621094,0.00399
dblp_coauthor,DISABLED,CM,None,0,PUSH,DISABLED,UNFUSED_BOOLMAP,None,0.41144657135009766,0.003195
soc-LiveJournal1,DISABLED,CM,None,0,PUSH,DISABLED,UNFUSED_BOOLMAP,None,1.1135790348052979,0.007382
orkut-links,DISABLED,CM,None,0,PUSH,DISABLED,UNFUSED_BOOLMAP,None,1.7295076847076416,0.007029
roadNet-CA,DISABLED,CM,None,0,PUSH,DISABLED,UNFUSED_BOOLMAP,None,0.2397758960723877,0.001925
youtube-u-growth,ENABLED,TWC,None,0,PUSH,DISABLED,FUSED,None,0.3602585792541504,0.003897
dblp_coauthor,ENABLED,TWC,None,0,PUSH,DISABLED,FUSED,None,0.4071476459503174,0.003188
soc-LiveJournal1,ENABLED,TWC,None,0,PUSH,DISABLED,FUSED,None,1.0882599353790283,0.009783
orkut-links,ENABLED,TWC,None,0,PUSH,DISABLED,FUSED,None,1.7696037292480469,0.011046
roadNet-CA,ENABLED,TWC,None,0,PUSH,DISABLED,FUSED,None,0.23519015312194824,0.000777
youtube-u-growth,DISABLED,WM,None,0,PULL,DISABLED,UNFUSED_BITMAP,BITMAP,1.4524223804473877,0.042069
dblp_coauthor,DISABLED,WM,None,0,PULL,DISABLED,UNFUSED_BITMAP,BITMAP,2.124281167984009,0.008875
soc-LiveJournal1,DISABLED,WM,None,0,PULL,DISABLED,UNFUSED_BITMAP,BITMAP,9.522359371185303,0.038653
orkut-links,DISABLED,WM,None,0,PULL,DISABLED,UNFUSED_BITMAP,BITMAP,18.580119371414185,0.021939
roadNet-CA,DISABLED,WM,None,0,PULL,DISABLED,UNFUSED_BITMAP,BITMAP,0.36782407760620117,0.005153
youtube-u-growth,ENABLED,WM,None,0,PUSH,DISABLED,UNFUSED_BITMAP,None,0.4124011993408203,0.009164
dblp_coauthor,ENABLED,WM,None,0,PUSH,DISABLED,UNFUSED_BITMAP,None,0.4331367015838623,0.003645
soc-LiveJournal1,ENABLED,WM,None,0,PUSH,DISABLED,UNFUSED_BITMAP,None,1.155405044555664,0.010757
orkut-links,ENABLED,WM,None,0,PUSH,DISABLED,UNFUSED_BITMAP,None,1.715630054473877,0.014395
roadNet-CA,ENABLED,WM,None,0,PUSH,DISABLED,UNFUSED_BITMAP,None,0.2352609634399414,0.001259
youtube-u-growth,ENABLED,TWC,None,0,PULL,DISABLED,UNFUSED_BITMAP,BOOLMAP,1.1058506965637207,0.000889
dblp_coauthor,ENABLED,TWC,None,0,PULL,DISABLED,UNFUSED_BITMAP,BOOLMAP,2.188089609146118,0.013152
soc-LiveJournal1,ENABLED,TWC,None,0,PULL,DISABLED,UNFUSED_BITMAP,BOOLMAP,9.765662908554077,0.044095
orkut-links,ENABLED,TWC,None,0,PULL,DISABLED,UNFUSED_BITMAP,BOOLMAP,18.459346532821655,0.003941
roadNet-CA,ENABLED,TWC,None,0,PULL,DISABLED,UNFUSED_BITMAP,BOOLMAP,0.31887173652648926,0.000363
youtube-u-growth,DISABLED,TWCE,None,0,PUSH,DISABLED,UNFUSED_BITMAP,None,0.35828399658203125,0.005358
dblp_coauthor,DISABLED,TWCE,None,0,PUSH,DISABLED,UNFUSED_BITMAP,None,0.40618228912353516,0.003341
soc-LiveJournal1,DISABLED,TWCE,None,0,PUSH,DISABLED,UNFUSED_BITMAP,None,1.0639870166778564,0.008823
orkut-links,DISABLED,TWCE,None,0,PUSH,DISABLED,UNFUSED_BITMAP,None,1.7181816101074219,0.007642
roadNet-CA,DISABLED,TWCE,None,0,PUSH,DISABLED,UNFUSED_BITMAP,None,0.24324989318847656,0.001969
youtube-u-growth,DISABLED,CM,None,0,PUSH,ENABLED,FUSED,None,0.39423370361328125,0.004054
dblp_coauthor,DISABLED,CM,None,0,PUSH,ENABLED,FUSED,None,0.4185211658477783,0.002978
soc-LiveJournal1,DISABLED,CM,None,0,PUSH,ENABLED,FUSED,None,1.0718133449554443,0.008403
orkut-links,DISABLED,CM,None,0,PUSH,ENABLED,FUSED,None,1.798248291015625,0.00907
roadNet-CA,DISABLED,CM,None,0,PUSH,ENABLED,FUSED,None,0.23593664169311523,0.001534
youtube-u-growth,ENABLED,VERTEX_BASED,None,0,PUSH,DISABLED,UNFUSED_BITMAP,None,1.5964405536651611,0.123917
dblp_coauthor,ENABLED,VERTEX_BASED,None,0,PUSH,DISABLED,UNFUSED_BITMAP,None,0.5615990161895752,0.013604
soc-LiveJournal1,ENABLED,VERTEX_BASED,None,0,PUSH,DISABLED,UNFUSED_BITMAP,None,1.5295517444610596,0.052367
orkut-links,ENABLED,VERTEX_BASED,None,0,PUSH,DISABLED,UNFUSED_BITMAP,None,2.9441776275634766,0.110823
roadNet-CA,ENABLED,VERTEX_BASED,None,0,PUSH,DISABLED,UNFUSED_BITMAP,None,0.2630448341369629,0.00135
youtube-u-growth,ENABLED,TWC,None,0,PULL,ENABLED,UNFUSED_BOOLMAP,BITMAP,1.0509755611419678,0.000837
dblp_coauthor,ENABLED,TWC,None,0,PULL,ENABLED,UNFUSED_BOOLMAP,BITMAP,2.202505350112915,0.012349
soc-LiveJournal1,ENABLED,TWC,None,0,PULL,ENABLED,UNFUSED_BOOLMAP,BITMAP,9.715663194656372,0.038184
orkut-links,ENABLED,TWC,None,0,PULL,ENABLED,UNFUSED_BOOLMAP,BITMAP,17.95462417602539,0.004084
roadNet-CA,ENABLED,TWC,None,0,PULL,ENABLED,UNFUSED_BOOLMAP,BITMAP,0.3322110176086426,0.000354
youtube-u-growth,ENABLED,CM,None,0,PUSH,DISABLED,FUSED,None,0.35332703590393066,0.004515
dblp_coauthor,ENABLED,CM,None,0,PUSH,DISABLED,FUSED,None,0.4024972915649414,0.003093
soc-LiveJournal1,ENABLED,CM,None,0,PUSH,DISABLED,FUSED,None,1.0653095245361328,0.008576
orkut-links,ENABLED,CM,None,0,PUSH,DISABLED,FUSED,None,1.7488830089569092,0.010554
roadNet-CA,ENABLED,CM,None,0,PUSH,DISABLED,FUSED,None,0.22744417190551758,0.000695
youtube-u-growth,ENABLED,CM,None,0,PULL,ENABLED,UNFUSED_BITMAP,BOOLMAP,1.100017786026001,0.000823
dblp_coauthor,ENABLED,CM,None,0,PULL,ENABLED,UNFUSED_BITMAP,BOOLMAP,2.221364974975586,0.009663
soc-LiveJournal1,ENABLED,CM,None,0,PULL,ENABLED,UNFUSED_BITMAP,BOOLMAP,9.455272674560547,0.031457
orkut-links,ENABLED,CM,None,0,PULL,ENABLED,UNFUSED_BITMAP,BOOLMAP,19.14450740814209,0.003235
roadNet-CA,ENABLED,CM,None,0,PULL,ENABLED,UNFUSED_BITMAP,BOOLMAP,0.32862186431884766,0.00034
youtube-u-growth,DISABLED,VERTEX_BASED,None,0,PUSH,ENABLED,FUSED,None,0.8601319789886475,0.053397
dblp_coauthor,DISABLED,VERTEX_BASED,None,0,PUSH,ENABLED,FUSED,None,0.5212018489837646,0.013784
soc-LiveJournal1,DISABLED,VERTEX_BASED,None,0,PUSH,ENABLED,FUSED,None,1.5574572086334229,0.051115
orkut-links,DISABLED,VERTEX_BASED,None,0,PUSH,ENABLED,FUSED,None,2.518078565597534,0.083549
roadNet-CA,DISABLED,VERTEX_BASED,None,0,PUSH,ENABLED,FUSED,None,0.2704942226409912,0.001522
youtube-u-growth,ENABLED,VERTEX_BASED,None,0,PULL,ENABLED,UNFUSED_BITMAP,BOOLMAP,1.9077186584472656,0.058628
dblp_coauthor,ENABLED,VERTEX_BASED,None,0,PULL,ENABLED,UNFUSED_BITMAP,BOOLMAP,2.6029069423675537,0.049492
soc-LiveJournal1,ENABLED,VERTEX_BASED,None,0,PULL,ENABLED,UNFUSED_BITMAP,BOOLMAP,11.817789554595947,0.238768
orkut-links,ENABLED,VERTEX_BASED,None,0,PULL,ENABLED,UNFUSED_BITMAP,BOOLMAP,19.271324157714844,0.035513
roadNet-CA,ENABLED,VERTEX_BASED,None,0,PULL,ENABLED,UNFUSED_BITMAP,BOOLMAP,0.3107438087463379,0.00028
youtube-u-growth,ENABLED,TWC,None,0,PULL,DISABLED,UNFUSED_BOOLMAP,BOOLMAP,1.0634419918060303,0.000915
dblp_coauthor,ENABLED,TWC,None,0,PULL,DISABLED,UNFUSED_BOOLMAP,BOOLMAP,2.2150702476501465,0.012637
soc-LiveJournal1,ENABLED,TWC,None,0,PULL,DISABLED,UNFUSED_BOOLMAP,BOOLMAP,10.577261447906494,0.043217
orkut-links,ENABLED,TWC,None,0,PULL,DISABLED,UNFUSED_BOOLMAP,BOOLMAP,21.091203212738037,0.003913
roadNet-CA,ENABLED,TWC,None,0,PULL,DISABLED,UNFUSED_BOOLMAP,BOOLMAP,0.3667473793029785,0.000364
youtube-u-growth,DISABLED,VERTEX_BASED,None,0,PULL,ENABLED,UNFUSED_BOOLMAP,BITMAP,3.8806910514831543,0.282868
dblp_coauthor,DISABLED,VERTEX_BASED,None,0,PULL,ENABLED,UNFUSED_BOOLMAP,BITMAP,2.3740954399108887,0.017583
soc-LiveJournal1,DISABLED,VERTEX_BASED,None,0,PULL,ENABLED,UNFUSED_BOOLMAP,BITMAP,13.331563472747803,0.086976
orkut-links,DISABLED,VERTEX_BASED,None,0,PULL,ENABLED,UNFUSED_BOOLMAP,BITMAP,18.060492753982544,0.053235
roadNet-CA,DISABLED,VERTEX_BASED,None,0,PULL,ENABLED,UNFUSED_BOOLMAP,BITMAP,0.3755362033843994,0.005416
youtube-u-growth,ENABLED,VERTEX_BASED,None,0,PUSH,DISABLED,FUSED,None,1.5483887195587158,0.119672
dblp_coauthor,ENABLED,VERTEX_BASED,None,0,PUSH,DISABLED,FUSED,None,0.5755090713500977,0.01621
soc-LiveJournal1,ENABLED,VERTEX_BASED,None,0,PUSH,DISABLED,FUSED,None,1.7110323905944824,0.060554
orkut-links,ENABLED,VERTEX_BASED,None,0,PUSH,DISABLED,FUSED,None,2.88617205619812,0.11245
roadNet-CA,ENABLED,VERTEX_BASED,None,0,PUSH,DISABLED,FUSED,None,0.25490283966064453,0.00058
youtube-u-growth,DISABLED,CM,None,0,PULL,ENABLED,UNFUSED_BOOLMAP,BOOLMAP,1.1310169696807861,0.009596
dblp_coauthor,DISABLED,CM,None,0,PULL,ENABLED,UNFUSED_BOOLMAP,BOOLMAP,2.0903308391571045,0.006524
soc-LiveJournal1,DISABLED,CM,None,0,PULL,ENABLED,UNFUSED_BOOLMAP,BOOLMAP,9.658208847045898,0.024152
orkut-links,DISABLED,CM,None,0,PULL,ENABLED,UNFUSED_BOOLMAP,BOOLMAP,18.212451696395874,0.020222
roadNet-CA,DISABLED,CM,None,0,PULL,ENABLED,UNFUSED_BOOLMAP,BOOLMAP,0.3698859214782715,0.00579
youtube-u-growth,ENABLED,TWCE,None,0,PULL,DISABLED,UNFUSED_BITMAP,BOOLMAP,1.0550899505615234,0.001548
dblp_coauthor,ENABLED,TWCE,None,0,PULL,DISABLED,UNFUSED_BITMAP,BOOLMAP,2.2792296409606934,0.021229
soc-LiveJournal1,ENABLED,TWCE,None,0,PULL,DISABLED,UNFUSED_BITMAP,BOOLMAP,10.5444495677948,0.069918
orkut-links,ENABLED,TWCE,None,0,PULL,DISABLED,UNFUSED_BITMAP,BOOLMAP,17.82076096534729,0.004611
roadNet-CA,ENABLED,TWCE,None,0,PULL,DISABLED,UNFUSED_BITMAP,BOOLMAP,0.32176923751831055,0.000691
youtube-u-growth,ENABLED,TWCE,None,0,PUSH,DISABLED,UNFUSED_BOOLMAP,None,0.41861748695373535,0.00652
dblp_coauthor,ENABLED,TWCE,None,0,PUSH,DISABLED,UNFUSED_BOOLMAP,None,0.4861466884613037,0.004222
soc-LiveJournal1,ENABLED,TWCE,None,0,PUSH,DISABLED,UNFUSED_BOOLMAP,None,1.2369253635406494,0.01143
orkut-links,ENABLED,TWCE,None,0,PUSH,DISABLED,UNFUSED_BOOLMAP,None,1.7596919536590576,0.010967
roadNet-CA,ENABLED,TWCE,None,0,PUSH,DISABLED,UNFUSED_BOOLMAP,None,0.24796533584594727,0.001966
youtube-u-growth,DISABLED,VERTEX_BASED,None,0,PUSH,ENABLED,UNFUSED_BITMAP,None,0.9062013626098633,0.058836
dblp_coauthor,DISABLED,VERTEX_BASED,None,0,PUSH,ENABLED,UNFUSED_BITMAP,None,0.4805119037628174,0.010631
soc-LiveJournal1,DISABLED,VERTEX_BASED,None,0,PUSH,ENABLED,UNFUSED_BITMAP,None,1.3814992904663086,0.034351
orkut-links,DISABLED,VERTEX_BASED,None,0,PUSH,ENABLED,UNFUSED_BITMAP,None,2.406728506088257,0.068148
roadNet-CA,DISABLED,VERTEX_BASED,None,0,PUSH,ENABLED,UNFUSED_BITMAP,None,0.2723653316497803,0.001998
youtube-u-growth,DISABLED,TWCE,None,0,PUSH,ENABLED,UNFUSED_BOOLMAP,None,0.3729996681213379,0.005287
dblp_coauthor,DISABLED,TWCE,None,0,PUSH,ENABLED,UNFUSED_BOOLMAP,None,0.41465020179748535,0.003445
soc-LiveJournal1,DISABLED,TWCE,None,0,PUSH,ENABLED,UNFUSED_BOOLMAP,None,1.1318814754486084,0.009122
orkut-links,DISABLED,TWCE,None,0,PUSH,ENABLED,UNFUSED_BOOLMAP,None,1.6583499908447266,0.007693
roadNet-CA,DISABLED,TWCE,None,0,PUSH,ENABLED,UNFUSED_BOOLMAP,None,0.2406754493713379,0.001953
youtube-u-growth,ENABLED,VERTEX_BASED,None,0,PUSH,ENABLED,UNFUSED_BOOLMAP,None,1.5571420192718506,0.121099
dblp_coauthor,ENABLED,VERTEX_BASED,None,0,PUSH,ENABLED,UNFUSED_BOOLMAP,None,0.5473310947418213,0.013538
soc-LiveJournal1,ENABLED,VERTEX_BASED,None,0,PUSH,ENABLED,UNFUSED_BOOLMAP,None,1.6164021492004395,0.051953
orkut-links,ENABLED,VERTEX_BASED,None,0,PUSH,ENABLED,UNFUSED_BOOLMAP,None,2.7320919036865234,0.110349
roadNet-CA,ENABLED,VERTEX_BASED,None,0,PUSH,ENABLED,UNFUSED_BOOLMAP,None,0.2548506259918213,0.001388
youtube-u-growth,ENABLED,VERTEX_BASED,None,0,PULL,DISABLED,FUSED,BITMAP,1.631413221359253,0.045284
dblp_coauthor,ENABLED,VERTEX_BASED,None,0,PULL,DISABLED,FUSED,BITMAP,2.5854132175445557,0.042754
soc-LiveJournal1,ENABLED,VERTEX_BASED,None,0,PULL,DISABLED,FUSED,BITMAP,11.411057949066162,0.21207
orkut-links,ENABLED,VERTEX_BASED,None,0,PULL,DISABLED,FUSED,BITMAP,17.57001280784607,0.031729
roadNet-CA,ENABLED,VERTEX_BASED,None,0,PULL,DISABLED,FUSED,BITMAP,0.30522918701171875,0.000247
youtube-u-growth,DISABLED,WM,None,0,PULL,DISABLED,UNFUSED_BITMAP,BOOLMAP,1.4920244216918945,0.044582
dblp_coauthor,DISABLED,WM,None,0,PULL,DISABLED,UNFUSED_BITMAP,BOOLMAP,2.1728124618530273,0.009755
soc-LiveJournal1,DISABLED,WM,None,0,PULL,DISABLED,UNFUSED_BITMAP,BOOLMAP,9.821250677108765,0.046706
orkut-links,DISABLED,WM,None,0,PULL,DISABLED,UNFUSED_BITMAP,BOOLMAP,18.3971586227417,0.025664
roadNet-CA,DISABLED,WM,None,0,PULL,DISABLED,UNFUSED_BITMAP,BOOLMAP,0.3710193634033203,0.005679
youtube-u-growth,ENABLED,TWCE,None,0,PULL,DISABLED,UNFUSED_BOOLMAP,BOOLMAP,1.064206838607788,0.001585
dblp_coauthor,ENABLED,TWCE,None,0,PULL,DISABLED,UNFUSED_BOOLMAP,BOOLMAP,2.2319412231445312,0.020655
soc-LiveJournal1,ENABLED,TWCE,None,0,PULL,DISABLED,UNFUSED_BOOLMAP,BOOLMAP,10.075192928314209,0.069034
orkut-links,ENABLED,TWCE,None,0,PULL,DISABLED,UNFUSED_BOOLMAP,BOOLMAP,18.083122968673706,0.004571
roadNet-CA,ENABLED,TWCE,None,0,PULL,DISABLED,UNFUSED_BOOLMAP,BOOLMAP,0.3176283836364746,0.00069
youtube-u-growth,ENABLED,VERTEX_BASED,None,0,PULL,ENABLED,UNFUSED_BITMAP,BITMAP,1.7268092632293701,0.0497
dblp_coauthor,ENABLED,VERTEX_BASED,None,0,PULL,ENABLED,UNFUSED_BITMAP,BITMAP,2.5775585174560547,0.046818
soc-LiveJournal1,ENABLED,VERTEX_BASED,None,0,PULL,ENABLED,UNFUSED_BITMAP,BITMAP,11.43610954284668,0.238273
orkut-links,ENABLED,VERTEX_BASED,None,0,PULL,ENABLED,UNFUSED_BITMAP,BITMAP,17.888425827026367,0.033817
roadNet-CA,ENABLED,VERTEX_BASED,None,0,PULL,ENABLED,UNFUSED_BITMAP,BITMAP,0.3096954822540283,0.00027
youtube-u-growth,DISABLED,WM,None,0,PULL,DISABLED,UNFUSED_BOOLMAP,BITMAP,1.4611647129058838,0.042865
dblp_coauthor,DISABLED,WM,None,0,PULL,DISABLED,UNFUSED_BOOLMAP,BITMAP,2.142216205596924,0.009299
soc-LiveJournal1,DISABLED,WM,None,0,PULL,DISABLED,UNFUSED_BOOLMAP,BITMAP,9.803287267684937,0.039715
orkut-links,DISABLED,WM,None,0,PULL,DISABLED,UNFUSED_BOOLMAP,BITMAP,17.381054639816284,0.021352
roadNet-CA,DISABLED,WM,None,0,PULL,DISABLED,UNFUSED_BOOLMAP,BITMAP,0.3954586982727051,0.0057
youtube-u-growth,ENABLED,TWCE,None,0,PULL,DISABLED,FUSED,BOOLMAP,1.0136668682098389,0.001563
dblp_coauthor,ENABLED,TWCE,None,0,PULL,DISABLED,FUSED,BOOLMAP,2.272918224334717,0.020396
soc-LiveJournal1,ENABLED,TWCE,None,0,PULL,DISABLED,FUSED,BOOLMAP,9.677555322647095,0.068113
orkut-links,ENABLED,TWCE,None,0,PULL,DISABLED,FUSED,BOOLMAP,18.119889497756958,0.004581
roadNet-CA,ENABLED,TWCE,None,0,PULL,DISABLED,FUSED,BOOLMAP,0.33611369132995605,0.00064
youtube-u-growth,ENABLED,TWCE,None,0,PULL,DISABLED,UNFUSED_BITMAP,BITMAP,1.0700955390930176,0.001449
dblp_coauthor,ENABLED,TWCE,None,0,PULL,DISABLED,UNFUSED_BITMAP,BITMAP,2.2148237228393555,0.017927
soc-LiveJournal1,ENABLED,TWCE,None,0,PULL,DISABLED,UNFUSED_BITMAP,BITMAP,9.437830448150635,0.051645
orkut-links,ENABLED,TWCE,None,0,PULL,DISABLED,UNFUSED_BITMAP,BITMAP,17.409648418426514,0.004215
roadNet-CA,ENABLED,TWCE,None,0,PULL,DISABLED,UNFUSED_BITMAP,BITMAP,0.34301304817199707,0.000702
youtube-u-growth,DISABLED,WM,None,0,PULL,DISABLED,FUSED,BOOLMAP,1.498237133026123,0.044315
dblp_coauthor,DISABLED,WM,None,0,PULL,DISABLED,FUSED,BOOLMAP,2.108605146408081,0.009677
soc-LiveJournal1,DISABLED,WM,None,0,PULL,DISABLED,FUSED,BOOLMAP,9.527045011520386,0.046642
orkut-links,DISABLED,WM,None,0,PULL,DISABLED,FUSED,BOOLMAP,17.332914113998413,0.024953
roadNet-CA,DISABLED,WM,None,0,PULL,DISABLED,FUSED,BOOLMAP,0.3670938014984131,0.005708
youtube-u-growth,ENABLED,TWCE,None,0,PUSH,DISABLED,UNFUSED_BITMAP,None,0.37241554260253906,0.006133
dblp_coauthor,ENABLED,TWCE,None,0,PUSH,DISABLED,UNFUSED_BITMAP,None,0.44413042068481445,0.004096
soc-LiveJournal1,ENABLED,TWCE,None,0,PUSH,DISABLED,UNFUSED_BITMAP,None,1.0978045463562012,0.011243
orkut-links,ENABLED,TWCE,None,0,PUSH,DISABLED,UNFUSED_BITMAP,None,1.7933006286621094,0.011076
roadNet-CA,ENABLED,TWCE,None,0,PUSH,DISABLED,UNFUSED_BITMAP,None,0.23775506019592285,0.001829
youtube-u-growth,DISABLED,WM,None,0,PUSH,ENABLED,UNFUSED_BOOLMAP,None,0.41075730323791504,0.00904
dblp_coauthor,DISABLED,WM,None,0,PUSH,ENABLED,UNFUSED_BOOLMAP,None,0.4336533546447754,0.003892
soc-LiveJournal1,DISABLED,WM,None,0,PUSH,ENABLED,UNFUSED_BOOLMAP,None,1.0795252323150635,0.009933
orkut-links,DISABLED,WM,None,0,PUSH,ENABLED,UNFUSED_BOOLMAP,None,1.766084909439087,0.01154
roadNet-CA,DISABLED,WM,None,0,PUSH,ENABLED,UNFUSED_BOOLMAP,None,0.23943734169006348,0.001946
youtube-u-growth,ENABLED,VERTEX_BASED,None,0,PULL,DISABLED,UNFUSED_BOOLMAP,BOOLMAP,1.7488625049591064,0.061251
dblp_coauthor,ENABLED,VERTEX_BASED,None,0,PULL,DISABLED,UNFUSED_BOOLMAP,BOOLMAP,2.544719934463501,0.047149
soc-LiveJournal1,ENABLED,VERTEX_BASED,None,0,PULL,DISABLED,UNFUSED_BOOLMAP,BOOLMAP,11.79546046257019,0.235548
orkut-links,ENABLED,VERTEX_BASED,None,0,PULL,DISABLED,UNFUSED_BOOLMAP,BOOLMAP,18.34317970275879,0.036382
roadNet-CA,ENABLED,VERTEX_BASED,None,0,PULL,DISABLED,UNFUSED_BOOLMAP,BOOLMAP,0.3145785331726074,0.000282
youtube-u-growth,ENABLED,TWCE,None,0,PULL,ENABLED,UNFUSED_BITMAP,BOOLMAP,1.0611982345581055,0.001607
dblp_coauthor,ENABLED,TWCE,None,0,PULL,ENABLED,UNFUSED_BITMAP,BOOLMAP,2.224449396133423,0.021231
soc-LiveJournal1,ENABLED,TWCE,None,0,PULL,ENABLED,UNFUSED_BITMAP,BOOLMAP,10.158411979675293,0.070032
orkut-links,ENABLED,TWCE,None,0,PULL,ENABLED,UNFUSED_BITMAP,BOOLMAP,17.68606400489807,0.004611
roadNet-CA,ENABLED,TWCE,None,0,PULL,ENABLED,UNFUSED_BITMAP,BOOLMAP,0.32756567001342773,0.00069
youtube-u-growth,DISABLED,VERTEX_BASED,None,0,PULL,ENABLED,UNFUSED_BITMAP,BOOLMAP,4.4648520946502686,0.33983
dblp_coauthor,DISABLED,VERTEX_BASED,None,0,PULL,ENABLED,UNFUSED_BITMAP,BOOLMAP,2.2801120281219482,0.019982
soc-LiveJournal1,DISABLED,VERTEX_BASED,None,0,PULL,ENABLED,UNFUSED_BITMAP,BOOLMAP,10.602614879608154,0.119129
orkut-links,DISABLED,VERTEX_BASED,None,0,PULL,ENABLED,UNFUSED_BITMAP,BOOLMAP,18.93785786628723,0.064832
roadNet-CA,DISABLED,VERTEX_BASED,None,0,PULL,ENABLED,UNFUSED_BITMAP,BOOLMAP,0.371135950088501,0.00556
youtube-u-growth,ENABLED,CM,None,0,PUSH,ENABLED,UNFUSED_BITMAP,None,0.3564770221710205,0.003689
dblp_coauthor,ENABLED,CM,None,0,PUSH,ENABLED,UNFUSED_BITMAP,None,0.41822171211242676,0.002903
soc-LiveJournal1,ENABLED,CM,None,0,PUSH,ENABLED,UNFUSED_BITMAP,None,1.0550074577331543,0.007405
orkut-links,ENABLED,CM,None,0,PUSH,ENABLED,UNFUSED_BITMAP,None,1.732093095779419,0.007652
roadNet-CA,ENABLED,CM,None,0,PUSH,ENABLED,UNFUSED_BITMAP,None,0.23380827903747559,0.001366
youtube-u-growth,ENABLED,VERTEX_BASED,None,0,PULL,DISABLED,FUSED,BOOLMAP,1.643089771270752,0.049357
dblp_coauthor,ENABLED,VERTEX_BASED,None,0,PULL,DISABLED,FUSED,BOOLMAP,2.5426909923553467,0.044891
soc-LiveJournal1,ENABLED,VERTEX_BASED,None,0,PULL,DISABLED,FUSED,BOOLMAP,11.52437162399292,0.207096
orkut-links,ENABLED,VERTEX_BASED,None,0,PULL,DISABLED,FUSED,BOOLMAP,18.417156219482422,0.035135
roadNet-CA,ENABLED,VERTEX_BASED,None,0,PULL,DISABLED,FUSED,BOOLMAP,0.31406068801879883,0.000252
youtube-u-growth,DISABLED,TWCE,None,0,PUSH,DISABLED,FUSED,None,0.37281274795532227,0.005334
dblp_coauthor,DISABLED,TWCE,None,0,PUSH,DISABLED,FUSED,None,0.42854762077331543,0.003629
soc-LiveJournal1,DISABLED,TWCE,None,0,PUSH,DISABLED,FUSED,None,1.1276297569274902,0.010216
orkut-links,DISABLED,TWCE,None,0,PUSH,DISABLED,FUSED,None,1.6860787868499756,0.011407
roadNet-CA,DISABLED,TWCE,None,0,PUSH,DISABLED,FUSED,None,0.2385108470916748,0.00159
youtube-u-growth,ENABLED,TWC,None,0,PULL,DISABLED,UNFUSED_BITMAP,BITMAP,1.0624966621398926,0.000833
dblp_coauthor,ENABLED,TWC,None,0,PULL,DISABLED,UNFUSED_BITMAP,BITMAP,2.1755504608154297,0.011982
soc-LiveJournal1,ENABLED,TWC,None,0,PULL,DISABLED,UNFUSED_BITMAP,BITMAP,12.5318763256073,0.037402
orkut-links,ENABLED,TWC,None,0,PULL,DISABLED,UNFUSED_BITMAP,BITMAP,17.57357883453369,0.004088
roadNet-CA,ENABLED,TWC,None,0,PULL,DISABLED,UNFUSED_BITMAP,BITMAP,0.316864013671875,0.00037
youtube-u-growth,ENABLED,VERTEX_BASED,None,0,PULL,ENABLED,UNFUSED_BOOLMAP,BITMAP,1.710242509841919,0.048633
dblp_coauthor,ENABLED,VERTEX_BASED,None,0,PULL,ENABLED,UNFUSED_BOOLMAP,BITMAP,2.54500412940979,0.047924
soc-LiveJournal1,ENABLED,VERTEX_BASED,None,0,PULL,ENABLED,UNFUSED_BOOLMAP,BITMAP,12.010290145874023,0.231867
orkut-links,ENABLED,VERTEX_BASED,None,0,PULL,ENABLED,UNFUSED_BOOLMAP,BITMAP,20.776576280593872,0.033712
roadNet-CA,ENABLED,VERTEX_BASED,None,0,PULL,ENABLED,UNFUSED_BOOLMAP,BITMAP,0.3197932243347168,0.000272
youtube-u-growth,ENABLED,TWC,None,0,PUSH,ENABLED,UNFUSED_BITMAP,None,0.35317230224609375,0.003522
dblp_coauthor,ENABLED,TWC,None,0,PUSH,ENABLED,UNFUSED_BITMAP,None,0.3989901542663574,0.002815
soc-LiveJournal1,ENABLED,TWC,None,0,PUSH,ENABLED,UNFUSED_BITMAP,None,1.1409685611724854,0.008595
orkut-links,ENABLED,TWC,None,0,PUSH,ENABLED,UNFUSED_BITMAP,None,1.732865571975708,0.009052
roadNet-CA,ENABLED,TWC,None,0,PUSH,ENABLED,UNFUSED_BITMAP,None,0.23840093612670898,0.001491
youtube-u-growth,ENABLED,TWCE,None,0,PUSH,ENABLED,UNFUSED_BOOLMAP,None,0.38481712341308594,0.006541
dblp_coauthor,ENABLED,TWCE,None,0,PUSH,ENABLED,UNFUSED_BOOLMAP,None,0.4278700351715088,0.004208
soc-LiveJournal1,ENABLED,TWCE,None,0,PUSH,ENABLED,UNFUSED_BOOLMAP,None,1.0962018966674805,0.011445
orkut-links,ENABLED,TWCE,None,0,PUSH,ENABLED,UNFUSED_BOOLMAP,None,1.7720608711242676,0.011015
roadNet-CA,ENABLED,TWCE,None,0,PUSH,ENABLED,UNFUSED_BOOLMAP,None,0.24371552467346191,0.001961
youtube-u-growth,ENABLED,TWC,None,0,PULL,DISABLED,FUSED,BOOLMAP,1.0556578636169434,0.000857
dblp_coauthor,ENABLED,TWC,None,0,PULL,DISABLED,FUSED,BOOLMAP,2.1857075691223145,0.012582
soc-LiveJournal1,ENABLED,TWC,None,0,PULL,DISABLED,FUSED,BOOLMAP,9.695492506027222,0.043228
orkut-links,ENABLED,TWC,None,0,PULL,DISABLED,FUSED,BOOLMAP,17.639792680740356,0.004393
roadNet-CA,ENABLED,TWC,None,0,PULL,DISABLED,FUSED,BOOLMAP,0.329601526260376,0.00034
youtube-u-growth,ENABLED,WM,None,0,PULL,ENABLED,UNFUSED_BITMAP,BOOLMAP,1.0778074264526367,0.003733
dblp_coauthor,ENABLED,WM,None,0,PULL,ENABLED,UNFUSED_BITMAP,BOOLMAP,2.242794990539551,0.016538
soc-LiveJournal1,ENABLED,WM,None,0,PULL,ENABLED,UNFUSED_BITMAP,BOOLMAP,9.53227186203003,0.062046
orkut-links,ENABLED,WM,None,0,PULL,ENABLED,UNFUSED_BITMAP,BOOLMAP,17.275977849960327,0.007171
roadNet-CA,ENABLED,WM,None,0,PULL,ENABLED,UNFUSED_BITMAP,BOOLMAP,0.3378150463104248,0.000292
youtube-u-growth,DISABLED,VERTEX_BASED,None,0,PULL,DISABLED,UNFUSED_BOOLMAP,BOOLMAP,4.488225698471069,0.338899
dblp_coauthor,DISABLED,VERTEX_BASED,None,0,PULL,DISABLED,UNFUSED_BOOLMAP,BOOLMAP,2.2668583393096924,0.019744
soc-LiveJournal1,DISABLED,VERTEX_BASED,None,0,PULL,DISABLED,UNFUSED_BOOLMAP,BOOLMAP,10.570984840393066,0.118173
orkut-links,DISABLED,VERTEX_BASED,None,0,PULL,DISABLED,UNFUSED_BOOLMAP,BOOLMAP,18.37835121154785,0.064693
roadNet-CA,DISABLED,VERTEX_BASED,None,0,PULL,DISABLED,UNFUSED_BOOLMAP,BOOLMAP,0.36484742164611816,0.005022
youtube-u-growth,ENABLED,TWC,None,0,PULL,ENABLED,UNFUSED_BOOLMAP,BOOLMAP,1.0621166229248047,0.000923
dblp_coauthor,ENABLED,TWC,None,0,PULL,ENABLED,UNFUSED_BOOLMAP,BOOLMAP,2.196157693862915,0.012534
soc-LiveJournal1,ENABLED,TWC,None,0,PULL,ENABLED,UNFUSED_BOOLMAP,BOOLMAP,9.954739332199097,0.043203
orkut-links,ENABLED,TWC,None,0,PULL,ENABLED,UNFUSED_BOOLMAP,BOOLMAP,18.175039291381836,0.003908
roadNet-CA,ENABLED,TWC,None,0,PULL,ENABLED,UNFUSED_BOOLMAP,BOOLMAP,0.31645631790161133,0.000362
youtube-u-growth,ENABLED,TWCE,None,0,PUSH,ENABLED,UNFUSED_BITMAP,None,0.3761429786682129,0.006092
dblp_coauthor,ENABLED,TWCE,None,0,PUSH,ENABLED,UNFUSED_BITMAP,None,0.42573094367980957,0.004105
soc-LiveJournal1,ENABLED,TWCE,None,0,PUSH,ENABLED,UNFUSED_BITMAP,None,1.094533920288086,0.011245
orkut-links,ENABLED,TWCE,None,0,PUSH,ENABLED,UNFUSED_BITMAP,None,1.6791677474975586,0.011081
roadNet-CA,ENABLED,TWCE,None,0,PUSH,ENABLED,UNFUSED_BITMAP,None,0.24317717552185059,0.001827
youtube-u-growth,ENABLED,WM,None,0,PULL,ENABLED,UNFUSED_BOOLMAP,BOOLMAP,1.0734326839447021,0.00363
dblp_coauthor,ENABLED,WM,None,0,PULL,ENABLED,UNFUSED_BOOLMAP,BOOLMAP,2.2481191158294678,0.016245
soc-LiveJournal1,ENABLED,WM,None,0,PULL,ENABLED,UNFUSED_BOOLMAP,BOOLMAP,10.14114499092102,0.061871
orkut-links,ENABLED,WM,None,0,PULL,ENABLED,UNFUSED_BOOLMAP,BOOLMAP,17.943561792373657,0.00814
roadNet-CA,ENABLED,WM,None,0,PULL,ENABLED,UNFUSED_BOOLMAP,BOOLMAP,0.3120534420013428,0.000301
youtube-u-growth,ENABLED,CM,None,0,PUSH,ENABLED,FUSED,None,0.36238670349121094,0.004525
dblp_coauthor,ENABLED,CM,None,0,PUSH,ENABLED,FUSED,None,0.4252004623413086,0.003097
soc-LiveJournal1,ENABLED,CM,None,0,PUSH,ENABLED,FUSED,None,1.1241428852081299,0.008522
orkut-links,ENABLED,CM,None,0,PUSH,ENABLED,FUSED,None,1.7450530529022217,0.010691
roadNet-CA,ENABLED,CM,None,0,PUSH,ENABLED,FUSED,None,0.22633957862854004,0.000694
youtube-u-growth,DISABLED,TWC,None,0,PUSH,DISABLED,FUSED,None,0.3594679832458496,0.004219
dblp_coauthor,DISABLED,TWC,None,0,PUSH,DISABLED,FUSED,None,0.44174671173095703,0.003399
soc-LiveJournal1,DISABLED,TWC,None,0,PUSH,DISABLED,FUSED,None,1.1346831321716309,0.009484
orkut-links,DISABLED,TWC,None,0,PUSH,DISABLED,FUSED,None,1.758812665939331,0.009331
roadNet-CA,DISABLED,TWC,None,0,PUSH,DISABLED,FUSED,None,0.24179911613464355,0.002047
youtube-u-growth,ENABLED,WM,None,0,PULL,ENABLED,FUSED,BOOLMAP,1.0757372379302979,0.003697
dblp_coauthor,ENABLED,WM,None,0,PULL,ENABLED,FUSED,BOOLMAP,2.1801917552948,0.016101
soc-LiveJournal1,ENABLED,WM,None,0,PULL,ENABLED,FUSED,BOOLMAP,9.92340612411499,0.062333
orkut-links,ENABLED,WM,None,0,PULL,ENABLED,FUSED,BOOLMAP,17.395742416381836,0.008004
roadNet-CA,ENABLED,WM,None,0,PULL,ENABLED,FUSED,BOOLMAP,0.3261101245880127,0.000268
youtube-u-growth,DISABLED,WM,None,0,PUSH,DISABLED,UNFUSED_BOOLMAP,None,0.40046262741088867,0.009042
dblp_coauthor,DISABLED,WM,None,0,PUSH,DISABLED,UNFUSED_BOOLMAP,None,0.4282228946685791,0.003885
soc-LiveJournal1,DISABLED,WM,None,0,PUSH,DISABLED,UNFUSED_BOOLMAP,None,1.1303837299346924,0.009882
orkut-links,DISABLED,WM,None,0,PUSH,DISABLED,UNFUSED_BOOLMAP,None,1.6856684684753418,0.011573
roadNet-CA,DISABLED,WM,None,0,PUSH,DISABLED,UNFUSED_BOOLMAP,None,0.24266624450683594,0.001942
youtube-u-growth,ENABLED,CM,None,0,PULL,DISABLED,UNFUSED_BOOLMAP,BITMAP,1.0550148487091064,0.00075
dblp_coauthor,ENABLED,CM,None,0,PULL,DISABLED,UNFUSED_BOOLMAP,BITMAP,2.127296209335327,0.009232
soc-LiveJournal1,ENABLED,CM,None,0,PULL,DISABLED,UNFUSED_BOOLMAP,BITMAP,9.582707643508911,0.027289
orkut-links,ENABLED,CM,None,0,PULL,DISABLED,UNFUSED_BOOLMAP,BITMAP,17.97044825553894,0.002636
roadNet-CA,ENABLED,CM,None,0,PULL,DISABLED,UNFUSED_BOOLMAP,BITMAP,0.325087308883667,0.000326
youtube-u-growth,ENABLED,VERTEX_BASED,None,0,PULL,DISABLED,UNFUSED_BOOLMAP,BITMAP,1.7143490314483643,0.044234
dblp_coauthor,ENABLED,VERTEX_BASED,None,0,PULL,DISABLED,UNFUSED_BOOLMAP,BITMAP,2.5331647396087646,0.047222
soc-LiveJournal1,ENABLED,VERTEX_BASED,None,0,PULL,DISABLED,UNFUSED_BOOLMAP,BITMAP,11.794286251068115,0.233902
orkut-links,ENABLED,VERTEX_BASED,None,0,PULL,DISABLED,UNFUSED_BOOLMAP,BITMAP,18.51973056793213,0.035536
roadNet-CA,ENABLED,VERTEX_BASED,None,0,PULL,DISABLED,UNFUSED_BOOLMAP,BITMAP,0.31673765182495117,0.000278
youtube-u-growth,ENABLED,VERTEX_BASED,None,0,PULL,ENABLED,FUSED,BITMAP,1.636044979095459,0.042258
dblp_coauthor,ENABLED,VERTEX_BASED,None,0,PULL,ENABLED,FUSED,BITMAP,2.4460642337799072,0.043068
soc-LiveJournal1,ENABLED,VERTEX_BASED,None,0,PULL,ENABLED,FUSED,BITMAP,11.5589759349823,0.212169
orkut-links,ENABLED,VERTEX_BASED,None,0,PULL,ENABLED,FUSED,BITMAP,18.493709564208984,0.031116
roadNet-CA,ENABLED,VERTEX_BASED,None,0,PULL,ENABLED,FUSED,BITMAP,0.32080698013305664,0.000247
youtube-u-growth,DISABLED,TWCE,None,0,PULL,ENABLED,UNFUSED_BITMAP,BOOLMAP,1.311824083328247,0.027241
dblp_coauthor,DISABLED,TWCE,None,0,PULL,ENABLED,UNFUSED_BITMAP,BOOLMAP,2.191129684448242,0.015929
soc-LiveJournal1,DISABLED,TWCE,None,0,PULL,ENABLED,UNFUSED_BITMAP,BOOLMAP,11.239151000976562,0.052003
orkut-links,DISABLED,TWCE,None,0,PULL,ENABLED,UNFUSED_BITMAP,BOOLMAP,18.341303825378418,0.033031
roadNet-CA,DISABLED,TWCE,None,0,PULL,ENABLED,UNFUSED_BITMAP,BOOLMAP,0.486860990524292,0.016832
youtube-u-growth,ENABLED,WM,None,0,PULL,DISABLED,FUSED,BOOLMAP,1.0916383266448975,0.003674
dblp_coauthor,ENABLED,WM,None,0,PULL,DISABLED,FUSED,BOOLMAP,2.2740211486816406,0.016154
soc-LiveJournal1,ENABLED,WM,None,0,PULL,DISABLED,FUSED,BOOLMAP,9.995325803756714,0.061907
orkut-links,ENABLED,WM,None,0,PULL,DISABLED,FUSED,BOOLMAP,17.785779237747192,0.008465
roadNet-CA,ENABLED,WM,None,0,PULL,DISABLED,FUSED,BOOLMAP,0.3193991184234619,0.000281
youtube-u-growth,DISABLED,VERTEX_BASED,None,0,PULL,DISABLED,FUSED,BOOLMAP,4.462363004684448,0.339207
dblp_coauthor,DISABLED,VERTEX_BASED,None,0,PULL,DISABLED,FUSED,BOOLMAP,2.295349597930908,0.020033
soc-LiveJournal1,DISABLED,VERTEX_BASED,None,0,PULL,DISABLED,FUSED,BOOLMAP,10.627456188201904,0.118814
orkut-links,DISABLED,VERTEX_BASED,None,0,PULL,DISABLED,FUSED,BOOLMAP,18.724887132644653,0.064783
roadNet-CA,DISABLED,VERTEX_BASED,None,0,PULL,DISABLED,FUSED,BOOLMAP,0.38721776008605957,0.005479
youtube-u-growth,DISABLED,CM,None,0,PUSH,DISABLED,FUSED,None,0.36262059211730957,0.004057
dblp_coauthor,DISABLED,CM,None,0,PUSH,DISABLED,FUSED,None,0.4201521873474121,0.002997
soc-LiveJournal1,DISABLED,CM,None,0,PUSH,DISABLED,FUSED,None,1.059675693511963,0.008429
orkut-links,DISABLED,CM,None,0,PUSH,DISABLED,FUSED,None,1.6626968383789062,0.009356
roadNet-CA,DISABLED,CM,None,0,PUSH,DISABLED,FUSED,None,0.2344684600830078,0.001463
youtube-u-growth,DISABLED,TWCE,None,0,PULL,DISABLED,FUSED,BOOLMAP,1.3025877475738525,0.02648
dblp_coauthor,DISABLED,TWCE,None,0,PULL,DISABLED,FUSED,BOOLMAP,2.2067625522613525,0.015606
soc-LiveJournal1,DISABLED,TWCE,None,0,PULL,DISABLED,FUSED,BOOLMAP,9.54653549194336,0.051105
orkut-links,DISABLED,TWCE,None,0,PULL,DISABLED,FUSED,BOOLMAP,17.531328678131104,0.03277
roadNet-CA,DISABLED,TWCE,None,0,PULL,DISABLED,FUSED,BOOLMAP,0.4914064407348633,0.016642
youtube-u-growth,DISABLED,CM,None,0,PULL,ENABLED,UNFUSED_BITMAP,BITMAP,1.147101640701294,0.009113
dblp_coauthor,DISABLED,CM,None,0,PULL,ENABLED,UNFUSED_BITMAP,BITMAP,2.1034061908721924,0.00622
soc-LiveJournal1,DISABLED,CM,None,0,PULL,ENABLED,UNFUSED_BITMAP,BITMAP,10.069458246231079,0.020958
orkut-links,DISABLED,CM,None,0,PULL,ENABLED,UNFUSED_BITMAP,BITMAP,20.222585678100586,0.016791
roadNet-CA,DISABLED,CM,None,0,PULL,ENABLED,UNFUSED_BITMAP,BITMAP,0.36614370346069336,0.005761
youtube-u-growth,DISABLED,WM,None,0,PULL,DISABLED,UNFUSED_BOOLMAP,BOOLMAP,1.494131088256836,0.043835
dblp_coauthor,DISABLED,WM,None,0,PULL,DISABLED,UNFUSED_BOOLMAP,BOOLMAP,2.1407647132873535,0.009416
soc-LiveJournal1,DISABLED,WM,None,0,PULL,DISABLED,UNFUSED_BOOLMAP,BOOLMAP,9.817325115203857,0.046157
orkut-links,DISABLED,WM,None,0,PULL,DISABLED,UNFUSED_BOOLMAP,BOOLMAP,17.4412899017334,0.024775
roadNet-CA,DISABLED,WM,None,0,PULL,DISABLED,UNFUSED_BOOLMAP,BOOLMAP,0.36429572105407715,0.005187
youtube-u-growth,DISABLED,VERTEX_BASED,None,0,PUSH,DISABLED,UNFUSED_BITMAP,None,0.8989763259887695,0.057193
dblp_coauthor,DISABLED,VERTEX_BASED,None,0,PUSH,DISABLED,UNFUSED_BITMAP,None,0.4998166561126709,0.010511
soc-LiveJournal1,DISABLED,VERTEX_BASED,None,0,PUSH,DISABLED,UNFUSED_BITMAP,None,1.3261687755584717,0.03442
orkut-links,DISABLED,VERTEX_BASED,None,0,PUSH,DISABLED,UNFUSED_BITMAP,None,2.3658194541931152,0.068113
roadNet-CA,DISABLED,VERTEX_BASED,None,0,PUSH,DISABLED,UNFUSED_BITMAP,None,0.26418066024780273,0.001991
youtube-u-growth,DISABLED,TWCE,None,0,PULL,ENABLED,UNFUSED_BOOLMAP,BOOLMAP,1.3012430667877197,0.026158
dblp_coauthor,DISABLED,TWCE,None,0,PULL,ENABLED,UNFUSED_BOOLMAP,BOOLMAP,2.2237250804901123,0.015415
soc-LiveJournal1,DISABLED,TWCE,None,0,PULL,ENABLED,UNFUSED_BOOLMAP,BOOLMAP,9.785661458969116,0.050859
orkut-links,DISABLED,TWCE,None,0,PULL,ENABLED,UNFUSED_BOOLMAP,BOOLMAP,18.280314207077026,0.032613
roadNet-CA,DISABLED,TWCE,None,0,PULL,ENABLED,UNFUSED_BOOLMAP,BOOLMAP,0.4775676727294922,0.015948
youtube-u-growth,ENABLED,CM,None,0,PULL,ENABLED,FUSED,BOOLMAP,1.0485122203826904,0.000805
dblp_coauthor,ENABLED,CM,None,0,PULL,ENABLED,FUSED,BOOLMAP,2.1432783603668213,0.009193
soc-LiveJournal1,ENABLED,CM,None,0,PULL,ENABLED,FUSED,BOOLMAP,9.440083026885986,0.030655
orkut-links,ENABLED,CM,None,0,PULL,ENABLED,FUSED,BOOLMAP,17.263103723526,0.002896
roadNet-CA,ENABLED,CM,None,0,PULL,ENABLED,FUSED,BOOLMAP,0.3178427219390869,0.000304
youtube-u-growth,ENABLED,WM,None,0,PUSH,ENABLED,UNFUSED_BITMAP,None,0.4153285026550293,0.009216
dblp_coauthor,ENABLED,WM,None,0,PUSH,ENABLED,UNFUSED_BITMAP,None,0.4146120548248291,0.003685
soc-LiveJournal1,ENABLED,WM,None,0,PUSH,ENABLED,UNFUSED_BITMAP,None,1.1617121696472168,0.010898
orkut-links,ENABLED,WM,None,0,PUSH,ENABLED,UNFUSED_BITMAP,None,1.833038091659546,0.014314
roadNet-CA,ENABLED,WM,None,0,PUSH,ENABLED,UNFUSED_BITMAP,None,0.2314763069152832,0.001255
youtube-u-growth,DISABLED,WM,None,0,PULL,ENABLED,UNFUSED_BOOLMAP,BITMAP,1.4807074069976807,0.042989
dblp_coauthor,DISABLED,WM,None,0,PULL,ENABLED,UNFUSED_BOOLMAP,BITMAP,2.1349029541015625,0.009294
soc-LiveJournal1,DISABLED,WM,None,0,PULL,ENABLED,UNFUSED_BOOLMAP,BITMAP,9.299974918365479,0.039662
orkut-links,DISABLED,WM,None,0,PULL,ENABLED,UNFUSED_BOOLMAP,BITMAP,18.21113610267639,0.022126
roadNet-CA,DISABLED,WM,None,0,PULL,ENABLED,UNFUSED_BOOLMAP,BITMAP,0.36974644660949707,0.005784
youtube-u-growth,ENABLED,WM,None,0,PULL,ENABLED,UNFUSED_BOOLMAP,BITMAP,1.0839638710021973,0.003601
dblp_coauthor,ENABLED,WM,None,0,PULL,ENABLED,UNFUSED_BOOLMAP,BITMAP,2.2457387447357178,0.016128
soc-LiveJournal1,ENABLED,WM,None,0,PULL,ENABLED,UNFUSED_BOOLMAP,BITMAP,9.700701236724854,0.057407
orkut-links,ENABLED,WM,None,0,PULL,ENABLED,UNFUSED_BOOLMAP,BITMAP,17.434568405151367,0.007147
roadNet-CA,ENABLED,WM,None,0,PULL,ENABLED,UNFUSED_BOOLMAP,BITMAP,0.3139827251434326,0.000292
youtube-u-growth,DISABLED,TWCE,None,0,PULL,ENABLED,FUSED,BOOLMAP,1.303400993347168,0.026514
dblp_coauthor,DISABLED,TWCE,None,0,PULL,ENABLED,FUSED,BOOLMAP,2.261455535888672,0.015655
soc-LiveJournal1,DISABLED,TWCE,None,0,PULL,ENABLED,FUSED,BOOLMAP,9.888514518737793,0.051135
orkut-links,DISABLED,TWCE,None,0,PULL,ENABLED,FUSED,BOOLMAP,18.319309949874878,0.03276
roadNet-CA,DISABLED,TWCE,None,0,PULL,ENABLED,FUSED,BOOLMAP,0.4815666675567627,0.016448
youtube-u-growth,DISABLED,CM,None,0,PULL,DISABLED,UNFUSED_BOOLMAP,BITMAP,1.1598162651062012,0.009933
dblp_coauthor,DISABLED,CM,None,0,PULL,DISABLED,UNFUSED_BOOLMAP,BITMAP,2.1481082439422607,0.006575
soc-LiveJournal1,DISABLED,CM,None,0,PULL,DISABLED,UNFUSED_BOOLMAP,BITMAP,9.513507604598999,0.020809
orkut-links,DISABLED,CM,None,0,PULL,DISABLED,UNFUSED_BOOLMAP,BITMAP,18.519114017486572,0.017494
roadNet-CA,DISABLED,CM,None,0,PULL,DISABLED,UNFUSED_BOOLMAP,BITMAP,0.3992900848388672,0.006325
youtube-u-growth,ENABLED,TWC,None,0,PULL,ENABLED,UNFUSED_BITMAP,BITMAP,1.058516502380371,0.000828
dblp_coauthor,ENABLED,TWC,None,0,PULL,ENABLED,UNFUSED_BITMAP,BITMAP,2.3891985416412354,0.01199
soc-LiveJournal1,ENABLED,TWC,None,0,PULL,ENABLED,UNFUSED_BITMAP,BITMAP,10.787719964981079,0.037606
orkut-links,ENABLED,TWC,None,0,PULL,ENABLED,UNFUSED_BITMAP,BITMAP,19.632733583450317,0.003651
roadNet-CA,ENABLED,TWC,None,0,PULL,ENABLED,UNFUSED_BITMAP,BITMAP,0.34290218353271484,0.000345
youtube-u-growth,DISABLED,TWC,None,0,PUSH,ENABLED,UNFUSED_BITMAP,None,0.3696744441986084,0.003588
dblp_coauthor,DISABLED,TWC,None,0,PUSH,ENABLED,UNFUSED_BITMAP,None,0.4172813892364502,0.002868
soc-LiveJournal1,DISABLED,TWC,None,0,PUSH,ENABLED,UNFUSED_BITMAP,None,1.1034119129180908,0.007687
orkut-links,DISABLED,TWC,None,0,PUSH,ENABLED,UNFUSED_BITMAP,None,1.7559919357299805,0.006792
roadNet-CA,DISABLED,TWC,None,0,PUSH,ENABLED,UNFUSED_BITMAP,None,0.2549467086791992,0.002331
youtube-u-growth,ENABLED,WM,None,0,PULL,DISABLED,UNFUSED_BITMAP,BITMAP,1.061924695968628,0.00356
dblp_coauthor,ENABLED,WM,None,0,PULL,DISABLED,UNFUSED_BITMAP,BITMAP,2.133902072906494,0.015948
soc-LiveJournal1,ENABLED,WM,None,0,PULL,DISABLED,UNFUSED_BITMAP,BITMAP,10.104774236679077,0.055671
orkut-links,ENABLED,WM,None,0,PULL,DISABLED,UNFUSED_BITMAP,BITMAP,22.331664323806763,0.007045
roadNet-CA,ENABLED,WM,None,0,PULL,DISABLED,UNFUSED_BITMAP,BITMAP,0.43248963356018066,0.000285
youtube-u-growth,ENABLED,CM,None,0,PULL,DISABLED,FUSED,BOOLMAP,1.0430126190185547,0.000804
dblp_coauthor,ENABLED,CM,None,0,PULL,DISABLED,FUSED,BOOLMAP,2.105243682861328,0.009208
soc-LiveJournal1,ENABLED,CM,None,0,PULL,DISABLED,FUSED,BOOLMAP,11.349700927734375,0.030606
orkut-links,ENABLED,CM,None,0,PULL,DISABLED,FUSED,BOOLMAP,20.00246810913086,0.003221
roadNet-CA,ENABLED,CM,None,0,PULL,DISABLED,FUSED,BOOLMAP,0.3241760730743408,0.000332
youtube-u-growth,DISABLED,TWCE,None,0,PULL,DISABLED,UNFUSED_BITMAP,BITMAP,1.2809326648712158,0.025746
dblp_coauthor,DISABLED,TWCE,None,0,PULL,DISABLED,UNFUSED_BITMAP,BITMAP,2.12955641746521,0.015031
soc-LiveJournal1,DISABLED,TWCE,None,0,PULL,DISABLED,UNFUSED_BITMAP,BITMAP,9.830151319503784,0.044836
orkut-links,DISABLED,TWCE,None,0,PULL,DISABLED,UNFUSED_BITMAP,BITMAP,17.731619358062744,0.029378
roadNet-CA,DISABLED,TWCE,None,0,PULL,DISABLED,UNFUSED_BITMAP,BITMAP,0.46645283699035645,0.016014
youtube-u-growth,ENABLED,CM,None,0,PULL,ENABLED,FUSED,BITMAP,1.0083985328674316,0.000752
dblp_coauthor,ENABLED,CM,None,0,PULL,ENABLED,FUSED,BITMAP,2.020704507827759,0.008905
soc-LiveJournal1,ENABLED,CM,None,0,PULL,ENABLED,FUSED,BITMAP,9.588104009628296,0.026707
orkut-links,ENABLED,CM,None,0,PULL,ENABLED,FUSED,BITMAP,18.259269952774048,0.003088
roadNet-CA,ENABLED,CM,None,0,PULL,ENABLED,FUSED,BITMAP,0.31624865531921387,0.000306
youtube-u-growth,ENABLED,WM,None,0,PULL,DISABLED,UNFUSED_BOOLMAP,BITMAP,1.1003868579864502,0.003214
dblp_coauthor,ENABLED,WM,None,0,PULL,DISABLED,UNFUSED_BOOLMAP,BITMAP,2.111954927444458,0.016039
soc-LiveJournal1,ENABLED,WM,None,0,PULL,DISABLED,UNFUSED_BOOLMAP,BITMAP,10.855462074279785,0.05677
orkut-links,ENABLED,WM,None,0,PULL,DISABLED,UNFUSED_BOOLMAP,BITMAP,18.34852123260498,0.007165
roadNet-CA,ENABLED,WM,None,0,PULL,DISABLED,UNFUSED_BOOLMAP,BITMAP,0.32742905616760254,0.000288
youtube-u-growth,ENABLED,VERTEX_BASED,None,0,PULL,ENABLED,UNFUSED_BOOLMAP,BOOLMAP,1.743267297744751,0.064924
dblp_coauthor,ENABLED,VERTEX_BASED,None,0,PULL,ENABLED,UNFUSED_BOOLMAP,BOOLMAP,2.5438039302825928,0.046871
soc-LiveJournal1,ENABLED,VERTEX_BASED,None,0,PULL,ENABLED,UNFUSED_BOOLMAP,BOOLMAP,13.02582311630249,0.234173
orkut-links,ENABLED,VERTEX_BASED,None,0,PULL,ENABLED,UNFUSED_BOOLMAP,BOOLMAP,17.51234459877014,0.035711
roadNet-CA,ENABLED,VERTEX_BASED,None,0,PULL,ENABLED,UNFUSED_BOOLMAP,BOOLMAP,0.3154923915863037,0.000281
youtube-u-growth,ENABLED,TWC,None,0,PULL,ENABLED,FUSED,BITMAP,1.001286268234253,0.000796
dblp_coauthor,ENABLED,TWC,None,0,PULL,ENABLED,FUSED,BITMAP,2.061553716659546,0.011993
soc-LiveJournal1,ENABLED,TWC,None,0,PULL,ENABLED,FUSED,BITMAP,9.944020509719849,0.03749
orkut-links,ENABLED,TWC,None,0,PULL,ENABLED,FUSED,BITMAP,18.262385368347168,0.003628
roadNet-CA,ENABLED,TWC,None,0,PULL,ENABLED,FUSED,BITMAP,0.31787705421447754,0.000329
youtube-u-growth,ENABLED,CM,None,0,PULL,ENABLED,UNFUSED_BITMAP,BITMAP,1.008751392364502,0.000751
dblp_coauthor,ENABLED,CM,None,0,PULL,ENABLED,UNFUSED_BITMAP,BITMAP,2.024094581604004,0.008946
soc-LiveJournal1,ENABLED,CM,None,0,PULL,ENABLED,UNFUSED_BITMAP,BITMAP,9.765507459640503,0.026691
orkut-links,ENABLED,CM,None,0,PULL,ENABLED,UNFUSED_BITMAP,BITMAP,18.067390203475952,0.003052
roadNet-CA,ENABLED,CM,None,0,PULL,ENABLED,UNFUSED_BITMAP,BITMAP,0.32947778701782227,0.000332
youtube-u-growth,DISABLED,TWCE,None,0,PULL,DISABLED,FUSED,BITMAP,1.261488914489746,0.02581
dblp_coauthor,DISABLED,TWCE,None,0,PULL,DISABLED,FUSED,BITMAP,2.18774151802063,0.015119
soc-LiveJournal1,DISABLED,TWCE,None,0,PULL,DISABLED,FUSED,BITMAP,9.832195043563843,0.044909
orkut-links,DISABLED,TWCE,None,0,PULL,DISABLED,FUSED,BITMAP,18.61284041404724,0.029486
roadNet-CA,DISABLED,TWCE,None,0,PULL,DISABLED,FUSED,BITMAP,0.47686767578125,0.016276
youtube-u-growth,DISABLED,TWCE,None,0,PUSH,ENABLED,UNFUSED_BITMAP,None,0.37383437156677246,0.00519
dblp_coauthor,DISABLED,TWCE,None,0,PUSH,ENABLED,UNFUSED_BITMAP,None,0.4177377223968506,0.003367
soc-LiveJournal1,DISABLED,TWCE,None,0,PUSH,ENABLED,UNFUSED_BITMAP,None,1.0415523052215576,0.008829
orkut-links,DISABLED,TWCE,None,0,PUSH,ENABLED,UNFUSED_BITMAP,None,1.7191946506500244,0.007623
roadNet-CA,DISABLED,TWCE,None,0,PUSH,ENABLED,UNFUSED_BITMAP,None,0.2387838363647461,0.001971
youtube-u-growth,ENABLED,VERTEX_BASED,None,0,PUSH,ENABLED,UNFUSED_BITMAP,None,1.5816404819488525,0.12322
dblp_coauthor,ENABLED,VERTEX_BASED,None,0,PUSH,ENABLED,UNFUSED_BITMAP,None,0.5591831207275391,0.013368
soc-LiveJournal1,ENABLED,VERTEX_BASED,None,0,PUSH,ENABLED,UNFUSED_BITMAP,None,1.5001013278961182,0.052392
orkut-links,ENABLED,VERTEX_BASED,None,0,PUSH,ENABLED,UNFUSED_BITMAP,None,2.838651180267334,0.110181
roadNet-CA,ENABLED,VERTEX_BASED,None,0,PUSH,ENABLED,UNFUSED_BITMAP,None,0.25865721702575684,0.001349
youtube-u-growth,DISABLED,TWC,None,0,PUSH,DISABLED,UNFUSED_BOOLMAP,None,0.35007524490356445,0.003895
dblp_coauthor,DISABLED,TWC,None,0,PUSH,DISABLED,UNFUSED_BOOLMAP,None,0.41118288040161133,0.003078
soc-LiveJournal1,DISABLED,TWC,None,0,PUSH,DISABLED,UNFUSED_BOOLMAP,None,1.1009337902069092,0.008473
orkut-links,DISABLED,TWC,None,0,PUSH,DISABLED,UNFUSED_BOOLMAP,None,1.612879753112793,0.007286
roadNet-CA,DISABLED,TWC,None,0,PUSH,DISABLED,UNFUSED_BOOLMAP,None,0.24196386337280273,0.002307
youtube-u-growth,DISABLED,CM,None,0,PULL,DISABLED,FUSED,BITMAP,1.138089656829834,0.009623
dblp_coauthor,DISABLED,CM,None,0,PULL,DISABLED,FUSED,BITMAP,2.1044199466705322,0.006456
soc-LiveJournal1,DISABLED,CM,None,0,PULL,DISABLED,FUSED,BITMAP,9.519668579101562,0.020398
orkut-links,DISABLED,CM,None,0,PULL,DISABLED,FUSED,BITMAP,17.732986211776733,0.017743
roadNet-CA,DISABLED,CM,None,0,PULL,DISABLED,FUSED,BITMAP,0.38209104537963867,0.006189
youtube-u-growth,ENABLED,VERTEX_BASED,None,0,PULL,DISABLED,UNFUSED_BITMAP,BOOLMAP,1.7735438346862793,0.055889
dblp_coauthor,ENABLED,VERTEX_BASED,None,0,PULL,DISABLED,UNFUSED_BITMAP,BOOLMAP,2.4601356983184814,0.049209
soc-LiveJournal1,ENABLED,VERTEX_BASED,None,0,PULL,DISABLED,UNFUSED_BITMAP,BOOLMAP,11.60896897315979,0.234231
orkut-links,ENABLED,VERTEX_BASED,None,0,PULL,DISABLED,UNFUSED_BITMAP,BOOLMAP,22.011563539505005,0.036029
roadNet-CA,ENABLED,VERTEX_BASED,None,0,PULL,DISABLED,UNFUSED_BITMAP,BOOLMAP,0.3183267116546631,0.000277
youtube-u-growth,ENABLED,TWCE,None,0,PULL,ENABLED,FUSED,BOOLMAP,1.0190470218658447,0.001543
dblp_coauthor,ENABLED,TWCE,None,0,PULL,ENABLED,FUSED,BOOLMAP,2.2702953815460205,0.020366
soc-LiveJournal1,ENABLED,TWCE,None,0,PULL,ENABLED,FUSED,BOOLMAP,9.970812559127808,0.068116
orkut-links,ENABLED,TWCE,None,0,PULL,ENABLED,FUSED,BOOLMAP,17.75772762298584,0.004794
roadNet-CA,ENABLED,TWCE,None,0,PULL,ENABLED,FUSED,BOOLMAP,0.3393440246582031,0.000668
youtube-u-growth,DISABLED,CM,None,0,PULL,ENABLED,UNFUSED_BOOLMAP,BITMAP,1.1735713481903076,0.009918
dblp_coauthor,DISABLED,CM,None,0,PULL,ENABLED,UNFUSED_BOOLMAP,BITMAP,2.43919038772583,0.006595
soc-LiveJournal1,DISABLED,CM,None,0,PULL,ENABLED,UNFUSED_BOOLMAP,BITMAP,9.14250111579895,0.020802
orkut-links,DISABLED,CM,None,0,PULL,ENABLED,UNFUSED_BOOLMAP,BITMAP,18.483574390411377,0.016992
roadNet-CA,DISABLED,CM,None,0,PULL,ENABLED,UNFUSED_BOOLMAP,BITMAP,0.37629079818725586,0.006277
youtube-u-growth,ENABLED,CM,None,0,PULL,DISABLED,UNFUSED_BOOLMAP,BOOLMAP,1.0555901527404785,0.000797
dblp_coauthor,ENABLED,CM,None,0,PULL,DISABLED,UNFUSED_BOOLMAP,BOOLMAP,2.0159952640533447,0.009164
soc-LiveJournal1,ENABLED,CM,None,0,PULL,DISABLED,UNFUSED_BOOLMAP,BOOLMAP,10.42863917350769,0.030368
orkut-links,ENABLED,CM,None,0,PULL,DISABLED,UNFUSED_BOOLMAP,BOOLMAP,18.055089235305786,0.002817
roadNet-CA,ENABLED,CM,None,0,PULL,DISABLED,UNFUSED_BOOLMAP,BOOLMAP,0.317119836807251,0.000326
youtube-u-growth,ENABLED,VERTEX_BASED,None,0,PULL,ENABLED,FUSED,BOOLMAP,1.5824377536773682,0.040623
dblp_coauthor,ENABLED,VERTEX_BASED,None,0,PULL,ENABLED,FUSED,BOOLMAP,2.6721746921539307,0.044076
soc-LiveJournal1,ENABLED,VERTEX_BASED,None,0,PULL,ENABLED,FUSED,BOOLMAP,11.538283824920654,0.209935
orkut-links,ENABLED,VERTEX_BASED,None,0,PULL,ENABLED,FUSED,BOOLMAP,18.389507055282593,0.032497
roadNet-CA,ENABLED,VERTEX_BASED,None,0,PULL,ENABLED,FUSED,BOOLMAP,0.2978053092956543,0.000253
youtube-u-growth,DISABLED,TWCE,None,0,PUSH,DISABLED,UNFUSED_BOOLMAP,None,0.3870077133178711,0.005472
dblp_coauthor,DISABLED,TWCE,None,0,PUSH,DISABLED,UNFUSED_BOOLMAP,None,0.40626025199890137,0.003489
soc-LiveJournal1,DISABLED,TWCE,None,0,PUSH,DISABLED,UNFUSED_BOOLMAP,None,1.0367319583892822,0.009155
orkut-links,DISABLED,TWCE,None,0,PUSH,DISABLED,UNFUSED_BOOLMAP,None,1.7333338260650635,0.007699
roadNet-CA,DISABLED,TWCE,None,0,PUSH,DISABLED,UNFUSED_BOOLMAP,None,0.2395339012145996,0.001903
youtube-u-growth,ENABLED,VERTEX_BASED,None,0,PUSH,DISABLED,UNFUSED_BOOLMAP,None,1.5357871055603027,0.119705
dblp_coauthor,ENABLED,VERTEX_BASED,None,0,PUSH,DISABLED,UNFUSED_BOOLMAP,None,0.546760082244873,0.013375
soc-LiveJournal1,ENABLED,VERTEX_BASED,None,0,PUSH,DISABLED,UNFUSED_BOOLMAP,None,1.5546777248382568,0.051735
orkut-links,ENABLED,VERTEX_BASED,None,0,PUSH,DISABLED,UNFUSED_BOOLMAP,None,2.785435676574707,0.104373
roadNet-CA,ENABLED,VERTEX_BASED,None,0,PUSH,DISABLED,UNFUSED_BOOLMAP,None,0.2606639862060547,0.001391
youtube-u-growth,ENABLED,TWC,None,0,PUSH,ENABLED,FUSED,None,0.34346604347229004,0.003889
dblp_coauthor,ENABLED,TWC,None,0,PUSH,ENABLED,FUSED,None,0.4020252227783203,0.003175
soc-LiveJournal1,ENABLED,TWC,None,0,PUSH,ENABLED,FUSED,None,1.0877926349639893,0.00978
orkut-links,ENABLED,TWC,None,0,PUSH,ENABLED,FUSED,None,1.7449488639831543,0.010948
roadNet-CA,ENABLED,TWC,None,0,PUSH,ENABLED,FUSED,None,0.22456645965576172,0.000778
youtube-u-growth,ENABLED,CM,None,0,PUSH,DISABLED,UNFUSED_BOOLMAP,None,0.45371150970458984,0.003939
dblp_coauthor,ENABLED,CM,None,0,PUSH,DISABLED,UNFUSED_BOOLMAP,None,0.40184688568115234,0.003059
soc-LiveJournal1,ENABLED,CM,None,0,PUSH,DISABLED,UNFUSED_BOOLMAP,None,1.0349795818328857,0.007739
orkut-links,ENABLED,CM,None,0,PUSH,DISABLED,UNFUSED_BOOLMAP,None,1.719118356704712,0.007813
roadNet-CA,ENABLED,CM,None,0,PUSH,DISABLED,UNFUSED_BOOLMAP,None,0.23438143730163574,0.001402
youtube-u-growth,ENABLED,TWCE,None,0,PULL,ENABLED,UNFUSED_BOOLMAP,BOOLMAP,1.0721955299377441,0.001578
dblp_coauthor,ENABLED,TWCE,None,0,PULL,ENABLED,UNFUSED_BOOLMAP,BOOLMAP,2.256211280822754,0.020697
soc-LiveJournal1,ENABLED,TWCE,None,0,PULL,ENABLED,UNFUSED_BOOLMAP,BOOLMAP,10.54962968826294,0.068973
orkut-links,ENABLED,TWCE,None,0,PULL,ENABLED,UNFUSED_BOOLMAP,BOOLMAP,17.41433048248291,0.00491
roadNet-CA,ENABLED,TWCE,None,0,PULL,ENABLED,UNFUSED_BOOLMAP,BOOLMAP,0.32303786277770996,0.000718
youtube-u-growth,ENABLED,TWCE,None,0,PULL,ENABLED,UNFUSED_BITMAP,BITMAP,1.072073221206665,0.001421
dblp_coauthor,ENABLED,TWCE,None,0,PULL,ENABLED,UNFUSED_BITMAP,BITMAP,2.2477915287017822,0.018713
soc-LiveJournal1,ENABLED,TWCE,None,0,PULL,ENABLED,UNFUSED_BITMAP,BITMAP,11.027506589889526,0.051661
orkut-links,ENABLED,TWCE,None,0,PULL,ENABLED,UNFUSED_BITMAP,BITMAP,20.342393159866333,0.003864
roadNet-CA,ENABLED,TWCE,None,0,PULL,ENABLED,UNFUSED_BITMAP,BITMAP,0.32705068588256836,0.000671
youtube-u-growth,DISABLED,TWC,None,0,PUSH,ENABLED,FUSED,None,0.36193227767944336,0.004353
dblp_coauthor,DISABLED,TWC,None,0,PUSH,ENABLED,FUSED,None,0.41701412200927734,0.003386
soc-LiveJournal1,DISABLED,TWC,None,0,PUSH,ENABLED,FUSED,None,1.065436601638794,0.009552
orkut-links,DISABLED,TWC,None,0,PUSH,ENABLED,FUSED,None,1.7468523979187012,0.009326
roadNet-CA,DISABLED,TWC,None,0,PUSH,ENABLED,FUSED,None,0.24605941772460938,0.002047
youtube-u-growth,DISABLED,WM,None,0,PULL,ENABLED,UNFUSED_BOOLMAP,BOOLMAP,1.4380123615264893,0.043809
dblp_coauthor,DISABLED,WM,None,0,PULL,ENABLED,UNFUSED_BOOLMAP,BOOLMAP,2.060636281967163,0.009415
soc-LiveJournal1,DISABLED,WM,None,0,PULL,ENABLED,UNFUSED_BOOLMAP,BOOLMAP,9.867290019989014,0.04622
orkut-links,DISABLED,WM,None,0,PULL,ENABLED,UNFUSED_BOOLMAP,BOOLMAP,18.52239966392517,0.024861
roadNet-CA,DISABLED,WM,None,0,PULL,ENABLED,UNFUSED_BOOLMAP,BOOLMAP,0.3719782829284668,0.005261
youtube-u-growth,DISABLED,VERTEX_BASED,None,0,PULL,ENABLED,UNFUSED_BITMAP,BITMAP,3.8686559200286865,0.282127
dblp_coauthor,DISABLED,VERTEX_BASED,None,0,PULL,ENABLED,UNFUSED_BITMAP,BITMAP,2.114103078842163,0.01711
soc-LiveJournal1,DISABLED,VERTEX_BASED,None,0,PULL,ENABLED,UNFUSED_BITMAP,BITMAP,12.559775590896606,0.085806
orkut-links,DISABLED,VERTEX_BASED,None,0,PULL,ENABLED,UNFUSED_BITMAP,BITMAP,18.01190972328186,0.052784
roadNet-CA,DISABLED,VERTEX_BASED,None,0,PULL,ENABLED,UNFUSED_BITMAP,BITMAP,0.36252403259277344,0.004889
youtube-u-growth,DISABLED,VERTEX_BASED,None,0,PULL,DISABLED,UNFUSED_BITMAP,BOOLMAP,4.399179458618164,0.34008
dblp_coauthor,DISABLED,VERTEX_BASED,None,0,PULL,DISABLED,UNFUSED_BITMAP,BOOLMAP,2.176553726196289,0.020098
soc-LiveJournal1,DISABLED,VERTEX_BASED,None,0,PULL,DISABLED,UNFUSED_BITMAP,BOOLMAP,11.413430213928223,0.119208
orkut-links,DISABLED,VERTEX_BASED,None,0,PULL,DISABLED,UNFUSED_BITMAP,BOOLMAP,20.39771032333374,0.064944
roadNet-CA,DISABLED,VERTEX_BASED,None,0,PULL,DISABLED,UNFUSED_BITMAP,BOOLMAP,0.36999034881591797,0.005473
