youtube-u-growth,SparsePush,serial,boolean-array,false,0,1.9463002681732178,0.865595
dblp_coauthor,SparsePush,serial,boolean-array,false,0,4.685855150222778,1.07571
soc-LiveJournal1,SparsePush,serial,boolean-array,false,0,13.458745956420898,5.10693
orkut-links,SparsePush,serial,boolean-array,false,0,20.554895401000977,7.07815
roadNet-CA,SparsePush,serial,boolean-array,false,0,0.5162405967712402,0.199601
youtube-u-growth,SparsePush,dynamic-vertex-parallel,boolean-array,false,0,2.232301950454712,1.15402
dblp_coauthor,SparsePush,dynamic-vertex-parallel,boolean-array,false,0,5.034938335418701,1.4203
soc-LiveJournal1,SparsePush,dynamic-vertex-parallel,boolean-array,false,0,14.260421514511108,5.92659
orkut-links,SparsePush,dynamic-vertex-parallel,boolean-array,false,0,21.815198183059692,8.38446
youtube-u-growth,SparsePush,static-vertex-parallel,boolean-array,false,0,2.2521519660949707,1.17278
dblp_coauthor,SparsePush,static-vertex-parallel,boolean-array,false,0,5.020336866378784,1.42562
soc-LiveJournal1,SparsePush,static-vertex-parallel,boolean-array,false,0,14.135018825531006,5.79994
orkut-links,SparsePush,static-vertex-parallel,boolean-array,false,0,21.742000579833984,8.20597
roadNet-CA,SparsePush,static-vertex-parallel,boolean-array,false,0,0.362743616104126,0.047009
youtube-u-growth,DensePull,serial,boolean-array,false,0,1.870239019393921,0.794026
dblp_coauthor,DensePull,serial,boolean-array,false,0,4.702304840087891,1.10056
soc-LiveJournal1,DensePull,serial,boolean-array,false,0,13.379047393798828,5.03168
roadNet-CA,DensePull,serial,boolean-array,false,0,0.46420955657958984,0.148111
youtube-u-growth,DensePull,serial,bitvector,false,0,1.8647401332855225,0.783591
soc-LiveJournal1,DensePull,serial,bitvector,false,0,13.541735172271729,5.19946
orkut-links,DensePull,serial,bitvector,false,0,19.368724584579468,5.85347
roadNet-CA,DensePull,serial,bitvector,false,0,0.46517276763916016,0.149138
dblp_coauthor,DensePull,dynamic-vertex-parallel,boolean-array,false,0,3.8939239978790283,0.298627
soc-LiveJournal1,DensePull,dynamic-vertex-parallel,boolean-array,false,0,9.843733549118042,1.51235
orkut-links,DensePull,dynamic-vertex-parallel,boolean-array,false,0,14.289637565612793,0.832995
youtube-u-growth,DensePull,dynamic-vertex-parallel,bitvector,false,0,1.2176415920257568,0.121136
soc-LiveJournal1,DensePull,dynamic-vertex-parallel,bitvector,false,0,10.253434419631958,1.80098
roadNet-CA,DensePull,dynamic-vertex-parallel,bitvector,false,0,0.33567237854003906,0.01799
youtube-u-growth,DensePull,static-vertex-parallel,boolean-array,false,0,1.2149102687835693,0.121751
soc-LiveJournal1,DensePull,static-vertex-parallel,boolean-array,false,0,10.250765323638916,1.79601
orkut-links,DensePull,static-vertex-parallel,boolean-array,false,0,14.567312002182007,1.00194
roadNet-CA,DensePull,static-vertex-parallel,boolean-array,false,0,0.3381009101867676,0.018311
youtube-u-growth,DensePull,static-vertex-parallel,bitvector,false,0,1.2119359970092773,0.117678
dblp_coauthor,DensePull,static-vertex-parallel,bitvector,false,0,3.9717133045196533,0.343115
soc-LiveJournal1,DensePull,static-vertex-parallel,bitvector,false,0,10.194590091705322,1.78652
orkut-links,DensePull,static-vertex-parallel,bitvector,false,0,14.464485883712769,0.92035
youtube-u-growth,DensePull,edge-aware-dynamic-vertex-parallel,boolean-array,false,0,2.0138208866119385,0.913928
dblp_coauthor,DensePull,edge-aware-dynamic-vertex-parallel,boolean-array,false,0,4.994158983230591,1.35567
soc-LiveJournal1,DensePull,edge-aware-dynamic-vertex-parallel,boolean-array,false,0,14.992089986801147,6.63184
roadNet-CA,DensePull,edge-aware-dynamic-vertex-parallel,boolean-array,false,0,0.47893643379211426,0.159061
youtube-u-growth,DensePull,edge-aware-dynamic-vertex-parallel,bitvector,false,0,2.0370259284973145,0.949256
dblp_coauthor,DensePull,edge-aware-dynamic-vertex-parallel,bitvector,false,0,4.972640514373779,1.34608
soc-LiveJournal1,DensePull,edge-aware-dynamic-vertex-parallel,bitvector,false,0,15.181089162826538,6.8426
orkut-links,DensePull,edge-aware-dynamic-vertex-parallel,bitvector,false,0,21.55402445793152,8.06678
roadNet-CA,DensePull,edge-aware-dynamic-vertex-parallel,bitvector,false,0,0.4783132076263428,0.15779
orkut-links,DensePull-SparsePush,serial,boolean-array,false,0,20.76448106765747,7.25697
roadNet-CA,DensePull-SparsePush,serial,boolean-array,false,0,0.5094563961029053,0.166876
youtube-u-growth,DensePull-SparsePush,serial,bitvector,false,0,2.064330577850342,0.940687
dblp_coauthor,DensePull-SparsePush,serial,bitvector,false,0,4.880780935287476,1.25957
soc-LiveJournal1,DensePull-SparsePush,serial,bitvector,false,0,14.076931238174438,5.72316
orkut-links,DensePull-SparsePush,serial,bitvector,false,0,20.735743045806885,7.20153
roadNet-CA,DensePull-SparsePush,serial,bitvector,false,0,0.5098800659179688,0.167666
youtube-u-growth,DensePull-SparsePush,dynamic-vertex-parallel,boolean-array,false,0,1.2885456085205078,0.17115
dblp_coauthor,DensePull-SparsePush,dynamic-vertex-parallel,boolean-array,false,0,4.092463731765747,0.448152
soc-LiveJournal1,DensePull-SparsePush,dynamic-vertex-parallel,boolean-array,false,0,10.542482137680054,2.2184
orkut-links,DensePull-SparsePush,dynamic-vertex-parallel,boolean-array,false,0,14.705539464950562,1.14137
youtube-u-growth,DensePull-SparsePush,dynamic-vertex-parallel,bitvector,false,0,1.2964739799499512,0.166084
dblp_coauthor,DensePull-SparsePush,dynamic-vertex-parallel,bitvector,false,0,4.029298305511475,0.415704
soc-LiveJournal1,DensePull-SparsePush,dynamic-vertex-parallel,bitvector,false,0,10.532657146453857,2.15974
roadNet-CA,DensePull-SparsePush,dynamic-vertex-parallel,bitvector,false,0,0.3840065002441406,0.040906
youtube-u-growth,DensePull-SparsePush,static-vertex-parallel,boolean-array,false,0,1.281121015548706,0.164411
dblp_coauthor,DensePull-SparsePush,static-vertex-parallel,boolean-array,false,0,4.0623743534088135,0.425057
soc-LiveJournal1,DensePull-SparsePush,static-vertex-parallel,boolean-array,false,0,10.568145513534546,2.21326
orkut-links,DensePull-SparsePush,static-vertex-parallel,boolean-array,false,0,14.594535112380981,1.12157
youtube-u-growth,DensePull-SparsePush,static-vertex-parallel,bitvector,false,0,1.2774662971496582,0.160918
dblp_coauthor,DensePull-SparsePush,static-vertex-parallel,bitvector,false,0,4.04357385635376,0.413861
soc-LiveJournal1,DensePull-SparsePush,static-vertex-parallel,bitvector,false,0,10.62501859664917,2.22533
orkut-links,DensePull-SparsePush,static-vertex-parallel,bitvector,false,0,14.600664615631104,1.11306
roadNet-CA,DensePull-SparsePush,static-vertex-parallel,bitvector,false,0,0.3843557834625244,0.041956
youtube-u-growth,DensePull-SparsePush,edge-aware-dynamic-vertex-parallel,boolean-array,false,0,2.0824038982391357,0.958713
dblp_coauthor,DensePull-SparsePush,edge-aware-dynamic-vertex-parallel,boolean-array,false,0,5.056999683380127,1.41356
orkut-links,DensePull-SparsePush,edge-aware-dynamic-vertex-parallel,boolean-array,false,0,21.556202173233032,8.00723
youtube-u-growth,DensePull-SparsePush,edge-aware-dynamic-vertex-parallel,bitvector,false,0,2.074009418487549,0.952762
dblp_coauthor,DensePull-SparsePush,edge-aware-dynamic-vertex-parallel,bitvector,false,0,5.06765604019165,1.43339
soc-LiveJournal1,DensePull-SparsePush,edge-aware-dynamic-vertex-parallel,bitvector,false,0,15.306223154067993,6.91642
orkut-links,DensePull-SparsePush,edge-aware-dynamic-vertex-parallel,bitvector,false,0,22.006460428237915,8.46294
roadNet-CA,DensePull-SparsePush,edge-aware-dynamic-vertex-parallel,bitvector,false,0,0.5430290699005127,0.185611
youtube-u-growth,SparsePush-DensePull,serial,boolean-array,false,0,2.0482749938964844,0.934394
soc-LiveJournal1,SparsePush-DensePull,serial,boolean-array,false,0,14.351430654525757,5.98133
orkut-links,SparsePush-DensePull,serial,boolean-array,false,0,20.560648679733276,7.08806
roadNet-CA,SparsePush-DensePull,serial,boolean-array,false,0,0.5131490230560303,0.171241
orkut-links,SparsePush-DensePull,serial,bitvector,false,0,20.823564291000366,7.27756
roadNet-CA,SparsePush-DensePull,serial,bitvector,false,0,0.5155124664306641,0.171725
youtube-u-growth,SparsePush-DensePull,dynamic-vertex-parallel,boolean-array,false,0,1.2846276760101318,0.165546
soc-LiveJournal1,SparsePush-DensePull,dynamic-vertex-parallel,boolean-array,false,0,10.655880212783813,2.25989
roadNet-CA,SparsePush-DensePull,dynamic-vertex-parallel,boolean-array,false,0,0.3918919563293457,0.046801
youtube-u-growth,SparsePush-DensePull,dynamic-vertex-parallel,bitvector,false,0,1.2790534496307373,0.161187
dblp_coauthor,SparsePush-DensePull,dynamic-vertex-parallel,bitvector,false,0,4.084301710128784,0.442126
soc-LiveJournal1,SparsePush-DensePull,dynamic-vertex-parallel,bitvector,false,0,10.54163408279419,2.1827
roadNet-CA,SparsePush-DensePull,dynamic-vertex-parallel,bitvector,false,0,0.38390636444091797,0.04236
youtube-u-growth,SparsePush-DensePull,static-vertex-parallel,boolean-array,false,0,1.2871980667114258,0.16746
dblp_coauthor,SparsePush-DensePull,static-vertex-parallel,boolean-array,false,0,4.04015588760376,0.405731
soc-LiveJournal1,SparsePush-DensePull,static-vertex-parallel,boolean-array,false,0,10.515327215194702,2.13578
orkut-links,SparsePush-DensePull,static-vertex-parallel,boolean-array,false,0,14.657968759536743,1.16546
roadNet-CA,SparsePush-DensePull,static-vertex-parallel,boolean-array,false,0,0.3853318691253662,0.04172
youtube-u-growth,SparsePush-DensePull,static-vertex-parallel,bitvector,false,0,1.2851758003234863,0.168452
dblp_coauthor,SparsePush-DensePull,static-vertex-parallel,bitvector,false,0,4.066685676574707,0.420528
soc-LiveJournal1,SparsePush-DensePull,static-vertex-parallel,bitvector,false,0,10.576617240905762,2.23655
orkut-links,SparsePush-DensePull,static-vertex-parallel,bitvector,false,0,14.590608835220337,1.04168
roadNet-CA,SparsePush-DensePull,static-vertex-parallel,bitvector,false,0,0.3810138702392578,0.040346
youtube-u-growth,SparsePush-DensePull,edge-aware-dynamic-vertex-parallel,boolean-array,false,0,2.078279972076416,0.950819
dblp_coauthor,SparsePush-DensePull,edge-aware-dynamic-vertex-parallel,boolean-array,false,0,5.0569233894348145,1.42056
roadNet-CA,SparsePush-DensePull,edge-aware-dynamic-vertex-parallel,boolean-array,false,0,0.5194077491760254,0.179083
youtube-u-growth,SparsePush-DensePull,edge-aware-dynamic-vertex-parallel,bitvector,false,0,2.0782227516174316,0.957112
dblp_coauthor,SparsePush-DensePull,edge-aware-dynamic-vertex-parallel,bitvector,false,0,5.015227556228638,1.3854
soc-LiveJournal1,SparsePush-DensePull,edge-aware-dynamic-vertex-parallel,bitvector,false,0,15.309353113174438,6.87397
orkut-links,SparsePush-DensePull,edge-aware-dynamic-vertex-parallel,bitvector,false,0,21.783498525619507,8.25494
youtube-u-growth,DensePush-SparsePush,serial,boolean-array,false,0,2.1177239418029785,1.00291
dblp_coauthor,DensePush-SparsePush,serial,boolean-array,false,0,4.841737270355225,1.19615
soc-LiveJournal1,DensePush-SparsePush,serial,boolean-array,false,0,14.05138111114502,5.6807
orkut-links,DensePush-SparsePush,serial,boolean-array,false,0,22.16977548599243,8.62465
roadNet-CA,DensePush-SparsePush,serial,boolean-array,false,0,0.5671117305755615,0.226496
youtube-u-growth,DensePush-SparsePush,dynamic-vertex-parallel,boolean-array,false,0,2.3644866943359375,1.24523
dblp_coauthor,DensePush-SparsePush,dynamic-vertex-parallel,boolean-array,false,0,5.193737745285034,1.54707
orkut-links,DensePush-SparsePush,dynamic-vertex-parallel,boolean-array,false,0,22.533751726150513,9.02121
roadNet-CA,DensePush-SparsePush,dynamic-vertex-parallel,boolean-array,false,0,0.41182446479797363,0.070852
dblp_coauthor,DensePush-SparsePush,static-vertex-parallel,boolean-array,false,0,5.082285642623901,1.463
soc-LiveJournal1,DensePush-SparsePush,static-vertex-parallel,boolean-array,false,0,14.377971887588501,6.01023
orkut-links,DensePush-SparsePush,static-vertex-parallel,boolean-array,false,0,22.322949171066284,8.87949
youtube-u-growth,DensePull,serial,boolean-array,false,5,1.9992246627807617,0.836547
dblp_coauthor,DensePull,serial,boolean-array,false,5,4.776562690734863,1.03428
soc-LiveJournal1,DensePull,serial,boolean-array,false,5,13.665090799331665,4.85646
orkut-links,DensePull,serial,boolean-array,false,5,19.93111777305603,5.86615
roadNet-CA,DensePull,serial,boolean-array,false,5,0.5076806545257568,0.159649
youtube-u-growth,DensePull,serial,bitvector,false,5,1.9841902256011963,0.826137
roadNet-CA,DensePull,serial,bitvector,false,5,0.509009838104248,0.162548
dblp_coauthor,DensePull,dynamic-vertex-parallel,boolean-array,false,5,3.9506826400756836,0.212957
soc-LiveJournal1,DensePull,dynamic-vertex-parallel,boolean-array,false,5,10.10418152809143,1.35513
orkut-links,DensePull,dynamic-vertex-parallel,boolean-array,false,5,15.096894264221191,1.05292
roadNet-CA,DensePull,dynamic-vertex-parallel,boolean-array,false,5,0.3663356304168701,0.022098
dblp_coauthor,DensePull,dynamic-vertex-parallel,bitvector,false,5,3.945157766342163,0.21004
soc-LiveJournal1,DensePull,dynamic-vertex-parallel,bitvector,false,5,10.099526643753052,1.29179
youtube-u-growth,DensePull,static-vertex-parallel,boolean-array,false,5,1.2690069675445557,0.106166
soc-LiveJournal1,DensePull,static-vertex-parallel,boolean-array,false,5,10.115638017654419,1.34808
orkut-links,DensePull,static-vertex-parallel,boolean-array,false,5,15.111148118972778,1.04515
roadNet-CA,DensePull,static-vertex-parallel,boolean-array,false,5,0.36995387077331543,0.021993
youtube-u-growth,DensePull,static-vertex-parallel,bitvector,false,5,1.274557113647461,0.111995
dblp_coauthor,DensePull,static-vertex-parallel,bitvector,false,5,3.9430527687072754,0.189922
soc-LiveJournal1,DensePull,static-vertex-parallel,bitvector,false,5,9.996028423309326,1.1822
orkut-links,DensePull,static-vertex-parallel,bitvector,false,5,15.078849077224731,1.01262
soc-LiveJournal1,DensePull,edge-aware-dynamic-vertex-parallel,boolean-array,false,5,13.467565536499023,4.73706
orkut-links,DensePull,edge-aware-dynamic-vertex-parallel,boolean-array,false,5,20.01544213294983,5.87293
roadNet-CA,DensePull,edge-aware-dynamic-vertex-parallel,boolean-array,false,5,0.5159120559692383,0.171671
youtube-u-growth,DensePull,edge-aware-dynamic-vertex-parallel,bitvector,false,5,2.034749984741211,0.877321
dblp_coauthor,DensePull,edge-aware-dynamic-vertex-parallel,bitvector,false,5,4.7850048542022705,1.03174
soc-LiveJournal1,DensePull,edge-aware-dynamic-vertex-parallel,bitvector,false,5,13.740649700164795,5.00134
orkut-links,DensePull,edge-aware-dynamic-vertex-parallel,bitvector,false,5,20.08229160308838,6.07317
roadNet-CA,DensePull,edge-aware-dynamic-vertex-parallel,bitvector,false,5,0.5181915760040283,0.172323
youtube-u-growth,DensePull-SparsePush,serial,boolean-array,false,5,2.100602626800537,0.912765
dblp_coauthor,DensePull-SparsePush,serial,boolean-array,false,5,4.7928454875946045,1.05296
roadNet-CA,DensePull-SparsePush,serial,boolean-array,false,5,0.5495352745056152,0.185688
youtube-u-growth,DensePull-SparsePush,serial,bitvector,false,5,2.0597310066223145,0.875581
dblp_coauthor,DensePull-SparsePush,serial,bitvector,false,5,4.796424150466919,1.06212
soc-LiveJournal1,DensePull-SparsePush,serial,bitvector,false,5,13.56069803237915,4.793
orkut-links,DensePull-SparsePush,serial,bitvector,false,5,19.67905330657959,5.60091
roadNet-CA,DensePull-SparsePush,serial,bitvector,false,5,0.5507338047027588,0.183016
youtube-u-growth,DensePull-SparsePush,dynamic-vertex-parallel,boolean-array,false,5,1.3367621898651123,0.14382
dblp_coauthor,DensePull-SparsePush,dynamic-vertex-parallel,boolean-array,false,5,3.9429922103881836,0.186667
soc-LiveJournal1,DensePull-SparsePush,dynamic-vertex-parallel,boolean-array,false,5,9.943058729171753,1.13827
orkut-links,DensePull-SparsePush,dynamic-vertex-parallel,boolean-array,false,5,15.06023645401001,0.95309
youtube-u-growth,DensePull-SparsePush,dynamic-vertex-parallel,bitvector,false,5,1.3222520351409912,0.138685
orkut-links,DensePull-SparsePush,dynamic-vertex-parallel,bitvector,false,5,15.058983564376831,0.905097
roadNet-CA,DensePull-SparsePush,dynamic-vertex-parallel,bitvector,false,5,0.41278815269470215,0.045558
youtube-u-growth,DensePull-SparsePush,static-vertex-parallel,boolean-array,false,5,1.3239977359771729,0.134039
soc-LiveJournal1,DensePull-SparsePush,static-vertex-parallel,boolean-array,false,5,9.81577730178833,1.05465
orkut-links,DensePull-SparsePush,static-vertex-parallel,boolean-array,false,5,15.001344919204712,0.937116
roadNet-CA,DensePull-SparsePush,static-vertex-parallel,boolean-array,false,5,0.4163193702697754,0.046001
youtube-u-growth,DensePull-SparsePush,static-vertex-parallel,bitvector,false,5,1.323258876800537,0.137462
soc-LiveJournal1,DensePull-SparsePush,static-vertex-parallel,bitvector,false,5,9.927404642105103,1.09304
roadNet-CA,DensePull-SparsePush,static-vertex-parallel,bitvector,false,5,0.4117894172668457,0.045914
youtube-u-growth,DensePull-SparsePush,edge-aware-dynamic-vertex-parallel,boolean-array,false,5,2.0908544063568115,0.901837
dblp_coauthor,DensePull-SparsePush,edge-aware-dynamic-vertex-parallel,boolean-array,false,5,4.8406150341033936,1.08797
soc-LiveJournal1,DensePull-SparsePush,edge-aware-dynamic-vertex-parallel,boolean-array,false,5,12.997479438781738,4.22466
orkut-links,DensePull-SparsePush,edge-aware-dynamic-vertex-parallel,boolean-array,false,5,19.749950408935547,5.70567
roadNet-CA,DensePull-SparsePush,edge-aware-dynamic-vertex-parallel,boolean-array,false,5,0.5695281028747559,0.200938
youtube-u-growth,DensePull-SparsePush,edge-aware-dynamic-vertex-parallel,bitvector,false,5,2.099653482437134,0.904665
soc-LiveJournal1,DensePull-SparsePush,edge-aware-dynamic-vertex-parallel,bitvector,false,5,13.71446442604065,4.91225
orkut-links,DensePull-SparsePush,edge-aware-dynamic-vertex-parallel,bitvector,false,5,20.166610956192017,6.09519
youtube-u-growth,SparsePush-DensePull,serial,boolean-array,false,5,2.0991973876953125,0.911989
dblp_coauthor,SparsePush-DensePull,serial,boolean-array,false,5,4.844774484634399,1.09336
soc-LiveJournal1,SparsePush-DensePull,serial,boolean-array,false,5,13.568256616592407,4.79645
orkut-links,SparsePush-DensePull,serial,boolean-array,false,5,19.88754940032959,5.76898
roadNet-CA,SparsePush-DensePull,serial,boolean-array,false,5,0.5529353618621826,0.184369
youtube-u-growth,SparsePush-DensePull,serial,bitvector,false,5,2.0766959190368652,0.888837
soc-LiveJournal1,SparsePush-DensePull,serial,bitvector,false,5,13.413711786270142,4.59833
orkut-links,SparsePush-DensePull,serial,bitvector,false,5,19.540698766708374,5.49719
roadNet-CA,SparsePush-DensePull,serial,bitvector,false,5,0.5512831211090088,0.182196
youtube-u-growth,SparsePush-DensePull,dynamic-vertex-parallel,boolean-array,false,5,1.3305833339691162,0.140843
dblp_coauthor,SparsePush-DensePull,dynamic-vertex-parallel,boolean-array,false,5,3.9429051876068115,0.197121
soc-LiveJournal1,SparsePush-DensePull,dynamic-vertex-parallel,boolean-array,false,5,9.823275566101074,1.04323
orkut-links,SparsePush-DensePull,dynamic-vertex-parallel,boolean-array,false,5,15.071475744247437,0.922976
roadNet-CA,SparsePush-DensePull,dynamic-vertex-parallel,boolean-array,false,5,0.41367626190185547,0.045207
youtube-u-growth,SparsePush-DensePull,dynamic-vertex-parallel,bitvector,false,5,1.3264927864074707,0.136711
soc-LiveJournal1,SparsePush-DensePull,dynamic-vertex-parallel,bitvector,false,5,9.774363994598389,0.974654
orkut-links,SparsePush-DensePull,dynamic-vertex-parallel,bitvector,false,5,15.016741275787354,0.908374
roadNet-CA,SparsePush-DensePull,dynamic-vertex-parallel,bitvector,false,5,0.41388440132141113,0.046192
youtube-u-growth,SparsePush-DensePull,static-vertex-parallel,boolean-array,false,5,1.3377790451049805,0.147803
dblp_coauthor,SparsePush-DensePull,static-vertex-parallel,boolean-array,false,5,3.953097343444824,0.193904
soc-LiveJournal1,SparsePush-DensePull,static-vertex-parallel,boolean-array,false,5,9.853899717330933,1.07701
orkut-links,SparsePush-DensePull,static-vertex-parallel,boolean-array,false,5,14.936026573181152,0.904895
roadNet-CA,SparsePush-DensePull,static-vertex-parallel,boolean-array,false,5,0.41923975944519043,0.05012
youtube-u-growth,SparsePush-DensePull,static-vertex-parallel,bitvector,false,5,1.328141212463379,0.140771
dblp_coauthor,SparsePush-DensePull,static-vertex-parallel,bitvector,false,5,3.9232242107391357,0.185273
soc-LiveJournal1,SparsePush-DensePull,static-vertex-parallel,bitvector,false,5,9.942562580108643,1.14255
orkut-links,SparsePush-DensePull,static-vertex-parallel,bitvector,false,5,14.964720010757446,0.910803
roadNet-CA,SparsePush-DensePull,static-vertex-parallel,bitvector,false,5,0.4201538562774658,0.049353
youtube-u-growth,SparsePush-DensePull,edge-aware-dynamic-vertex-parallel,boolean-array,false,5,2.138154983520508,0.94571
dblp_coauthor,SparsePush-DensePull,edge-aware-dynamic-vertex-parallel,boolean-array,false,5,4.858910799026489,1.09458
soc-LiveJournal1,SparsePush-DensePull,edge-aware-dynamic-vertex-parallel,boolean-array,false,5,13.75201416015625,4.93544
roadNet-CA,SparsePush-DensePull,edge-aware-dynamic-vertex-parallel,boolean-array,false,5,0.5646963119506836,0.196019
dblp_coauthor,SparsePush-DensePull,edge-aware-dynamic-vertex-parallel,bitvector,false,5,4.844395637512207,1.09853
orkut-links,SparsePush-DensePull,edge-aware-dynamic-vertex-parallel,bitvector,false,5,20.154269695281982,6.05817
dblp_coauthor,DensePull,serial,boolean-array,false,10,4.795017719268799,1.017
orkut-links,DensePull,serial,boolean-array,false,10,19.625495433807373,5.45628
roadNet-CA,DensePull,serial,boolean-array,false,10,0.5077600479125977,0.162748
soc-LiveJournal1,DensePull,serial,bitvector,false,10,13.107224702835083,4.23554
orkut-links,DensePull,serial,bitvector,false,10,19.76135563850403,5.53065
roadNet-CA,DensePull,serial,bitvector,false,10,0.5045897960662842,0.160132
youtube-u-growth,DensePull,dynamic-vertex-parallel,boolean-array,false,10,1.2741680145263672,0.107652
dblp_coauthor,DensePull,dynamic-vertex-parallel,boolean-array,false,10,3.9446537494659424,0.149928
soc-LiveJournal1,DensePull,dynamic-vertex-parallel,boolean-array,false,10,9.823573112487793,0.962596
orkut-links,DensePull,dynamic-vertex-parallel,boolean-array,false,10,15.055646419525146,0.937253
roadNet-CA,DensePull,dynamic-vertex-parallel,boolean-array,false,10,0.3709573745727539,0.024292
youtube-u-growth,DensePull,dynamic-vertex-parallel,bitvector,false,10,1.2723369598388672,0.10839
dblp_coauthor,DensePull,dynamic-vertex-parallel,bitvector,false,10,3.9482309818267822,0.150607
orkut-links,DensePull,dynamic-vertex-parallel,bitvector,false,10,15.063663721084595,0.916445
dblp_coauthor,DensePull,static-vertex-parallel,boolean-array,false,10,3.927025556564331,0.148514
soc-LiveJournal1,DensePull,static-vertex-parallel,boolean-array,false,10,9.842628717422485,0.976651
orkut-links,DensePull,static-vertex-parallel,boolean-array,false,10,15.118189573287964,0.970102
roadNet-CA,DensePull,static-vertex-parallel,boolean-array,false,10,0.37034177780151367,0.023452
dblp_coauthor,DensePull,static-vertex-parallel,bitvector,false,10,3.9192442893981934,0.154306
orkut-links,DensePull,static-vertex-parallel,bitvector,false,10,15.200418710708618,0.949266
roadNet-CA,DensePull,static-vertex-parallel,bitvector,false,10,0.3689875602722168,0.023479
youtube-u-growth,DensePull,edge-aware-dynamic-vertex-parallel,boolean-array,false,10,1.9577171802520752,0.78682
dblp_coauthor,DensePull,edge-aware-dynamic-vertex-parallel,boolean-array,false,10,4.839963912963867,1.07959
soc-LiveJournal1,DensePull,edge-aware-dynamic-vertex-parallel,boolean-array,false,10,13.154990673065186,4.2905
orkut-links,DensePull,edge-aware-dynamic-vertex-parallel,boolean-array,false,10,19.778807878494263,5.65524
roadNet-CA,DensePull,edge-aware-dynamic-vertex-parallel,boolean-array,false,10,0.5187320709228516,0.172903
youtube-u-growth,DensePull,edge-aware-dynamic-vertex-parallel,bitvector,false,10,1.947267770767212,0.779858
dblp_coauthor,DensePull,edge-aware-dynamic-vertex-parallel,bitvector,false,10,4.838775157928467,1.07259
soc-LiveJournal1,DensePull,edge-aware-dynamic-vertex-parallel,bitvector,false,10,13.110695600509644,4.23915
orkut-links,DensePull,edge-aware-dynamic-vertex-parallel,bitvector,false,10,19.874682664871216,5.79987
roadNet-CA,DensePull,edge-aware-dynamic-vertex-parallel,bitvector,false,10,0.5247759819030762,0.176671
youtube-u-growth,DensePull-SparsePush,serial,boolean-array,false,10,2.0091967582702637,0.814278
dblp_coauthor,DensePull-SparsePush,serial,boolean-array,false,10,4.831361293792725,1.07121
soc-LiveJournal1,DensePull-SparsePush,serial,boolean-array,false,10,13.186598777770996,4.3235
roadNet-CA,DensePull-SparsePush,serial,boolean-array,false,10,0.5556397438049316,0.188055
youtube-u-growth,DensePull-SparsePush,serial,bitvector,false,10,2.004890203475952,0.812035
dblp_coauthor,DensePull-SparsePush,serial,bitvector,false,10,4.842550277709961,1.06282
soc-LiveJournal1,DensePull-SparsePush,serial,bitvector,false,10,13.22696590423584,4.36612
roadNet-CA,DensePull-SparsePush,serial,bitvector,false,10,0.5468220710754395,0.181309
youtube-u-growth,DensePull-SparsePush,dynamic-vertex-parallel,boolean-array,false,10,1.3365833759307861,0.135432
dblp_coauthor,DensePull-SparsePush,dynamic-vertex-parallel,boolean-array,false,10,3.931427240371704,0.152506
soc-LiveJournal1,DensePull-SparsePush,dynamic-vertex-parallel,boolean-array,false,10,9.80530571937561,0.907883
orkut-links,DensePull-SparsePush,dynamic-vertex-parallel,boolean-array,false,10,15.015777111053467,0.862363
roadNet-CA,DensePull-SparsePush,dynamic-vertex-parallel,boolean-array,false,10,0.4133927822113037,0.04645
youtube-u-growth,DensePull-SparsePush,dynamic-vertex-parallel,bitvector,false,10,1.3236966133117676,0.132471
dblp_coauthor,DensePull-SparsePush,dynamic-vertex-parallel,bitvector,false,10,3.928471565246582,0.150332
soc-LiveJournal1,DensePull-SparsePush,dynamic-vertex-parallel,bitvector,false,10,9.828757047653198,0.890911
roadNet-CA,DensePull-SparsePush,dynamic-vertex-parallel,bitvector,false,10,0.417830228805542,0.049063
youtube-u-growth,DensePull-SparsePush,static-vertex-parallel,boolean-array,false,10,1.3312087059020996,0.135397
dblp_coauthor,DensePull-SparsePush,static-vertex-parallel,boolean-array,false,10,3.93635630607605,0.154366
soc-LiveJournal1,DensePull-SparsePush,static-vertex-parallel,boolean-array,false,10,9.76882791519165,0.891344
orkut-links,DensePull-SparsePush,static-vertex-parallel,boolean-array,false,10,15.041337966918945,0.860199
roadNet-CA,DensePull-SparsePush,static-vertex-parallel,boolean-array,false,10,0.4148707389831543,0.047011
youtube-u-growth,DensePull-SparsePush,static-vertex-parallel,bitvector,false,10,1.3296639919281006,0.136249
soc-LiveJournal1,DensePull-SparsePush,static-vertex-parallel,bitvector,false,10,9.772225379943848,0.907299
orkut-links,DensePull-SparsePush,static-vertex-parallel,bitvector,false,10,15.112197875976562,0.847129
roadNet-CA,DensePull-SparsePush,static-vertex-parallel,bitvector,false,10,0.4104886054992676,0.044684
youtube-u-growth,DensePull-SparsePush,edge-aware-dynamic-vertex-parallel,boolean-array,false,10,2.070284605026245,0.868115
dblp_coauthor,DensePull-SparsePush,edge-aware-dynamic-vertex-parallel,boolean-array,false,10,4.890518665313721,1.11705
roadNet-CA,DensePull-SparsePush,edge-aware-dynamic-vertex-parallel,boolean-array,false,10,0.5666191577911377,0.199242
youtube-u-growth,DensePull-SparsePush,edge-aware-dynamic-vertex-parallel,bitvector,false,10,2.0262811183929443,0.826649
dblp_coauthor,DensePull-SparsePush,edge-aware-dynamic-vertex-parallel,bitvector,false,10,4.876033782958984,1.11404
soc-LiveJournal1,DensePull-SparsePush,edge-aware-dynamic-vertex-parallel,bitvector,false,10,13.42923617362976,4.50311
roadNet-CA,DensePull-SparsePush,edge-aware-dynamic-vertex-parallel,bitvector,false,10,0.5663492679595947,0.196078
youtube-u-growth,SparsePush-DensePull,serial,boolean-array,false,10,1.9854753017425537,0.780653
dblp_coauthor,SparsePush-DensePull,serial,boolean-array,false,10,4.835070848464966,1.07091
soc-LiveJournal1,SparsePush-DensePull,serial,boolean-array,false,10,13.234142541885376,4.37264
orkut-links,SparsePush-DensePull,serial,boolean-array,false,10,19.86746382713318,5.69535
roadNet-CA,SparsePush-DensePull,serial,boolean-array,false,10,0.5527248382568359,0.186302
youtube-u-growth,SparsePush-DensePull,serial,bitvector,false,10,1.999413251876831,0.80983
orkut-links,SparsePush-DensePull,serial,bitvector,false,10,19.547375440597534,5.43641
roadNet-CA,SparsePush-DensePull,serial,bitvector,false,10,0.5582931041717529,0.189451
youtube-u-growth,SparsePush-DensePull,dynamic-vertex-parallel,boolean-array,false,10,1.3302369117736816,0.13669
orkut-links,SparsePush-DensePull,dynamic-vertex-parallel,boolean-array,false,10,15.024129629135132,0.844628
roadNet-CA,SparsePush-DensePull,dynamic-vertex-parallel,boolean-array,false,10,0.4156045913696289,0.047865
youtube-u-growth,SparsePush-DensePull,dynamic-vertex-parallel,bitvector,false,10,1.3431096076965332,0.143406
soc-LiveJournal1,SparsePush-DensePull,dynamic-vertex-parallel,bitvector,false,10,9.742688417434692,0.868088
orkut-links,SparsePush-DensePull,dynamic-vertex-parallel,bitvector,false,10,15.077852725982666,0.842055
roadNet-CA,SparsePush-DensePull,dynamic-vertex-parallel,bitvector,false,10,0.4177830219268799,0.048504
youtube-u-growth,SparsePush-DensePull,static-vertex-parallel,boolean-array,false,10,1.3241112232208252,0.128877
dblp_coauthor,SparsePush-DensePull,static-vertex-parallel,boolean-array,false,10,3.921339511871338,0.147741
soc-LiveJournal1,SparsePush-DensePull,static-vertex-parallel,boolean-array,false,10,9.76973557472229,0.877405
orkut-links,SparsePush-DensePull,static-vertex-parallel,boolean-array,false,10,14.99504542350769,0.840995
youtube-u-growth,SparsePush-DensePull,static-vertex-parallel,bitvector,false,10,1.3345961570739746,0.140549
soc-LiveJournal1,SparsePush-DensePull,static-vertex-parallel,bitvector,false,10,9.80751347541809,0.884088
roadNet-CA,SparsePush-DensePull,static-vertex-parallel,bitvector,false,10,0.41903162002563477,0.048796
youtube-u-growth,SparsePush-DensePull,edge-aware-dynamic-vertex-parallel,boolean-array,false,10,2.024420738220215,0.820625
dblp_coauthor,SparsePush-DensePull,edge-aware-dynamic-vertex-parallel,boolean-array,false,10,4.882679224014282,1.11266
orkut-links,SparsePush-DensePull,edge-aware-dynamic-vertex-parallel,boolean-array,false,10,19.90228819847107,5.72527
roadNet-CA,SparsePush-DensePull,edge-aware-dynamic-vertex-parallel,boolean-array,false,10,0.5696761608123779,0.199814
youtube-u-growth,SparsePush-DensePull,edge-aware-dynamic-vertex-parallel,bitvector,false,10,2.033600091934204,0.836136
soc-LiveJournal1,SparsePush-DensePull,edge-aware-dynamic-vertex-parallel,bitvector,false,10,13.142616033554077,4.25908
orkut-links,SparsePush-DensePull,edge-aware-dynamic-vertex-parallel,bitvector,false,10,20.023354053497314,5.82906
roadNet-CA,SparsePush-DensePull,edge-aware-dynamic-vertex-parallel,bitvector,false,10,0.5729389190673828,0.202037
dblp_coauthor,DensePull,serial,boolean-array,false,15,4.78662633895874,1.01162
soc-LiveJournal1,DensePull,serial,boolean-array,false,15,13.23051905632019,4.30515
orkut-links,DensePull,serial,boolean-array,false,15,19.641479015350342,5.44589
roadNet-CA,DensePull,serial,boolean-array,false,15,0.5111346244812012,0.166101
youtube-u-growth,DensePull,serial,bitvector,false,15,1.8714492321014404,0.701175
dblp_coauthor,DensePull,serial,bitvector,false,15,4.767526865005493,1.00047
soc-LiveJournal1,DensePull,serial,bitvector,false,15,13.050262212753296,4.17028
orkut-links,DensePull,serial,bitvector,false,15,19.678216695785522,5.48379
roadNet-CA,DensePull,serial,bitvector,false,15,0.5070409774780273,0.162489
youtube-u-growth,DensePull,dynamic-vertex-parallel,boolean-array,false,15,1.2705368995666504,0.102891
dblp_coauthor,DensePull,dynamic-vertex-parallel,boolean-array,false,15,3.921971321105957,0.133125
soc-LiveJournal1,DensePull,dynamic-vertex-parallel,boolean-array,false,15,9.765055656433105,0.780048
orkut-links,DensePull,dynamic-vertex-parallel,boolean-array,false,15,14.987886428833008,0.70475
roadNet-CA,DensePull,dynamic-vertex-parallel,boolean-array,false,15,0.3711888790130615,0.024193
youtube-u-growth,DensePull,dynamic-vertex-parallel,bitvector,false,15,1.2758653163909912,0.104202
dblp_coauthor,DensePull,dynamic-vertex-parallel,bitvector,false,15,3.9000906944274902,0.12641
soc-LiveJournal1,DensePull,dynamic-vertex-parallel,bitvector,false,15,9.694715738296509,0.784911
orkut-links,DensePull,dynamic-vertex-parallel,bitvector,false,15,14.889568567276001,0.744069
roadNet-CA,DensePull,dynamic-vertex-parallel,bitvector,false,15,0.3687458038330078,0.024232
youtube-u-growth,DensePull,static-vertex-parallel,boolean-array,false,15,1.2789084911346436,0.106381
dblp_coauthor,DensePull,static-vertex-parallel,boolean-array,false,15,3.919492244720459,0.132421
soc-LiveJournal1,DensePull,static-vertex-parallel,boolean-array,false,15,9.672647953033447,0.771341
orkut-links,DensePull,static-vertex-parallel,boolean-array,false,15,14.949924945831299,0.733668
dblp_coauthor,DensePull,static-vertex-parallel,bitvector,false,15,3.909552812576294,0.131693
soc-LiveJournal1,DensePull,static-vertex-parallel,bitvector,false,15,9.699102401733398,0.774482
orkut-links,DensePull,static-vertex-parallel,bitvector,false,15,15.05277681350708,0.742516
youtube-u-growth,DensePull,edge-aware-dynamic-vertex-parallel,boolean-array,false,15,1.9310946464538574,0.764804
dblp_coauthor,DensePull,edge-aware-dynamic-vertex-parallel,boolean-array,false,15,4.794871091842651,1.02928
soc-LiveJournal1,DensePull,edge-aware-dynamic-vertex-parallel,boolean-array,false,15,13.144983768463135,4.26109
roadNet-CA,DensePull,edge-aware-dynamic-vertex-parallel,boolean-array,false,15,0.5176315307617188,0.170945
youtube-u-growth,DensePull,edge-aware-dynamic-vertex-parallel,bitvector,false,15,1.906024694442749,0.734582
soc-LiveJournal1,DensePull,edge-aware-dynamic-vertex-parallel,bitvector,false,15,13.285046815872192,4.34093
orkut-links,DensePull,edge-aware-dynamic-vertex-parallel,bitvector,false,15,19.777939081192017,5.57695
roadNet-CA,DensePull,edge-aware-dynamic-vertex-parallel,bitvector,false,15,0.5185914039611816,0.172318
dblp_coauthor,DensePull-SparsePush,serial,boolean-array,false,15,4.812133550643921,1.05283
soc-LiveJournal1,DensePull-SparsePush,serial,boolean-array,false,15,13.272680044174194,4.33272
orkut-links,DensePull-SparsePush,serial,boolean-array,false,15,19.72148609161377,5.4729
dblp_coauthor,DensePull-SparsePush,serial,bitvector,false,15,4.787636756896973,1.03148
soc-LiveJournal1,DensePull-SparsePush,serial,bitvector,false,15,13.101598262786865,4.23039
roadNet-CA,DensePull-SparsePush,serial,bitvector,false,15,0.551091194152832,0.183587
youtube-u-growth,DensePull-SparsePush,dynamic-vertex-parallel,boolean-array,false,15,1.3325881958007812,0.136784
soc-LiveJournal1,DensePull-SparsePush,dynamic-vertex-parallel,boolean-array,false,15,9.653596878051758,0.730715
roadNet-CA,DensePull-SparsePush,dynamic-vertex-parallel,boolean-array,false,15,0.42133140563964844,0.05283
youtube-u-growth,DensePull-SparsePush,dynamic-vertex-parallel,bitvector,false,15,1.3399486541748047,0.137521
dblp_coauthor,DensePull-SparsePush,dynamic-vertex-parallel,bitvector,false,15,3.8980817794799805,0.135665
soc-LiveJournal1,DensePull-SparsePush,dynamic-vertex-parallel,bitvector,false,15,9.687922716140747,0.722055
roadNet-CA,DensePull-SparsePush,dynamic-vertex-parallel,bitvector,false,15,0.41623640060424805,0.049054
youtube-u-growth,DensePull-SparsePush,static-vertex-parallel,boolean-array,false,15,1.3381829261779785,0.139895
soc-LiveJournal1,DensePull-SparsePush,static-vertex-parallel,boolean-array,false,15,9.671900987625122,0.741687
orkut-links,DensePull-SparsePush,static-vertex-parallel,boolean-array,false,15,14.951620817184448,0.678987
youtube-u-growth,DensePull-SparsePush,static-vertex-parallel,bitvector,false,15,1.349130630493164,0.1396
dblp_coauthor,DensePull-SparsePush,static-vertex-parallel,bitvector,false,15,3.93022084236145,0.13947
soc-LiveJournal1,DensePull-SparsePush,static-vertex-parallel,bitvector,false,15,9.63694453239441,0.730633
orkut-links,DensePull-SparsePush,static-vertex-parallel,bitvector,false,15,14.977272272109985,0.679834
youtube-u-growth,DensePull-SparsePush,edge-aware-dynamic-vertex-parallel,boolean-array,false,15,2.001347064971924,0.801793
dblp_coauthor,DensePull-SparsePush,edge-aware-dynamic-vertex-parallel,boolean-array,false,15,4.921798467636108,1.06379
soc-LiveJournal1,DensePull-SparsePush,edge-aware-dynamic-vertex-parallel,boolean-array,false,15,13.265369892120361,4.38309
orkut-links,DensePull-SparsePush,edge-aware-dynamic-vertex-parallel,boolean-array,false,15,19.86026906967163,5.60048
roadNet-CA,DensePull-SparsePush,edge-aware-dynamic-vertex-parallel,boolean-array,false,15,0.5733323097229004,0.201561
dblp_coauthor,DensePull-SparsePush,edge-aware-dynamic-vertex-parallel,bitvector,false,15,4.835490465164185,1.04554
soc-LiveJournal1,DensePull-SparsePush,edge-aware-dynamic-vertex-parallel,bitvector,false,15,13.429497480392456,4.50092
orkut-links,DensePull-SparsePush,edge-aware-dynamic-vertex-parallel,bitvector,false,15,19.85809874534607,5.60132
roadNet-CA,DensePull-SparsePush,edge-aware-dynamic-vertex-parallel,bitvector,false,15,0.5669066905975342,0.196402
dblp_coauthor,SparsePush-DensePull,serial,boolean-array,false,15,4.817438364028931,1.0276
soc-LiveJournal1,SparsePush-DensePull,serial,boolean-array,false,15,13.31917405128479,4.39393
orkut-links,SparsePush-DensePull,serial,boolean-array,false,15,19.727522134780884,5.48983
roadNet-CA,SparsePush-DensePull,serial,boolean-array,false,15,0.555211067199707,0.186267
youtube-u-growth,SparsePush-DensePull,serial,bitvector,false,15,2.0021300315856934,0.812136
dblp_coauthor,SparsePush-DensePull,serial,bitvector,false,15,4.801753044128418,1.02765
soc-LiveJournal1,SparsePush-DensePull,serial,bitvector,false,15,13.184265851974487,4.29812
roadNet-CA,SparsePush-DensePull,serial,bitvector,false,15,0.5543603897094727,0.185568
youtube-u-growth,SparsePush-DensePull,dynamic-vertex-parallel,boolean-array,false,15,1.33843994140625,0.1371
dblp_coauthor,SparsePush-DensePull,dynamic-vertex-parallel,boolean-array,false,15,3.917802095413208,0.137823
orkut-links,SparsePush-DensePull,dynamic-vertex-parallel,boolean-array,false,15,14.919074535369873,0.682149
roadNet-CA,SparsePush-DensePull,dynamic-vertex-parallel,boolean-array,false,15,0.4222543239593506,0.053087
youtube-u-growth,SparsePush-DensePull,dynamic-vertex-parallel,bitvector,false,15,1.3404693603515625,0.137794
dblp_coauthor,SparsePush-DensePull,dynamic-vertex-parallel,bitvector,false,15,3.9188733100891113,0.13287
soc-LiveJournal1,SparsePush-DensePull,dynamic-vertex-parallel,bitvector,false,15,9.6941978931427,0.752238
orkut-links,SparsePush-DensePull,dynamic-vertex-parallel,bitvector,false,15,15.020878791809082,0.681553
roadNet-CA,SparsePush-DensePull,dynamic-vertex-parallel,bitvector,false,15,0.4192664623260498,0.049852
dblp_coauthor,SparsePush-DensePull,static-vertex-parallel,boolean-array,false,15,3.912410020828247,0.145027
soc-LiveJournal1,SparsePush-DensePull,static-vertex-parallel,boolean-array,false,15,9.644775867462158,0.724535
orkut-links,SparsePush-DensePull,static-vertex-parallel,boolean-array,false,15,14.880547285079956,0.680012
youtube-u-growth,SparsePush-DensePull,static-vertex-parallel,bitvector,false,15,1.3426988124847412,0.145078
soc-LiveJournal1,SparsePush-DensePull,static-vertex-parallel,bitvector,false,15,9.67920470237732,0.748171
orkut-links,SparsePush-DensePull,static-vertex-parallel,bitvector,false,15,14.941203355789185,0.69255
roadNet-CA,SparsePush-DensePull,static-vertex-parallel,bitvector,false,15,0.4294412136077881,0.0472
dblp_coauthor,SparsePush-DensePull,edge-aware-dynamic-vertex-parallel,boolean-array,false,15,4.834897994995117,1.03886
soc-LiveJournal1,SparsePush-DensePull,edge-aware-dynamic-vertex-parallel,boolean-array,false,15,13.346209526062012,4.41855
orkut-links,SparsePush-DensePull,edge-aware-dynamic-vertex-parallel,boolean-array,false,15,19.843234300613403,5.59432
roadNet-CA,SparsePush-DensePull,edge-aware-dynamic-vertex-parallel,boolean-array,false,15,0.5657548904418945,0.195731
youtube-u-growth,SparsePush-DensePull,edge-aware-dynamic-vertex-parallel,bitvector,false,15,2.032362222671509,0.832991
dblp_coauthor,SparsePush-DensePull,edge-aware-dynamic-vertex-parallel,bitvector,false,15,4.86697244644165,1.08235
soc-LiveJournal1,SparsePush-DensePull,edge-aware-dynamic-vertex-parallel,bitvector,false,15,13.290118932723999,4.3621
orkut-links,SparsePush-DensePull,edge-aware-dynamic-vertex-parallel,bitvector,false,15,19.725525379180908,5.50948
roadNet-CA,SparsePush-DensePull,edge-aware-dynamic-vertex-parallel,bitvector,false,15,0.5625228881835938,0.193486
youtube-u-growth,DensePull,serial,boolean-array,false,20,1.8881111145019531,0.715992
dblp_coauthor,DensePull,serial,boolean-array,false,20,4.778061866760254,0.98372
soc-LiveJournal1,DensePull,serial,boolean-array,false,20,13.141405820846558,4.18398
orkut-links,DensePull,serial,boolean-array,false,20,19.49537467956543,5.22237
roadNet-CA,DensePull,serial,boolean-array,false,20,0.5075056552886963,0.162202
soc-LiveJournal1,DensePull,serial,bitvector,false,20,13.256872653961182,4.32798
orkut-links,DensePull,serial,bitvector,false,20,19.444850206375122,5.13208
roadNet-CA,DensePull,serial,bitvector,false,20,0.5081417560577393,0.163432
youtube-u-growth,DensePull,dynamic-vertex-parallel,boolean-array,false,20,1.267317533493042,0.102269
dblp_coauthor,DensePull,dynamic-vertex-parallel,boolean-array,false,20,3.9044384956359863,0.125243
soc-LiveJournal1,DensePull,dynamic-vertex-parallel,boolean-array,false,20,9.565587043762207,0.626674
orkut-links,DensePull,dynamic-vertex-parallel,boolean-array,false,20,14.914835929870605,0.636809
roadNet-CA,DensePull,dynamic-vertex-parallel,boolean-array,false,20,0.37183380126953125,0.024823
youtube-u-growth,DensePull,dynamic-vertex-parallel,bitvector,false,20,1.273428201675415,0.104684
dblp_coauthor,DensePull,dynamic-vertex-parallel,bitvector,false,20,3.9202194213867188,0.129234
orkut-links,DensePull,dynamic-vertex-parallel,bitvector,false,20,14.912096500396729,0.656032
roadNet-CA,DensePull,dynamic-vertex-parallel,bitvector,false,20,0.37129855155944824,0.026244
youtube-u-growth,DensePull,static-vertex-parallel,boolean-array,false,20,1.2768332958221436,0.1061
dblp_coauthor,DensePull,static-vertex-parallel,boolean-array,false,20,3.922250270843506,0.12565
soc-LiveJournal1,DensePull,static-vertex-parallel,boolean-array,false,20,9.556146621704102,0.629
orkut-links,DensePull,static-vertex-parallel,boolean-array,false,20,14.915223598480225,0.654046
roadNet-CA,DensePull,static-vertex-parallel,boolean-array,false,20,0.37084531784057617,0.024799
youtube-u-growth,DensePull,static-vertex-parallel,bitvector,false,20,1.280090093612671,0.106054
dblp_coauthor,DensePull,static-vertex-parallel,bitvector,false,20,3.9271087646484375,0.126977
soc-LiveJournal1,DensePull,static-vertex-parallel,bitvector,false,20,9.567555904388428,0.629931
orkut-links,DensePull,static-vertex-parallel,bitvector,false,20,14.939764499664307,0.651826
roadNet-CA,DensePull,static-vertex-parallel,bitvector,false,20,0.36985111236572266,0.02507
youtube-u-growth,DensePull,edge-aware-dynamic-vertex-parallel,boolean-array,false,20,1.9468553066253662,0.77776
soc-LiveJournal1,DensePull,edge-aware-dynamic-vertex-parallel,boolean-array,false,20,13.256614923477173,4.36998
orkut-links,DensePull,edge-aware-dynamic-vertex-parallel,boolean-array,false,20,19.703014850616455,5.38847
youtube-u-growth,DensePull,edge-aware-dynamic-vertex-parallel,bitvector,false,20,1.9234304428100586,0.741882
soc-LiveJournal1,DensePull,edge-aware-dynamic-vertex-parallel,bitvector,false,20,13.29665732383728,4.37088
orkut-links,DensePull,edge-aware-dynamic-vertex-parallel,bitvector,false,20,19.703152894973755,5.43655
roadNet-CA,DensePull,edge-aware-dynamic-vertex-parallel,bitvector,false,20,0.521996259689331,0.176445
youtube-u-growth,DensePull-SparsePush,serial,boolean-array,false,20,1.9977328777313232,0.800824
dblp_coauthor,DensePull-SparsePush,serial,boolean-array,false,20,4.826571226119995,1.02915
soc-LiveJournal1,DensePull-SparsePush,serial,boolean-array,false,20,13.258996725082397,4.26201
roadNet-CA,DensePull-SparsePush,serial,boolean-array,false,20,0.5551071166992188,0.187271
youtube-u-growth,DensePull-SparsePush,serial,bitvector,false,20,1.9666340351104736,0.771014
dblp_coauthor,DensePull-SparsePush,serial,bitvector,false,20,4.777051687240601,0.990839
soc-LiveJournal1,DensePull-SparsePush,serial,bitvector,false,20,13.301877975463867,4.39022
orkut-links,DensePull-SparsePush,serial,bitvector,false,20,19.537477493286133,5.28472
roadNet-CA,DensePull-SparsePush,serial,bitvector,false,20,0.5596668720245361,0.191724
youtube-u-growth,DensePull-SparsePush,dynamic-vertex-parallel,boolean-array,false,20,1.3329012393951416,0.134746
dblp_coauthor,DensePull-SparsePush,dynamic-vertex-parallel,boolean-array,false,20,3.9179975986480713,0.131331
soc-LiveJournal1,DensePull-SparsePush,dynamic-vertex-parallel,boolean-array,false,20,9.57775354385376,0.639717
orkut-links,DensePull-SparsePush,dynamic-vertex-parallel,boolean-array,false,20,14.952008724212646,0.609825
roadNet-CA,DensePull-SparsePush,dynamic-vertex-parallel,boolean-array,false,20,0.416980504989624,0.048954
youtube-u-growth,DensePull-SparsePush,dynamic-vertex-parallel,bitvector,false,20,1.3429625034332275,0.14209
dblp_coauthor,DensePull-SparsePush,dynamic-vertex-parallel,bitvector,false,20,3.9328129291534424,0.136589
soc-LiveJournal1,DensePull-SparsePush,dynamic-vertex-parallel,bitvector,false,20,9.561116456985474,0.637359
orkut-links,DensePull-SparsePush,dynamic-vertex-parallel,bitvector,false,20,14.892765760421753,0.631798
roadNet-CA,DensePull-SparsePush,dynamic-vertex-parallel,bitvector,false,20,0.4229898452758789,0.054241
youtube-u-growth,DensePull-SparsePush,static-vertex-parallel,boolean-array,false,20,1.3320534229278564,0.134459
dblp_coauthor,DensePull-SparsePush,static-vertex-parallel,boolean-array,false,20,3.9195988178253174,0.142468
soc-LiveJournal1,DensePull-SparsePush,static-vertex-parallel,boolean-array,false,20,9.660446405410767,0.625041
orkut-links,DensePull-SparsePush,static-vertex-parallel,boolean-array,false,20,14.964242696762085,0.616494
roadNet-CA,DensePull-SparsePush,static-vertex-parallel,boolean-array,false,20,0.4167041778564453,0.049098
youtube-u-growth,DensePull-SparsePush,static-vertex-parallel,bitvector,false,20,1.3342785835266113,0.13566
orkut-links,DensePull-SparsePush,static-vertex-parallel,bitvector,false,20,14.899549007415771,0.618933
roadNet-CA,DensePull-SparsePush,static-vertex-parallel,bitvector,false,20,0.413407564163208,0.047157
soc-LiveJournal1,DensePull-SparsePush,edge-aware-dynamic-vertex-parallel,boolean-array,false,20,13.29758596420288,4.3394
orkut-links,DensePull-SparsePush,edge-aware-dynamic-vertex-parallel,boolean-array,false,20,19.65237545967102,5.39612
roadNet-CA,DensePull-SparsePush,edge-aware-dynamic-vertex-parallel,boolean-array,false,20,0.5676817893981934,0.198062
youtube-u-growth,DensePull-SparsePush,edge-aware-dynamic-vertex-parallel,bitvector,false,20,2.0116918087005615,0.815801
dblp_coauthor,DensePull-SparsePush,edge-aware-dynamic-vertex-parallel,bitvector,false,20,4.785408020019531,1.01265
soc-LiveJournal1,DensePull-SparsePush,edge-aware-dynamic-vertex-parallel,bitvector,false,20,13.394375801086426,4.43095
orkut-links,DensePull-SparsePush,edge-aware-dynamic-vertex-parallel,bitvector,false,20,19.86314582824707,5.57192
roadNet-CA,DensePull-SparsePush,edge-aware-dynamic-vertex-parallel,bitvector,false,20,0.5631451606750488,0.195307
youtube-u-growth,SparsePush-DensePull,serial,boolean-array,false,20,2.017263889312744,0.817799
dblp_coauthor,SparsePush-DensePull,serial,boolean-array,false,20,4.802238464355469,1.0188
orkut-links,SparsePush-DensePull,serial,boolean-array,false,20,19.611411809921265,5.31379
roadNet-CA,SparsePush-DensePull,serial,boolean-array,false,20,0.5528779029846191,0.184605
youtube-u-growth,SparsePush-DensePull,serial,bitvector,false,20,1.964108943939209,0.760806
dblp_coauthor,SparsePush-DensePull,serial,bitvector,false,20,4.80182671546936,1.02873
soc-LiveJournal1,SparsePush-DensePull,serial,bitvector,false,20,13.250614881515503,4.35262
orkut-links,SparsePush-DensePull,serial,bitvector,false,20,19.567375659942627,5.25691
youtube-u-growth,SparsePush-DensePull,dynamic-vertex-parallel,boolean-array,false,20,1.3354458808898926,0.13962
dblp_coauthor,SparsePush-DensePull,dynamic-vertex-parallel,boolean-array,false,20,3.919785261154175,0.13166
soc-LiveJournal1,SparsePush-DensePull,dynamic-vertex-parallel,boolean-array,false,20,9.634793043136597,0.643292
roadNet-CA,SparsePush-DensePull,dynamic-vertex-parallel,boolean-array,false,20,0.4172191619873047,0.048676
youtube-u-growth,SparsePush-DensePull,dynamic-vertex-parallel,bitvector,false,20,1.3356492519378662,0.135521
soc-LiveJournal1,SparsePush-DensePull,dynamic-vertex-parallel,bitvector,false,20,9.529706239700317,0.612715
roadNet-CA,SparsePush-DensePull,dynamic-vertex-parallel,bitvector,false,20,0.422177791595459,0.051943
youtube-u-growth,SparsePush-DensePull,static-vertex-parallel,boolean-array,false,20,1.3366894721984863,0.13935
dblp_coauthor,SparsePush-DensePull,static-vertex-parallel,boolean-array,false,20,3.9156625270843506,0.134504
soc-LiveJournal1,SparsePush-DensePull,static-vertex-parallel,boolean-array,false,20,9.607123613357544,0.624475
orkut-links,SparsePush-DensePull,static-vertex-parallel,boolean-array,false,20,14.994475603103638,0.617148
roadNet-CA,SparsePush-DensePull,static-vertex-parallel,boolean-array,false,20,0.41860008239746094,0.050765
soc-LiveJournal1,SparsePush-DensePull,static-vertex-parallel,bitvector,false,20,9.545238971710205,0.632207
orkut-links,SparsePush-DensePull,static-vertex-parallel,bitvector,false,20,14.877101421356201,0.609647
roadNet-CA,SparsePush-DensePull,static-vertex-parallel,bitvector,false,20,0.4192075729370117,0.050556
youtube-u-growth,SparsePush-DensePull,edge-aware-dynamic-vertex-parallel,boolean-array,false,20,2.005774736404419,0.799817
dblp_coauthor,SparsePush-DensePull,edge-aware-dynamic-vertex-parallel,boolean-array,false,20,4.8261613845825195,1.03887
soc-LiveJournal1,SparsePush-DensePull,edge-aware-dynamic-vertex-parallel,boolean-array,false,20,13.303709268569946,4.35172
orkut-links,SparsePush-DensePull,edge-aware-dynamic-vertex-parallel,boolean-array,false,20,19.81254816055298,5.52202
roadNet-CA,SparsePush-DensePull,edge-aware-dynamic-vertex-parallel,boolean-array,false,20,0.5624215602874756,0.195129
youtube-u-growth,SparsePush-DensePull,edge-aware-dynamic-vertex-parallel,bitvector,false,20,1.9846289157867432,0.784507
dblp_coauthor,SparsePush-DensePull,edge-aware-dynamic-vertex-parallel,bitvector,false,20,4.810669183731079,1.02053
soc-LiveJournal1,SparsePush-DensePull,edge-aware-dynamic-vertex-parallel,bitvector,false,20,13.392575740814209,4.43723
orkut-links,SparsePush-DensePull,edge-aware-dynamic-vertex-parallel,bitvector,false,20,19.843647480010986,5.523
roadNet-CA,SparsePush-DensePull,edge-aware-dynamic-vertex-parallel,bitvector,false,20,0.5730800628662109,0.201715
