youtube-u-growth,SparsePush,serial,boolean-array,false,0,7.075510025024414,1.42013,1.9463002681732178,0.865595
dblp_coauthor,SparsePush,serial,boolean-array,false,0,17.209019899368286,1.65002,4.685855150222778,1.07571
soc-LiveJournal1,SparsePush,serial,boolean-array,false,0,52.110814571380615,8.14853,13.458745956420898,5.10693
orkut-links,SparsePush,serial,boolean-array,false,0,81.46986556053162,11.2547,20.554895401000977,7.07815
roadNet-CA,SparsePush,serial,boolean-array,false,0,2.1611435413360596,0.451096,0.5162405967712402,0.199601
youtube-u-growth,SparsePush,dynamic-vertex-parallel,boolean-array,false,0,6.272839307785034,0.674066,2.232301950454712,1.15402
dblp_coauthor,SparsePush,dynamic-vertex-parallel,boolean-array,false,0,18.234615087509155,0.495918,5.034938335418701,1.4203
soc-LiveJournal1,SparsePush,dynamic-vertex-parallel,boolean-array,false,0,45.57139348983765,1.67687,14.260421514511108,5.92659
orkut-links,SparsePush,dynamic-vertex-parallel,boolean-array,false,0,72.24479937553406,3.52149,21.815198183059692,8.38446
youtube-u-growth,SparsePush,static-vertex-parallel,boolean-array,false,0,6.3132643699646,0.715755,2.2521519660949707,1.17278
dblp_coauthor,SparsePush,static-vertex-parallel,boolean-array,false,0,18.169004917144775,0.490146,5.020336866378784,1.42562
soc-LiveJournal1,SparsePush,static-vertex-parallel,boolean-array,false,0,45.907872438430786,1.93813,14.135018825531006,5.79994
orkut-links,SparsePush,static-vertex-parallel,boolean-array,false,0,73.56563568115234,3.46746,21.742000579833984,8.20597
roadNet-CA,SparsePush,static-vertex-parallel,boolean-array,false,0,1.830301284790039,0.116506,0.362743616104126,0.047009
youtube-u-growth,DensePull,serial,boolean-array,false,0,6.827828645706177,1.19103,1.870239019393921,0.794026
dblp_coauthor,DensePull,serial,boolean-array,false,0,19.190057039260864,1.5533,4.702304840087891,1.10056
soc-LiveJournal1,DensePull,serial,boolean-array,false,0,51.76562762260437,7.44453,13.379047393798828,5.03168
roadNet-CA,DensePull,serial,boolean-array,false,0,2.0698373317718506,0.32909,0.46420955657958984,0.148111
youtube-u-growth,DensePull,serial,bitvector,false,0,6.8040690422058105,1.21914,1.8647401332855225,0.783591
soc-LiveJournal1,DensePull,serial,bitvector,false,0,51.37772560119629,7.45022,13.541735172271729,5.19946
orkut-links,DensePull,serial,bitvector,false,0,72.08889651298523,9.11494,19.368724584579468,5.85347
roadNet-CA,DensePull,serial,bitvector,false,0,2.049748420715332,0.329762,0.46517276763916016,0.149138
dblp_coauthor,DensePull,dynamic-vertex-parallel,boolean-array,false,0,17.768821239471436,0.104673,3.8939239978790283,0.298627
soc-LiveJournal1,DensePull,dynamic-vertex-parallel,boolean-array,false,0,44.29499793052673,0.393083,9.843733549118042,1.51235
orkut-links,DensePull,dynamic-vertex-parallel,boolean-array,false,0,72.28877305984497,0.492185,14.289637565612793,0.832995
youtube-u-growth,DensePull,dynamic-vertex-parallel,bitvector,false,0,5.730915784835815,0.11808,1.2176415920257568,0.121136
soc-LiveJournal1,DensePull,dynamic-vertex-parallel,bitvector,false,0,44.42934036254883,0.421493,10.253434419631958,1.80098
roadNet-CA,DensePull,dynamic-vertex-parallel,bitvector,false,0,1.7717626094818115,0.052243,0.33567237854003906,0.01799
youtube-u-growth,DensePull,static-vertex-parallel,boolean-array,false,0,5.740779876708984,0.114774,1.2149102687835693,0.121751
soc-LiveJournal1,DensePull,static-vertex-parallel,boolean-array,false,0,44.285133838653564,0.408127,10.250765323638916,1.79601
orkut-links,DensePull,static-vertex-parallel,boolean-array,false,0,70.59089088439941,0.488236,14.567312002182007,1.00194
roadNet-CA,DensePull,static-vertex-parallel,boolean-array,false,0,1.7627153396606445,0.049167,0.3381009101867676,0.018311
youtube-u-growth,DensePull,static-vertex-parallel,bitvector,false,0,5.887121200561523,0.137945,1.2119359970092773,0.117678
dblp_coauthor,DensePull,static-vertex-parallel,bitvector,false,0,17.929097652435303,0.132962,3.9717133045196533,0.343115
soc-LiveJournal1,DensePull,static-vertex-parallel,bitvector,false,0,44.21865916252136,0.37008,10.194590091705322,1.78652
orkut-links,DensePull,static-vertex-parallel,bitvector,false,0,66.52581071853638,0.48576,14.464485883712769,0.92035
youtube-u-growth,DensePull,edge-aware-dynamic-vertex-parallel,boolean-array,false,0,5.778337240219116,0.15861,2.0138208866119385,0.913928
dblp_coauthor,DensePull,edge-aware-dynamic-vertex-parallel,boolean-array,false,0,16.76529812812805,0.104195,4.994158983230591,1.35567
soc-LiveJournal1,DensePull,edge-aware-dynamic-vertex-parallel,boolean-array,false,0,44.18947958946228,0.545643,14.992089986801147,6.63184
roadNet-CA,DensePull,edge-aware-dynamic-vertex-parallel,boolean-array,false,0,1.7792022228240967,0.074885,0.47893643379211426,0.159061
youtube-u-growth,DensePull,edge-aware-dynamic-vertex-parallel,bitvector,false,0,5.519843101501465,0.138143,2.0370259284973145,0.949256
dblp_coauthor,DensePull,edge-aware-dynamic-vertex-parallel,bitvector,false,0,17.052507162094116,0.108507,4.972640514373779,1.34608
soc-LiveJournal1,DensePull,edge-aware-dynamic-vertex-parallel,bitvector,false,0,44.15973138809204,0.42367,15.181089162826538,6.8426
orkut-links,DensePull,edge-aware-dynamic-vertex-parallel,bitvector,false,0,70.41254711151123,0.470543,21.55402445793152,8.06678
roadNet-CA,DensePull,edge-aware-dynamic-vertex-parallel,bitvector,false,0,1.7948572635650635,0.076836,0.4783132076263428,0.15779
orkut-links,DensePull-SparsePush,serial,boolean-array,false,0,76.7183747291565,9.05428,20.76448106765747,7.25697
roadNet-CA,DensePull-SparsePush,serial,boolean-array,false,0,2.196497917175293,0.44493,0.5094563961029053,0.166876
youtube-u-growth,DensePull-SparsePush,serial,bitvector,false,0,7.012920141220093,1.34705,2.064330577850342,0.940687
dblp_coauthor,DensePull-SparsePush,serial,bitvector,false,0,19.175928354263306,1.55778,4.880780935287476,1.25957
soc-LiveJournal1,DensePull-SparsePush,serial,bitvector,false,0,51.09268140792847,7.462,14.076931238174438,5.72316
orkut-links,DensePull-SparsePush,serial,bitvector,false,0,77.65165519714355,9.39733,20.735743045806885,7.20153
roadNet-CA,DensePull-SparsePush,serial,bitvector,false,0,2.174863338470459,0.42138,0.5098800659179688,0.167666
youtube-u-growth,DensePull-SparsePush,dynamic-vertex-parallel,boolean-array,false,0,5.9220662117004395,0.216435,1.2885456085205078,0.17115
dblp_coauthor,DensePull-SparsePush,dynamic-vertex-parallel,boolean-array,false,0,17.544100284576416,0.138032,4.092463731765747,0.448152
soc-LiveJournal1,DensePull-SparsePush,dynamic-vertex-parallel,boolean-array,false,0,44.171478033065796,0.49715,10.542482137680054,2.2184
orkut-links,DensePull-SparsePush,dynamic-vertex-parallel,boolean-array,false,0,67.80891013145447,0.646216,14.705539464950562,1.14137
youtube-u-growth,DensePull-SparsePush,dynamic-vertex-parallel,bitvector,false,0,5.871741533279419,0.188307,1.2964739799499512,0.166084
dblp_coauthor,DensePull-SparsePush,dynamic-vertex-parallel,bitvector,false,0,17.483625173568726,0.137525,4.029298305511475,0.415704
soc-LiveJournal1,DensePull-SparsePush,dynamic-vertex-parallel,bitvector,false,0,44.07576847076416,0.651663,10.532657146453857,2.15974
roadNet-CA,DensePull-SparsePush,dynamic-vertex-parallel,bitvector,false,0,1.854100227355957,0.108656,0.3840065002441406,0.040906
youtube-u-growth,DensePull-SparsePush,static-vertex-parallel,boolean-array,false,0,5.900021553039551,0.207393,1.281121015548706,0.164411
dblp_coauthor,DensePull-SparsePush,static-vertex-parallel,boolean-array,false,0,17.734070539474487,0.155615,4.0623743534088135,0.425057
soc-LiveJournal1,DensePull-SparsePush,static-vertex-parallel,boolean-array,false,0,43.36436319351196,0.425748,10.568145513534546,2.21326
orkut-links,DensePull-SparsePush,static-vertex-parallel,boolean-array,false,0,67.40567874908447,0.819554,14.594535112380981,1.12157
youtube-u-growth,DensePull-SparsePush,static-vertex-parallel,bitvector,false,0,5.900678396224976,0.270632,1.2774662971496582,0.160918
dblp_coauthor,DensePull-SparsePush,static-vertex-parallel,bitvector,false,0,17.746565341949463,0.17347,4.04357385635376,0.413861
soc-LiveJournal1,DensePull-SparsePush,static-vertex-parallel,bitvector,false,0,44.06510829925537,0.422944,10.62501859664917,2.22533
orkut-links,DensePull-SparsePush,static-vertex-parallel,bitvector,false,0,69.379319190979,0.560733,14.600664615631104,1.11306
roadNet-CA,DensePull-SparsePush,static-vertex-parallel,bitvector,false,0,1.8559074401855469,0.106156,0.3843557834625244,0.041956
youtube-u-growth,DensePull-SparsePush,edge-aware-dynamic-vertex-parallel,boolean-array,false,0,5.880107879638672,0.217685,2.0824038982391357,0.958713
dblp_coauthor,DensePull-SparsePush,edge-aware-dynamic-vertex-parallel,boolean-array,false,0,17.85122513771057,0.126334,5.056999683380127,1.41356
orkut-links,DensePull-SparsePush,edge-aware-dynamic-vertex-parallel,boolean-array,false,0,69.58715987205505,0.459554,21.556202173233032,8.00723
youtube-u-growth,DensePull-SparsePush,edge-aware-dynamic-vertex-parallel,bitvector,false,0,5.9122700691223145,0.209354,2.074009418487549,0.952762
dblp_coauthor,DensePull-SparsePush,edge-aware-dynamic-vertex-parallel,bitvector,false,0,17.734793663024902,0.128039,5.06765604019165,1.43339
soc-LiveJournal1,DensePull-SparsePush,edge-aware-dynamic-vertex-parallel,bitvector,false,0,44.324647665023804,0.427447,15.306223154067993,6.91642
orkut-links,DensePull-SparsePush,edge-aware-dynamic-vertex-parallel,bitvector,false,0,71.09447574615479,0.516314,22.006460428237915,8.46294
roadNet-CA,DensePull-SparsePush,edge-aware-dynamic-vertex-parallel,bitvector,false,0,1.879220962524414,0.142274,0.5430290699005127,0.185611
youtube-u-growth,SparsePush-DensePull,serial,boolean-array,false,0,7.029582977294922,1.33778,2.0482749938964844,0.934394
soc-LiveJournal1,SparsePush-DensePull,serial,boolean-array,false,0,51.083359718322754,7.40616,14.351430654525757,5.98133
orkut-links,SparsePush-DensePull,serial,boolean-array,false,0,79.31454348564148,9.08825,20.560648679733276,7.08806
roadNet-CA,SparsePush-DensePull,serial,boolean-array,false,0,2.222722291946411,0.464841,0.5131490230560303,0.171241
orkut-links,SparsePush-DensePull,serial,bitvector,false,0,78.7570013999939,9.23982,20.823564291000366,7.27756
roadNet-CA,SparsePush-DensePull,serial,bitvector,false,0,2.16465163230896,0.414517,0.5155124664306641,0.171725
youtube-u-growth,SparsePush-DensePull,dynamic-vertex-parallel,boolean-array,false,0,5.904180288314819,0.227239,1.2846276760101318,0.165546
soc-LiveJournal1,SparsePush-DensePull,dynamic-vertex-parallel,boolean-array,false,0,44.35198521614075,0.417611,10.655880212783813,2.25989
roadNet-CA,SparsePush-DensePull,dynamic-vertex-parallel,boolean-array,false,0,1.9155237674713135,0.122191,0.3918919563293457,0.046801
youtube-u-growth,SparsePush-DensePull,dynamic-vertex-parallel,bitvector,false,0,5.613861799240112,0.18773,1.2790534496307373,0.161187
dblp_coauthor,SparsePush-DensePull,dynamic-vertex-parallel,bitvector,false,0,17.766524076461792,0.127453,4.084301710128784,0.442126
soc-LiveJournal1,SparsePush-DensePull,dynamic-vertex-parallel,bitvector,false,0,43.52920150756836,0.408882,10.54163408279419,2.1827
roadNet-CA,SparsePush-DensePull,dynamic-vertex-parallel,bitvector,false,0,1.852715253829956,0.111972,0.38390636444091797,0.04236
youtube-u-growth,SparsePush-DensePull,static-vertex-parallel,boolean-array,false,0,5.592109680175781,0.19226,1.2871980667114258,0.16746
dblp_coauthor,SparsePush-DensePull,static-vertex-parallel,boolean-array,false,0,17.69412350654602,0.127325,4.04015588760376,0.405731
soc-LiveJournal1,SparsePush-DensePull,static-vertex-parallel,boolean-array,false,0,44.04769015312195,0.421487,10.515327215194702,2.13578
orkut-links,SparsePush-DensePull,static-vertex-parallel,boolean-array,false,0,70.16505765914917,0.442024,14.657968759536743,1.16546
roadNet-CA,SparsePush-DensePull,static-vertex-parallel,boolean-array,false,0,1.962146282196045,0.170347,0.3853318691253662,0.04172
youtube-u-growth,SparsePush-DensePull,static-vertex-parallel,bitvector,false,0,5.850320816040039,0.190771,1.2851758003234863,0.168452
dblp_coauthor,SparsePush-DensePull,static-vertex-parallel,bitvector,false,0,13.493616104125977,0.136633,4.066685676574707,0.420528
soc-LiveJournal1,SparsePush-DensePull,static-vertex-parallel,bitvector,false,0,44.24528408050537,0.40733,10.576617240905762,2.23655
orkut-links,SparsePush-DensePull,static-vertex-parallel,bitvector,false,0,71.10224938392639,0.448085,14.590608835220337,1.04168
roadNet-CA,SparsePush-DensePull,static-vertex-parallel,bitvector,false,0,1.8528800010681152,0.109836,0.3810138702392578,0.040346
youtube-u-growth,SparsePush-DensePull,edge-aware-dynamic-vertex-parallel,boolean-array,false,0,5.8699915409088135,0.196686,2.078279972076416,0.950819
dblp_coauthor,SparsePush-DensePull,edge-aware-dynamic-vertex-parallel,boolean-array,false,0,17.797094345092773,0.127645,5.0569233894348145,1.42056
roadNet-CA,SparsePush-DensePull,edge-aware-dynamic-vertex-parallel,boolean-array,false,0,1.8674664497375488,0.144676,0.5194077491760254,0.179083
youtube-u-growth,SparsePush-DensePull,edge-aware-dynamic-vertex-parallel,bitvector,false,0,5.899481296539307,0.209196,2.0782227516174316,0.957112
dblp_coauthor,SparsePush-DensePull,edge-aware-dynamic-vertex-parallel,bitvector,false,0,17.784599781036377,0.129987,5.015227556228638,1.3854
soc-LiveJournal1,SparsePush-DensePull,edge-aware-dynamic-vertex-parallel,bitvector,false,0,44.57248306274414,0.440319,15.309353113174438,6.87397
orkut-links,SparsePush-DensePull,edge-aware-dynamic-vertex-parallel,bitvector,false,0,70.3655002117157,0.541221,21.783498525619507,8.25494
youtube-u-growth,DensePush-SparsePush,serial,boolean-array,false,0,7.280838966369629,1.62029,2.1177239418029785,1.00291
dblp_coauthor,DensePush-SparsePush,serial,boolean-array,false,0,19.371898889541626,1.69003,4.841737270355225,1.19615
soc-LiveJournal1,DensePush-SparsePush,serial,boolean-array,false,0,51.62544894218445,7.96638,14.05138111114502,5.6807
orkut-links,DensePush-SparsePush,serial,boolean-array,false,0,80.75278878211975,11.0158,22.16977548599243,8.62465
roadNet-CA,DensePush-SparsePush,serial,boolean-array,false,0,2.306072950363159,0.550788,0.5671117305755615,0.226496
youtube-u-growth,DensePush-SparsePush,dynamic-vertex-parallel,boolean-array,false,0,6.472188949584961,0.820561,2.3644866943359375,1.24523
dblp_coauthor,DensePush-SparsePush,dynamic-vertex-parallel,boolean-array,false,0,18.084815979003906,0.541247,5.193737745285034,1.54707
orkut-links,DensePush-SparsePush,dynamic-vertex-parallel,boolean-array,false,0,74.21917867660522,3.68588,22.533751726150513,9.02121
roadNet-CA,DensePush-SparsePush,dynamic-vertex-parallel,boolean-array,false,0,1.869903564453125,0.127395,0.41182446479797363,0.070852
dblp_coauthor,DensePush-SparsePush,static-vertex-parallel,boolean-array,false,0,18.12074112892151,0.524344,5.082285642623901,1.463
soc-LiveJournal1,DensePush-SparsePush,static-vertex-parallel,boolean-array,false,0,45.07270431518555,1.67486,14.377971887588501,6.01023
orkut-links,DensePush-SparsePush,static-vertex-parallel,boolean-array,false,0,73.94306588172913,3.5873,22.322949171066284,8.87949
youtube-u-growth,DensePull,serial,boolean-array,false,5,7.2402966022491455,1.41498,1.9992246627807617,0.836547
dblp_coauthor,DensePull,serial,boolean-array,false,5,19.791553258895874,1.81018,4.776562690734863,1.03428
soc-LiveJournal1,DensePull,serial,boolean-array,false,5,46.7823691368103,6.20734,13.665090799331665,4.85646
orkut-links,DensePull,serial,boolean-array,false,5,79.46583795547485,8.08821,19.93111777305603,5.86615
roadNet-CA,DensePull,serial,boolean-array,false,5,2.2083206176757812,0.404921,0.5076806545257568,0.159649
youtube-u-growth,DensePull,serial,bitvector,false,5,7.172504425048828,1.35008,1.9841902256011963,0.826137
roadNet-CA,DensePull,serial,bitvector,false,5,2.2387304306030273,0.435375,0.509009838104248,0.162548
dblp_coauthor,DensePull,dynamic-vertex-parallel,boolean-array,false,5,18.22619104385376,0.210389,3.9506826400756836,0.212957
soc-LiveJournal1,DensePull,dynamic-vertex-parallel,boolean-array,false,5,45.32798671722412,0.381837,10.10418152809143,1.35513
orkut-links,DensePull,dynamic-vertex-parallel,boolean-array,false,5,72.54632997512817,0.440622,15.096894264221191,1.05292
roadNet-CA,DensePull,dynamic-vertex-parallel,boolean-array,false,5,1.8520705699920654,0.065776,0.3663356304168701,0.022098
dblp_coauthor,DensePull,dynamic-vertex-parallel,bitvector,false,5,18.102895975112915,0.134334,3.945157766342163,0.21004
soc-LiveJournal1,DensePull,dynamic-vertex-parallel,bitvector,false,5,45.42727971076965,0.384143,10.099526643753052,1.29179
youtube-u-growth,DensePull,static-vertex-parallel,boolean-array,false,5,5.970355749130249,0.146948,1.2690069675445557,0.106166
soc-LiveJournal1,DensePull,static-vertex-parallel,boolean-array,false,5,45.4870707988739,0.482448,10.115638017654419,1.34808
orkut-links,DensePull,static-vertex-parallel,boolean-array,false,5,71.96239590644836,0.403972,15.111148118972778,1.04515
roadNet-CA,DensePull,static-vertex-parallel,boolean-array,false,5,1.867107629776001,0.077197,0.36995387077331543,0.021993
youtube-u-growth,DensePull,static-vertex-parallel,bitvector,false,5,5.9721410274505615,0.142028,1.274557113647461,0.111995
dblp_coauthor,DensePull,static-vertex-parallel,bitvector,false,5,18.284512519836426,0.16021,3.9430527687072754,0.189922
soc-LiveJournal1,DensePull,static-vertex-parallel,bitvector,false,5,45.404019594192505,0.396572,9.996028423309326,1.1822
orkut-links,DensePull,static-vertex-parallel,bitvector,false,5,72.44778370857239,0.416826,15.078849077224731,1.01262
soc-LiveJournal1,DensePull,edge-aware-dynamic-vertex-parallel,boolean-array,false,5,45.25157833099365,0.394464,13.467565536499023,4.73706
orkut-links,DensePull,edge-aware-dynamic-vertex-parallel,boolean-array,false,5,71.58842372894287,0.437778,20.01544213294983,5.87293
roadNet-CA,DensePull,edge-aware-dynamic-vertex-parallel,boolean-array,false,5,1.884537696838379,0.090011,0.5159120559692383,0.171671
youtube-u-growth,DensePull,edge-aware-dynamic-vertex-parallel,bitvector,false,5,6.081115245819092,0.188125,2.034749984741211,0.877321
dblp_coauthor,DensePull,edge-aware-dynamic-vertex-parallel,bitvector,false,5,18.060919046401978,0.152155,4.7850048542022705,1.03174
soc-LiveJournal1,DensePull,edge-aware-dynamic-vertex-parallel,bitvector,false,5,45.27267146110535,0.398732,13.740649700164795,5.00134
orkut-links,DensePull,edge-aware-dynamic-vertex-parallel,bitvector,false,5,59.8742516040802,0.40462,20.08229160308838,6.07317
roadNet-CA,DensePull,edge-aware-dynamic-vertex-parallel,bitvector,false,5,1.8808584213256836,0.090804,0.5181915760040283,0.172323
youtube-u-growth,DensePull-SparsePush,serial,boolean-array,false,5,7.278560638427734,1.41266,2.100602626800537,0.912765
dblp_coauthor,DensePull-SparsePush,serial,boolean-array,false,5,19.78080105781555,1.72835,4.7928454875946045,1.05296
roadNet-CA,DensePull-SparsePush,serial,boolean-array,false,5,2.3163318634033203,0.461014,0.5495352745056152,0.185688
youtube-u-growth,DensePull-SparsePush,serial,bitvector,false,5,7.3297295570373535,1.45205,2.0597310066223145,0.875581
dblp_coauthor,DensePull-SparsePush,serial,bitvector,false,5,19.79851770401001,1.77048,4.796424150466919,1.06212
soc-LiveJournal1,DensePull-SparsePush,serial,bitvector,false,5,51.48004627227783,6.26309,13.56069803237915,4.793
orkut-links,DensePull-SparsePush,serial,bitvector,false,5,79.81885504722595,8.08799,19.67905330657959,5.60091
roadNet-CA,DensePull-SparsePush,serial,bitvector,false,5,2.314643383026123,0.484242,0.5507338047027588,0.183016
youtube-u-growth,DensePull-SparsePush,dynamic-vertex-parallel,boolean-array,false,5,6.108159065246582,0.212092,1.3367621898651123,0.14382
dblp_coauthor,DensePull-SparsePush,dynamic-vertex-parallel,boolean-array,false,5,18.163323163986206,0.156543,3.9429922103881836,0.186667
soc-LiveJournal1,DensePull-SparsePush,dynamic-vertex-parallel,boolean-array,false,5,45.72018313407898,0.454213,9.943058729171753,1.13827
orkut-links,DensePull-SparsePush,dynamic-vertex-parallel,boolean-array,false,5,65.50511860847473,0.488199,15.06023645401001,0.95309
youtube-u-growth,DensePull-SparsePush,dynamic-vertex-parallel,bitvector,false,5,5.237262725830078,0.233307,1.3222520351409912,0.138685
orkut-links,DensePull-SparsePush,dynamic-vertex-parallel,bitvector,false,5,72.22218632698059,0.426768,15.058983564376831,0.905097
roadNet-CA,DensePull-SparsePush,dynamic-vertex-parallel,bitvector,false,5,1.9768309593200684,0.166769,0.41278815269470215,0.045558
youtube-u-growth,DensePull-SparsePush,static-vertex-parallel,boolean-array,false,5,6.150876998901367,0.243581,1.3239977359771729,0.134039
soc-LiveJournal1,DensePull-SparsePush,static-vertex-parallel,boolean-array,false,5,45.59336805343628,0.470676,9.81577730178833,1.05465
orkut-links,DensePull-SparsePush,static-vertex-parallel,boolean-array,false,5,72.46686053276062,0.477245,15.001344919204712,0.937116
roadNet-CA,DensePull-SparsePush,static-vertex-parallel,boolean-array,false,5,1.9499547481536865,0.13092,0.4163193702697754,0.046001
youtube-u-growth,DensePull-SparsePush,static-vertex-parallel,bitvector,false,5,5.817318916320801,0.237619,1.323258876800537,0.137462
soc-LiveJournal1,DensePull-SparsePush,static-vertex-parallel,bitvector,false,5,45.56846642494202,0.543062,9.927404642105103,1.09304
roadNet-CA,DensePull-SparsePush,static-vertex-parallel,bitvector,false,5,1.9408369064331055,0.122652,0.4117894172668457,0.045914
youtube-u-growth,DensePull-SparsePush,edge-aware-dynamic-vertex-parallel,boolean-array,false,5,6.1749536991119385,0.293957,2.0908544063568115,0.901837
dblp_coauthor,DensePull-SparsePush,edge-aware-dynamic-vertex-parallel,boolean-array,false,5,18.08908438682556,0.154726,4.8406150341033936,1.08797
soc-LiveJournal1,DensePull-SparsePush,edge-aware-dynamic-vertex-parallel,boolean-array,false,5,45.48146176338196,0.473918,12.997479438781738,4.22466
orkut-links,DensePull-SparsePush,edge-aware-dynamic-vertex-parallel,boolean-array,false,5,72.40920281410217,0.439348,19.749950408935547,5.70567
roadNet-CA,DensePull-SparsePush,edge-aware-dynamic-vertex-parallel,boolean-array,false,5,1.9766168594360352,0.153066,0.5695281028747559,0.200938
youtube-u-growth,DensePull-SparsePush,edge-aware-dynamic-vertex-parallel,bitvector,false,5,6.1654274463653564,0.248168,2.099653482437134,0.904665
soc-LiveJournal1,DensePull-SparsePush,edge-aware-dynamic-vertex-parallel,bitvector,false,5,45.55971622467041,0.554563,13.71446442604065,4.91225
orkut-links,DensePull-SparsePush,edge-aware-dynamic-vertex-parallel,bitvector,false,5,72.31096768379211,0.488804,20.166610956192017,6.09519
youtube-u-growth,SparsePush-DensePull,serial,boolean-array,false,5,7.323846340179443,1.47105,2.0991973876953125,0.911989
dblp_coauthor,SparsePush-DensePull,serial,boolean-array,false,5,19.809391021728516,1.76692,4.844774484634399,1.09336
soc-LiveJournal1,SparsePush-DensePull,serial,boolean-array,false,5,51.21412014961243,6.2347,13.568256616592407,4.79645
orkut-links,SparsePush-DensePull,serial,boolean-array,false,5,80.58452773094177,8.00954,19.88754940032959,5.76898
roadNet-CA,SparsePush-DensePull,serial,boolean-array,false,5,2.257315158843994,0.461064,0.5529353618621826,0.184369
youtube-u-growth,SparsePush-DensePull,serial,bitvector,false,5,7.295989274978638,1.42988,2.0766959190368652,0.888837
soc-LiveJournal1,SparsePush-DensePull,serial,bitvector,false,5,51.61993646621704,6.32435,13.413711786270142,4.59833
orkut-links,SparsePush-DensePull,serial,bitvector,false,5,80.17725372314453,8.11137,19.540698766708374,5.49719
roadNet-CA,SparsePush-DensePull,serial,bitvector,false,5,2.3129327297210693,0.482938,0.5512831211090088,0.182196
youtube-u-growth,SparsePush-DensePull,dynamic-vertex-parallel,boolean-array,false,5,5.997584581375122,0.215503,1.3305833339691162,0.140843
dblp_coauthor,SparsePush-DensePull,dynamic-vertex-parallel,boolean-array,false,5,18.258559942245483,0.204813,3.9429051876068115,0.197121
soc-LiveJournal1,SparsePush-DensePull,dynamic-vertex-parallel,boolean-array,false,5,43.0193030834198,0.502905,9.823275566101074,1.04323
orkut-links,SparsePush-DensePull,dynamic-vertex-parallel,boolean-array,false,5,73.06928658485413,0.459509,15.071475744247437,0.922976
roadNet-CA,SparsePush-DensePull,dynamic-vertex-parallel,boolean-array,false,5,1.949944257736206,0.114867,0.41367626190185547,0.045207
youtube-u-growth,SparsePush-DensePull,dynamic-vertex-parallel,bitvector,false,5,6.1164867877960205,0.233941,1.3264927864074707,0.136711
soc-LiveJournal1,SparsePush-DensePull,dynamic-vertex-parallel,bitvector,false,5,45.925816774368286,0.560221,9.774363994598389,0.974654
orkut-links,SparsePush-DensePull,dynamic-vertex-parallel,bitvector,false,5,72.63644909858704,0.454929,15.016741275787354,0.908374
roadNet-CA,SparsePush-DensePull,dynamic-vertex-parallel,bitvector,false,5,1.938011646270752,0.119796,0.41388440132141113,0.046192
youtube-u-growth,SparsePush-DensePull,static-vertex-parallel,boolean-array,false,5,5.7338526248931885,0.220792,1.3377790451049805,0.147803
dblp_coauthor,SparsePush-DensePull,static-vertex-parallel,boolean-array,false,5,18.20624279975891,0.158331,3.953097343444824,0.193904
soc-LiveJournal1,SparsePush-DensePull,static-vertex-parallel,boolean-array,false,5,45.67617988586426,0.524275,9.853899717330933,1.07701
orkut-links,SparsePush-DensePull,static-vertex-parallel,boolean-array,false,5,72.89123964309692,0.442958,14.936026573181152,0.904895
roadNet-CA,SparsePush-DensePull,static-vertex-parallel,boolean-array,false,5,1.9504220485687256,0.129056,0.41923975944519043,0.05012
youtube-u-growth,SparsePush-DensePull,static-vertex-parallel,bitvector,false,5,6.094860553741455,0.217474,1.328141212463379,0.140771
dblp_coauthor,SparsePush-DensePull,static-vertex-parallel,bitvector,false,5,18.167356729507446,0.159523,3.9232242107391357,0.185273
soc-LiveJournal1,SparsePush-DensePull,static-vertex-parallel,bitvector,false,5,45.6726393699646,0.473172,9.942562580108643,1.14255
orkut-links,SparsePush-DensePull,static-vertex-parallel,bitvector,false,5,73.1331787109375,0.438259,14.964720010757446,0.910803
roadNet-CA,SparsePush-DensePull,static-vertex-parallel,bitvector,false,5,1.9450464248657227,0.121042,0.4201538562774658,0.049353
youtube-u-growth,SparsePush-DensePull,edge-aware-dynamic-vertex-parallel,boolean-array,false,5,6.181009531021118,0.2824,2.138154983520508,0.94571
dblp_coauthor,SparsePush-DensePull,edge-aware-dynamic-vertex-parallel,boolean-array,false,5,18.146038055419922,0.15612,4.858910799026489,1.09458
soc-LiveJournal1,SparsePush-DensePull,edge-aware-dynamic-vertex-parallel,boolean-array,false,5,45.45571255683899,0.470409,13.75201416015625,4.93544
roadNet-CA,SparsePush-DensePull,edge-aware-dynamic-vertex-parallel,boolean-array,false,5,1.9641783237457275,0.150851,0.5646963119506836,0.196019
dblp_coauthor,SparsePush-DensePull,edge-aware-dynamic-vertex-parallel,bitvector,false,5,18.22389054298401,0.152921,4.844395637512207,1.09853
orkut-links,SparsePush-DensePull,edge-aware-dynamic-vertex-parallel,bitvector,false,5,60.17462611198425,0.4572,20.154269695281982,6.05817
dblp_coauthor,DensePull,serial,boolean-array,false,10,19.004963397979736,1.96205,4.795017719268799,1.017
orkut-links,DensePull,serial,boolean-array,false,10,80.26283073425293,8.46782,19.625495433807373,5.45628
roadNet-CA,DensePull,serial,boolean-array,false,10,2.212979793548584,0.40884,0.5077600479125977,0.162748
soc-LiveJournal1,DensePull,serial,bitvector,false,10,51.75502395629883,6.70295,13.107224702835083,4.23554
orkut-links,DensePull,serial,bitvector,false,10,80.60802006721497,8.58997,19.76135563850403,5.53065
roadNet-CA,DensePull,serial,bitvector,false,10,2.2460193634033203,0.436656,0.5045897960662842,0.160132
youtube-u-growth,DensePull,dynamic-vertex-parallel,boolean-array,false,10,6.026751756668091,0.175151,1.2741680145263672,0.107652
dblp_coauthor,DensePull,dynamic-vertex-parallel,boolean-array,false,10,18.30955457687378,0.176833,3.9446537494659424,0.149928
soc-LiveJournal1,DensePull,dynamic-vertex-parallel,boolean-array,false,10,45.619035482406616,0.480761,9.823573112487793,0.962596
orkut-links,DensePull,dynamic-vertex-parallel,boolean-array,false,10,72.42625880241394,0.485541,15.055646419525146,0.937253
roadNet-CA,DensePull,dynamic-vertex-parallel,boolean-array,false,10,1.8777148723602295,0.07752,0.3709573745727539,0.024292
youtube-u-growth,DensePull,dynamic-vertex-parallel,bitvector,false,10,6.1131556034088135,0.272049,1.2723369598388672,0.10839
dblp_coauthor,DensePull,dynamic-vertex-parallel,bitvector,false,10,18.143296480178833,0.157231,3.9482309818267822,0.150607
orkut-links,DensePull,dynamic-vertex-parallel,bitvector,false,10,56.83811688423157,0.421372,15.063663721084595,0.916445
dblp_coauthor,DensePull,static-vertex-parallel,boolean-array,false,10,18.27555251121521,0.213469,3.927025556564331,0.148514
soc-LiveJournal1,DensePull,static-vertex-parallel,boolean-array,false,10,45.69966912269592,0.443158,9.842628717422485,0.976651
orkut-links,DensePull,static-vertex-parallel,boolean-array,false,10,72.73879313468933,0.428288,15.118189573287964,0.970102
roadNet-CA,DensePull,static-vertex-parallel,boolean-array,false,10,1.8819115161895752,0.09477,0.37034177780151367,0.023452
dblp_coauthor,DensePull,static-vertex-parallel,bitvector,false,10,18.16760802268982,0.160901,3.9192442893981934,0.154306
orkut-links,DensePull,static-vertex-parallel,bitvector,false,10,72.3790602684021,0.423471,15.200418710708618,0.949266
roadNet-CA,DensePull,static-vertex-parallel,bitvector,false,10,1.8680517673492432,0.078056,0.3689875602722168,0.023479
youtube-u-growth,DensePull,edge-aware-dynamic-vertex-parallel,boolean-array,false,10,6.063263654708862,0.231635,1.9577171802520752,0.78682
dblp_coauthor,DensePull,edge-aware-dynamic-vertex-parallel,boolean-array,false,10,17.967138528823853,0.176832,4.839963912963867,1.07959
soc-LiveJournal1,DensePull,edge-aware-dynamic-vertex-parallel,boolean-array,false,10,45.453425884246826,0.4529,13.154990673065186,4.2905
orkut-links,DensePull,edge-aware-dynamic-vertex-parallel,boolean-array,false,10,72.51809072494507,0.537966,19.778807878494263,5.65524
roadNet-CA,DensePull,edge-aware-dynamic-vertex-parallel,boolean-array,false,10,1.884157657623291,0.105679,0.5187320709228516,0.172903
youtube-u-growth,DensePull,edge-aware-dynamic-vertex-parallel,bitvector,false,10,6.048274993896484,0.210087,1.947267770767212,0.779858
dblp_coauthor,DensePull,edge-aware-dynamic-vertex-parallel,bitvector,false,10,18.145535945892334,0.166523,4.838775157928467,1.07259
soc-LiveJournal1,DensePull,edge-aware-dynamic-vertex-parallel,bitvector,false,10,45.456095457077026,0.458831,13.110695600509644,4.23915
orkut-links,DensePull,edge-aware-dynamic-vertex-parallel,bitvector,false,10,72.24598217010498,0.466527,19.874682664871216,5.79987
roadNet-CA,DensePull,edge-aware-dynamic-vertex-parallel,bitvector,false,10,1.9763257503509521,0.112025,0.5247759819030762,0.176671
youtube-u-growth,DensePull-SparsePush,serial,boolean-array,false,10,6.910768508911133,1.48133,2.0091967582702637,0.814278
dblp_coauthor,DensePull-SparsePush,serial,boolean-array,false,10,18.43116593360901,1.85451,4.831361293792725,1.07121
soc-LiveJournal1,DensePull-SparsePush,serial,boolean-array,false,10,52.08089089393616,6.6854,13.186598777770996,4.3235
roadNet-CA,DensePull-SparsePush,serial,boolean-array,false,10,2.275160312652588,0.442623,0.5556397438049316,0.188055
youtube-u-growth,DensePull-SparsePush,serial,bitvector,false,10,7.344791889190674,1.44714,2.004890203475952,0.812035
dblp_coauthor,DensePull-SparsePush,serial,bitvector,false,10,19.959270238876343,1.89201,4.842550277709961,1.06282
soc-LiveJournal1,DensePull-SparsePush,serial,bitvector,false,10,51.67039680480957,6.60096,13.22696590423584,4.36612
roadNet-CA,DensePull-SparsePush,serial,bitvector,false,10,2.3177645206451416,0.4868,0.5468220710754395,0.181309
youtube-u-growth,DensePull-SparsePush,dynamic-vertex-parallel,boolean-array,false,10,6.141869068145752,0.250097,1.3365833759307861,0.135432
dblp_coauthor,DensePull-SparsePush,dynamic-vertex-parallel,boolean-array,false,10,18.21480965614319,0.188263,3.931427240371704,0.152506
soc-LiveJournal1,DensePull-SparsePush,dynamic-vertex-parallel,boolean-array,false,10,44.71463680267334,0.538859,9.80530571937561,0.907883
orkut-links,DensePull-SparsePush,dynamic-vertex-parallel,boolean-array,false,10,72.50276589393616,0.470317,15.015777111053467,0.862363
roadNet-CA,DensePull-SparsePush,dynamic-vertex-parallel,boolean-array,false,10,1.9799220561981201,0.158143,0.4133927822113037,0.04645
youtube-u-growth,DensePull-SparsePush,dynamic-vertex-parallel,bitvector,false,10,6.240675687789917,0.229609,1.3236966133117676,0.132471
dblp_coauthor,DensePull-SparsePush,dynamic-vertex-parallel,bitvector,false,10,18.217703342437744,0.183783,3.928471565246582,0.150332
soc-LiveJournal1,DensePull-SparsePush,dynamic-vertex-parallel,bitvector,false,10,44.360917806625366,0.564883,9.828757047653198,0.890911
roadNet-CA,DensePull-SparsePush,dynamic-vertex-parallel,bitvector,false,10,1.9509079456329346,0.129373,0.417830228805542,0.049063
youtube-u-growth,DensePull-SparsePush,static-vertex-parallel,boolean-array,false,10,6.204199314117432,0.284701,1.3312087059020996,0.135397
dblp_coauthor,DensePull-SparsePush,static-vertex-parallel,boolean-array,false,10,18.27731680870056,0.182818,3.93635630607605,0.154366
soc-LiveJournal1,DensePull-SparsePush,static-vertex-parallel,boolean-array,false,10,45.5717990398407,0.75986,9.76882791519165,0.891344
orkut-links,DensePull-SparsePush,static-vertex-parallel,boolean-array,false,10,72.8997802734375,0.486358,15.041337966918945,0.860199
roadNet-CA,DensePull-SparsePush,static-vertex-parallel,boolean-array,false,10,1.9634687900543213,0.139161,0.4148707389831543,0.047011
youtube-u-growth,DensePull-SparsePush,static-vertex-parallel,bitvector,false,10,6.118054151535034,0.249872,1.3296639919281006,0.136249
soc-LiveJournal1,DensePull-SparsePush,static-vertex-parallel,bitvector,false,10,45.55037450790405,0.571111,9.772225379943848,0.907299
orkut-links,DensePull-SparsePush,static-vertex-parallel,bitvector,false,10,72.80083513259888,0.597264,15.112197875976562,0.847129
roadNet-CA,DensePull-SparsePush,static-vertex-parallel,bitvector,false,10,1.9520659446716309,0.137263,0.4104886054992676,0.044684
youtube-u-growth,DensePull-SparsePush,edge-aware-dynamic-vertex-parallel,boolean-array,false,10,6.176616907119751,0.279704,2.070284605026245,0.868115
dblp_coauthor,DensePull-SparsePush,edge-aware-dynamic-vertex-parallel,boolean-array,false,10,17.99635410308838,0.190146,4.890518665313721,1.11705
roadNet-CA,DensePull-SparsePush,edge-aware-dynamic-vertex-parallel,boolean-array,false,10,1.9960434436798096,0.172703,0.5666191577911377,0.199242
youtube-u-growth,DensePull-SparsePush,edge-aware-dynamic-vertex-parallel,bitvector,false,10,6.266106843948364,0.278796,2.0262811183929443,0.826649
dblp_coauthor,DensePull-SparsePush,edge-aware-dynamic-vertex-parallel,bitvector,false,10,18.39565873146057,0.2418,4.876033782958984,1.11404
soc-LiveJournal1,DensePull-SparsePush,edge-aware-dynamic-vertex-parallel,bitvector,false,10,45.63706088066101,0.536055,13.42923617362976,4.50311
roadNet-CA,DensePull-SparsePush,edge-aware-dynamic-vertex-parallel,bitvector,false,10,1.9991321563720703,0.170439,0.5663492679595947,0.196078
youtube-u-growth,SparsePush-DensePull,serial,boolean-array,false,10,7.407129526138306,1.53626,1.9854753017425537,0.780653
dblp_coauthor,SparsePush-DensePull,serial,boolean-array,false,10,19.977488040924072,1.85447,4.835070848464966,1.07091
soc-LiveJournal1,SparsePush-DensePull,serial,boolean-array,false,10,51.658090114593506,6.5845,13.234142541885376,4.37264
orkut-links,SparsePush-DensePull,serial,boolean-array,false,10,75.8635528087616,8.33637,19.86746382713318,5.69535
roadNet-CA,SparsePush-DensePull,serial,boolean-array,false,10,2.2825021743774414,0.462562,0.5527248382568359,0.186302
youtube-u-growth,SparsePush-DensePull,serial,bitvector,false,10,7.432821273803711,1.49981,1.999413251876831,0.80983
orkut-links,SparsePush-DensePull,serial,bitvector,false,10,79.92263865470886,8.2112,19.547375440597534,5.43641
roadNet-CA,SparsePush-DensePull,serial,bitvector,false,10,2.2778546810150146,0.452984,0.5582931041717529,0.189451
youtube-u-growth,SparsePush-DensePull,dynamic-vertex-parallel,boolean-array,false,10,6.126311302185059,0.235104,1.3302369117736816,0.13669
orkut-links,SparsePush-DensePull,dynamic-vertex-parallel,boolean-array,false,10,72.64428114891052,0.508255,15.024129629135132,0.844628
roadNet-CA,SparsePush-DensePull,dynamic-vertex-parallel,boolean-array,false,10,1.9753191471099854,0.127992,0.4156045913696289,0.047865
youtube-u-growth,SparsePush-DensePull,dynamic-vertex-parallel,bitvector,false,10,6.19438910484314,0.275362,1.3431096076965332,0.143406
soc-LiveJournal1,SparsePush-DensePull,dynamic-vertex-parallel,bitvector,false,10,45.7750928401947,0.526388,9.742688417434692,0.868088
orkut-links,SparsePush-DensePull,dynamic-vertex-parallel,bitvector,false,10,71.0334701538086,0.478914,15.077852725982666,0.842055
roadNet-CA,SparsePush-DensePull,dynamic-vertex-parallel,bitvector,false,10,1.9835567474365234,0.171275,0.4177830219268799,0.048504
youtube-u-growth,SparsePush-DensePull,static-vertex-parallel,boolean-array,false,10,6.1391236782073975,0.240078,1.3241112232208252,0.128877
dblp_coauthor,SparsePush-DensePull,static-vertex-parallel,boolean-array,false,10,13.610494375228882,0.1808,3.921339511871338,0.147741
soc-LiveJournal1,SparsePush-DensePull,static-vertex-parallel,boolean-array,false,10,45.847776651382446,0.520608,9.76973557472229,0.877405
orkut-links,SparsePush-DensePull,static-vertex-parallel,boolean-array,false,10,71.51207327842712,0.484965,14.99504542350769,0.840995
youtube-u-growth,SparsePush-DensePull,static-vertex-parallel,bitvector,false,10,6.130270481109619,0.241498,1.3345961570739746,0.140549
soc-LiveJournal1,SparsePush-DensePull,static-vertex-parallel,bitvector,false,10,41.6860716342926,0.615602,9.80751347541809,0.884088
roadNet-CA,SparsePush-DensePull,static-vertex-parallel,bitvector,false,10,1.9970824718475342,0.140456,0.41903162002563477,0.048796
youtube-u-growth,SparsePush-DensePull,edge-aware-dynamic-vertex-parallel,boolean-array,false,10,6.196575880050659,0.270606,2.024420738220215,0.820625
dblp_coauthor,SparsePush-DensePull,edge-aware-dynamic-vertex-parallel,boolean-array,false,10,18.249943256378174,0.202988,4.882679224014282,1.11266
orkut-links,SparsePush-DensePull,edge-aware-dynamic-vertex-parallel,boolean-array,false,10,72.78012228012085,0.541726,19.90228819847107,5.72527
roadNet-CA,SparsePush-DensePull,edge-aware-dynamic-vertex-parallel,boolean-array,false,10,1.9723138809204102,0.152706,0.5696761608123779,0.199814
youtube-u-growth,SparsePush-DensePull,edge-aware-dynamic-vertex-parallel,bitvector,false,10,6.163917541503906,0.278154,2.033600091934204,0.836136
soc-LiveJournal1,SparsePush-DensePull,edge-aware-dynamic-vertex-parallel,bitvector,false,10,45.65483045578003,0.581896,13.142616033554077,4.25908
orkut-links,SparsePush-DensePull,edge-aware-dynamic-vertex-parallel,bitvector,false,10,72.84202551841736,0.529465,20.023354053497314,5.82906
roadNet-CA,SparsePush-DensePull,edge-aware-dynamic-vertex-parallel,bitvector,false,10,2.0086286067962646,0.176001,0.5729389190673828,0.202037
dblp_coauthor,DensePull,serial,boolean-array,false,15,19.684548377990723,2.05012,4.78662633895874,1.01162
soc-LiveJournal1,DensePull,serial,boolean-array,false,15,52.96058011054993,7.11371,13.23051905632019,4.30515
orkut-links,DensePull,serial,boolean-array,false,15,80.66801357269287,8.58669,19.641479015350342,5.44589
roadNet-CA,DensePull,serial,boolean-array,false,15,2.2206814289093018,0.421459,0.5111346244812012,0.166101
youtube-u-growth,DensePull,serial,bitvector,false,15,7.20887017250061,1.38858,1.8714492321014404,0.701175
dblp_coauthor,DensePull,serial,bitvector,false,15,20.138193607330322,2.05598,4.767526865005493,1.00047
soc-LiveJournal1,DensePull,serial,bitvector,false,15,52.313180685043335,7.20133,13.050262212753296,4.17028
orkut-links,DensePull,serial,bitvector,false,15,81.25748872756958,8.62393,19.678216695785522,5.48379
roadNet-CA,DensePull,serial,bitvector,false,15,1.4545848369598389,0.449332,0.5070409774780273,0.162489
youtube-u-growth,DensePull,dynamic-vertex-parallel,boolean-array,false,15,6.2435853481292725,0.179705,1.2705368995666504,0.102891
dblp_coauthor,DensePull,dynamic-vertex-parallel,boolean-array,false,15,18.323643922805786,0.180114,3.921971321105957,0.133125
soc-LiveJournal1,DensePull,dynamic-vertex-parallel,boolean-array,false,15,45.960556983947754,0.535514,9.765055656433105,0.780048
orkut-links,DensePull,dynamic-vertex-parallel,boolean-array,false,15,73.1137547492981,0.457196,14.987886428833008,0.70475
roadNet-CA,DensePull,dynamic-vertex-parallel,boolean-array,false,15,1.8917412757873535,0.099781,0.3711888790130615,0.024193
youtube-u-growth,DensePull,dynamic-vertex-parallel,bitvector,false,15,6.048621654510498,0.17421,1.2758653163909912,0.104202
dblp_coauthor,DensePull,dynamic-vertex-parallel,bitvector,false,15,18.297727346420288,0.202911,3.9000906944274902,0.12641
soc-LiveJournal1,DensePull,dynamic-vertex-parallel,bitvector,false,15,45.777804374694824,0.489927,9.694715738296509,0.784911
orkut-links,DensePull,dynamic-vertex-parallel,bitvector,false,15,73.45748448371887,0.544543,14.889568567276001,0.744069
roadNet-CA,DensePull,dynamic-vertex-parallel,bitvector,false,15,1.8560597896575928,0.085159,0.3687458038330078,0.024232
youtube-u-growth,DensePull,static-vertex-parallel,boolean-array,false,15,6.019831418991089,0.174624,1.2789084911346436,0.106381
dblp_coauthor,DensePull,static-vertex-parallel,boolean-array,false,15,18.243217706680298,0.179058,3.919492244720459,0.132421
soc-LiveJournal1,DensePull,static-vertex-parallel,boolean-array,false,15,45.63878679275513,0.521843,9.672647953033447,0.771341
orkut-links,DensePull,static-vertex-parallel,boolean-array,false,15,72.57482242584229,0.443577,14.949924945831299,0.733668
dblp_coauthor,DensePull,static-vertex-parallel,bitvector,false,15,18.290549755096436,0.214205,3.909552812576294,0.131693
soc-LiveJournal1,DensePull,static-vertex-parallel,bitvector,false,15,45.865391969680786,0.476105,9.699102401733398,0.774482
orkut-links,DensePull,static-vertex-parallel,bitvector,false,15,72.81278872489929,0.479684,15.05277681350708,0.742516
youtube-u-growth,DensePull,edge-aware-dynamic-vertex-parallel,boolean-array,false,15,4.726649522781372,0.212561,1.9310946464538574,0.764804
dblp_coauthor,DensePull,edge-aware-dynamic-vertex-parallel,boolean-array,false,15,18.327892303466797,0.201638,4.794871091842651,1.02928
soc-LiveJournal1,DensePull,edge-aware-dynamic-vertex-parallel,boolean-array,false,15,45.656808853149414,0.508029,13.144983768463135,4.26109
roadNet-CA,DensePull,edge-aware-dynamic-vertex-parallel,boolean-array,false,15,1.9212617874145508,0.120896,0.5176315307617188,0.170945
youtube-u-growth,DensePull,edge-aware-dynamic-vertex-parallel,bitvector,false,15,6.1257994174957275,0.228807,1.906024694442749,0.734582
soc-LiveJournal1,DensePull,edge-aware-dynamic-vertex-parallel,bitvector,false,15,45.538190841674805,0.49671,13.285046815872192,4.34093
orkut-links,DensePull,edge-aware-dynamic-vertex-parallel,bitvector,false,15,72.70000982284546,0.458821,19.777939081192017,5.57695
roadNet-CA,DensePull,edge-aware-dynamic-vertex-parallel,bitvector,false,15,1.897003173828125,0.113379,0.5185914039611816,0.172318
dblp_coauthor,DensePull-SparsePush,serial,boolean-array,false,15,20.214189052581787,2.05898,4.812133550643921,1.05283
soc-LiveJournal1,DensePull-SparsePush,serial,boolean-array,false,15,51.4936203956604,7.02889,13.272680044174194,4.33272
orkut-links,DensePull-SparsePush,serial,boolean-array,false,15,80.05565547943115,8.38864,19.72148609161377,5.4729
dblp_coauthor,DensePull-SparsePush,serial,bitvector,false,15,20.129823684692383,1.91096,4.787636756896973,1.03148
soc-LiveJournal1,DensePull-SparsePush,serial,bitvector,false,15,52.41741394996643,6.90219,13.101598262786865,4.23039
roadNet-CA,DensePull-SparsePush,serial,bitvector,false,15,1.5318267345428467,0.510054,0.551091194152832,0.183587
youtube-u-growth,DensePull-SparsePush,dynamic-vertex-parallel,boolean-array,false,15,5.091019153594971,0.266976,1.3325881958007812,0.136784
soc-LiveJournal1,DensePull-SparsePush,dynamic-vertex-parallel,boolean-array,false,15,45.958922386169434,0.574963,9.653596878051758,0.730715
roadNet-CA,DensePull-SparsePush,dynamic-vertex-parallel,boolean-array,false,15,1.945242166519165,0.143544,0.42133140563964844,0.05283
youtube-u-growth,DensePull-SparsePush,dynamic-vertex-parallel,bitvector,false,15,6.168322324752808,0.252346,1.3399486541748047,0.137521
dblp_coauthor,DensePull-SparsePush,dynamic-vertex-parallel,bitvector,false,15,18.246726512908936,0.204057,3.8980817794799805,0.135665
soc-LiveJournal1,DensePull-SparsePush,dynamic-vertex-parallel,bitvector,false,15,45.87863254547119,0.581422,9.687922716140747,0.722055
roadNet-CA,DensePull-SparsePush,dynamic-vertex-parallel,bitvector,false,15,1.9616148471832275,0.150098,0.41623640060424805,0.049054
youtube-u-growth,DensePull-SparsePush,static-vertex-parallel,boolean-array,false,15,5.723370790481567,0.263026,1.3381829261779785,0.139895
soc-LiveJournal1,DensePull-SparsePush,static-vertex-parallel,boolean-array,false,15,46.08069658279419,0.562713,9.671900987625122,0.741687
orkut-links,DensePull-SparsePush,static-vertex-parallel,boolean-array,false,15,72.94805145263672,0.518382,14.951620817184448,0.678987
youtube-u-growth,DensePull-SparsePush,static-vertex-parallel,bitvector,false,15,5.127185821533203,0.25013,1.349130630493164,0.1396
dblp_coauthor,DensePull-SparsePush,static-vertex-parallel,bitvector,false,15,18.35904550552368,0.249998,3.93022084236145,0.13947
soc-LiveJournal1,DensePull-SparsePush,static-vertex-parallel,bitvector,false,15,46.05305457115173,0.581688,9.63694453239441,0.730633
orkut-links,DensePull-SparsePush,static-vertex-parallel,bitvector,false,15,71.36642384529114,0.511292,14.977272272109985,0.679834
youtube-u-growth,DensePull-SparsePush,edge-aware-dynamic-vertex-parallel,boolean-array,false,15,5.886020660400391,0.293813,2.001347064971924,0.801793
dblp_coauthor,DensePull-SparsePush,edge-aware-dynamic-vertex-parallel,boolean-array,false,15,17.081952571868896,0.214702,4.921798467636108,1.06379
soc-LiveJournal1,DensePull-SparsePush,edge-aware-dynamic-vertex-parallel,boolean-array,false,15,42.41872453689575,0.590957,13.265369892120361,4.38309
orkut-links,DensePull-SparsePush,edge-aware-dynamic-vertex-parallel,boolean-array,false,15,73.76998019218445,0.596269,19.86026906967163,5.60048
roadNet-CA,DensePull-SparsePush,edge-aware-dynamic-vertex-parallel,boolean-array,false,15,2.006523847579956,0.180103,0.5733323097229004,0.201561
dblp_coauthor,DensePull-SparsePush,edge-aware-dynamic-vertex-parallel,bitvector,false,15,18.376829862594604,0.222875,4.835490465164185,1.04554
soc-LiveJournal1,DensePull-SparsePush,edge-aware-dynamic-vertex-parallel,bitvector,false,15,39.95266103744507,0.658829,13.429497480392456,4.50092
orkut-links,DensePull-SparsePush,edge-aware-dynamic-vertex-parallel,bitvector,false,15,73.00679731369019,0.501473,19.85809874534607,5.60132
roadNet-CA,DensePull-SparsePush,edge-aware-dynamic-vertex-parallel,bitvector,false,15,1.9921648502349854,0.16634,0.5669066905975342,0.196402
dblp_coauthor,SparsePush-DensePull,serial,boolean-array,false,15,20.039795398712158,1.91303,4.817438364028931,1.0276
soc-LiveJournal1,SparsePush-DensePull,serial,boolean-array,false,15,52.31591486930847,6.90868,13.31917405128479,4.39393
orkut-links,SparsePush-DensePull,serial,boolean-array,false,15,81.0660719871521,8.38664,19.727522134780884,5.48983
roadNet-CA,SparsePush-DensePull,serial,boolean-array,false,15,2.3213603496551514,0.497354,0.555211067199707,0.186267
youtube-u-growth,SparsePush-DensePull,serial,bitvector,false,15,6.92451024055481,1.47222,2.0021300315856934,0.812136
dblp_coauthor,SparsePush-DensePull,serial,bitvector,false,15,20.087029218673706,1.93375,4.801753044128418,1.02765
soc-LiveJournal1,SparsePush-DensePull,serial,bitvector,false,15,52.437421560287476,6.90007,13.184265851974487,4.29812
roadNet-CA,SparsePush-DensePull,serial,bitvector,false,15,2.292741298675537,0.460969,0.5543603897094727,0.185568
youtube-u-growth,SparsePush-DensePull,dynamic-vertex-parallel,boolean-array,false,15,6.1410417556762695,0.256989,1.33843994140625,0.1371
dblp_coauthor,SparsePush-DensePull,dynamic-vertex-parallel,boolean-array,false,15,17.823933839797974,0.239206,3.917802095413208,0.137823
orkut-links,SparsePush-DensePull,dynamic-vertex-parallel,boolean-array,false,15,73.20493173599243,0.562364,14.919074535369873,0.682149
roadNet-CA,SparsePush-DensePull,dynamic-vertex-parallel,boolean-array,false,15,1.969879388809204,0.1401,0.4222543239593506,0.053087
youtube-u-growth,SparsePush-DensePull,dynamic-vertex-parallel,bitvector,false,15,6.204715013504028,0.307475,1.3404693603515625,0.137794
dblp_coauthor,SparsePush-DensePull,dynamic-vertex-parallel,bitvector,false,15,18.23762059211731,0.199156,3.9188733100891113,0.13287
soc-LiveJournal1,SparsePush-DensePull,dynamic-vertex-parallel,bitvector,false,15,45.98620247840881,0.564964,9.6941978931427,0.752238
orkut-links,SparsePush-DensePull,dynamic-vertex-parallel,bitvector,false,15,72.81403350830078,0.504566,15.020878791809082,0.681553
roadNet-CA,SparsePush-DensePull,dynamic-vertex-parallel,bitvector,false,15,2.0224857330322266,0.191348,0.4192664623260498,0.049852
dblp_coauthor,SparsePush-DensePull,static-vertex-parallel,boolean-array,false,15,12.362834453582764,0.205185,3.912410020828247,0.145027
soc-LiveJournal1,SparsePush-DensePull,static-vertex-parallel,boolean-array,false,15,44.70345664024353,0.582285,9.644775867462158,0.724535
orkut-links,SparsePush-DensePull,static-vertex-parallel,boolean-array,false,15,73.9171257019043,0.510125,14.880547285079956,0.680012
youtube-u-growth,SparsePush-DensePull,static-vertex-parallel,bitvector,false,15,6.165081262588501,0.247003,1.3426988124847412,0.145078
soc-LiveJournal1,SparsePush-DensePull,static-vertex-parallel,bitvector,false,15,45.34569978713989,0.754058,9.67920470237732,0.748171
orkut-links,SparsePush-DensePull,static-vertex-parallel,bitvector,false,15,73.14169955253601,0.527879,14.941203355789185,0.69255
roadNet-CA,SparsePush-DensePull,static-vertex-parallel,bitvector,false,15,1.9506735801696777,0.139261,0.4294412136077881,0.0472
dblp_coauthor,SparsePush-DensePull,edge-aware-dynamic-vertex-parallel,boolean-array,false,15,18.407271146774292,0.212264,4.834897994995117,1.03886
soc-LiveJournal1,SparsePush-DensePull,edge-aware-dynamic-vertex-parallel,boolean-array,false,15,46.02243399620056,0.736047,13.346209526062012,4.41855
orkut-links,SparsePush-DensePull,edge-aware-dynamic-vertex-parallel,boolean-array,false,15,72.89168787002563,0.515342,19.843234300613403,5.59432
roadNet-CA,SparsePush-DensePull,edge-aware-dynamic-vertex-parallel,boolean-array,false,15,2.0589797496795654,0.22069,0.5657548904418945,0.195731
youtube-u-growth,SparsePush-DensePull,edge-aware-dynamic-vertex-parallel,bitvector,false,15,6.195966720581055,0.29119,2.032362222671509,0.832991
dblp_coauthor,SparsePush-DensePull,edge-aware-dynamic-vertex-parallel,bitvector,false,15,18.33369207382202,0.260278,4.86697244644165,1.08235
soc-LiveJournal1,SparsePush-DensePull,edge-aware-dynamic-vertex-parallel,bitvector,false,15,46.106828689575195,0.645933,13.290118932723999,4.3621
orkut-links,SparsePush-DensePull,edge-aware-dynamic-vertex-parallel,bitvector,false,15,73.34164094924927,0.551516,19.725525379180908,5.50948
roadNet-CA,SparsePush-DensePull,edge-aware-dynamic-vertex-parallel,bitvector,false,15,2.0583744049072266,0.232836,0.5625228881835938,0.193486
youtube-u-growth,DensePull,serial,boolean-array,false,20,7.239489316940308,1.39274,1.8881111145019531,0.715992
dblp_coauthor,DensePull,serial,boolean-array,false,20,20.328885316848755,2.13765,4.778061866760254,0.98372
soc-LiveJournal1,DensePull,serial,boolean-array,false,20,52.34013891220093,7.41398,13.141405820846558,4.18398
orkut-links,DensePull,serial,boolean-array,false,20,81.3832528591156,8.85263,19.49537467956543,5.22237
roadNet-CA,DensePull,serial,boolean-array,false,20,2.2246780395507812,0.408112,0.5075056552886963,0.162202
soc-LiveJournal1,DensePull,serial,bitvector,false,20,52.957303047180176,7.57346,13.256872653961182,4.32798
orkut-links,DensePull,serial,bitvector,false,20,80.66417837142944,8.73687,19.444850206375122,5.13208
roadNet-CA,DensePull,serial,bitvector,false,20,2.2260725498199463,0.419545,0.5081417560577393,0.163432
youtube-u-growth,DensePull,dynamic-vertex-parallel,boolean-array,false,20,6.148086309432983,0.294056,1.267317533493042,0.102269
dblp_coauthor,DensePull,dynamic-vertex-parallel,boolean-array,false,20,18.316120862960815,0.199143,3.9044384956359863,0.125243
soc-LiveJournal1,DensePull,dynamic-vertex-parallel,boolean-array,false,20,46.82212686538696,0.587672,9.565587043762207,0.626674
orkut-links,DensePull,dynamic-vertex-parallel,boolean-array,false,20,72.41497611999512,0.555203,14.914835929870605,0.636809
roadNet-CA,DensePull,dynamic-vertex-parallel,boolean-array,false,20,1.867361307144165,0.100376,0.37183380126953125,0.024823
youtube-u-growth,DensePull,dynamic-vertex-parallel,bitvector,false,20,6.0777223110198975,0.212688,1.273428201675415,0.104684
dblp_coauthor,DensePull,dynamic-vertex-parallel,bitvector,false,20,18.276264429092407,0.201955,3.9202194213867188,0.129234
orkut-links,DensePull,dynamic-vertex-parallel,bitvector,false,20,73.03593492507935,0.518852,14.912096500396729,0.656032
roadNet-CA,DensePull,dynamic-vertex-parallel,bitvector,false,20,1.8863179683685303,0.100739,0.37129855155944824,0.026244
youtube-u-growth,DensePull,static-vertex-parallel,boolean-array,false,20,6.051536560058594,0.191657,1.2768332958221436,0.1061
dblp_coauthor,DensePull,static-vertex-parallel,boolean-array,false,20,18.298797130584717,0.197099,3.922250270843506,0.12565
soc-LiveJournal1,DensePull,static-vertex-parallel,boolean-array,false,20,46.243900537490845,0.53527,9.556146621704102,0.629
orkut-links,DensePull,static-vertex-parallel,boolean-array,false,20,72.69568848609924,0.473985,14.915223598480225,0.654046
roadNet-CA,DensePull,static-vertex-parallel,boolean-array,false,20,1.782822847366333,0.12015,0.37084531784057617,0.024799
youtube-u-growth,DensePull,static-vertex-parallel,bitvector,false,20,6.078003168106079,0.187875,1.280090093612671,0.106054
dblp_coauthor,DensePull,static-vertex-parallel,bitvector,false,20,18.24910044670105,0.216103,3.9271087646484375,0.126977
soc-LiveJournal1,DensePull,static-vertex-parallel,bitvector,false,20,46.05856776237488,0.656283,9.567555904388428,0.629931
orkut-links,DensePull,static-vertex-parallel,bitvector,false,20,73.21255040168762,0.60666,14.939764499664307,0.651826
roadNet-CA,DensePull,static-vertex-parallel,bitvector,false,20,1.8908557891845703,0.102443,0.36985111236572266,0.02507
youtube-u-growth,DensePull,edge-aware-dynamic-vertex-parallel,boolean-array,false,20,6.123966455459595,0.244438,1.9468553066253662,0.77776
soc-LiveJournal1,DensePull,edge-aware-dynamic-vertex-parallel,boolean-array,false,20,45.76997470855713,0.567819,13.256614923477173,4.36998
orkut-links,DensePull,edge-aware-dynamic-vertex-parallel,boolean-array,false,20,72.51718425750732,0.499581,19.703014850616455,5.38847
youtube-u-growth,DensePull,edge-aware-dynamic-vertex-parallel,bitvector,false,20,6.129499673843384,0.249724,1.9234304428100586,0.741882
soc-LiveJournal1,DensePull,edge-aware-dynamic-vertex-parallel,bitvector,false,20,45.87366342544556,0.558182,13.29665732383728,4.37088
orkut-links,DensePull,edge-aware-dynamic-vertex-parallel,bitvector,false,20,72.84085416793823,0.508365,19.703152894973755,5.43655
roadNet-CA,DensePull,edge-aware-dynamic-vertex-parallel,bitvector,false,20,1.9191126823425293,0.136226,0.521996259689331,0.176445
youtube-u-growth,DensePull-SparsePush,serial,boolean-array,false,20,7.216906309127808,1.4533,1.9977328777313232,0.800824
dblp_coauthor,DensePull-SparsePush,serial,boolean-array,false,20,19.92621946334839,2.04379,4.826571226119995,1.02915
soc-LiveJournal1,DensePull-SparsePush,serial,boolean-array,false,20,52.65072226524353,7.19823,13.258996725082397,4.26201
roadNet-CA,DensePull-SparsePush,serial,boolean-array,false,20,2.2771189212799072,0.446497,0.5551071166992188,0.187271
youtube-u-growth,DensePull-SparsePush,serial,bitvector,false,20,7.384548664093018,1.44667,1.9666340351104736,0.771014
dblp_coauthor,DensePull-SparsePush,serial,bitvector,false,20,18.574727296829224,2.01271,4.777051687240601,0.990839
soc-LiveJournal1,DensePull-SparsePush,serial,bitvector,false,20,51.97815489768982,7.23006,13.301877975463867,4.39022
orkut-links,DensePull-SparsePush,serial,bitvector,false,20,80.95065379142761,8.48145,19.537477493286133,5.28472
roadNet-CA,DensePull-SparsePush,serial,bitvector,false,20,2.2714993953704834,0.452383,0.5596668720245361,0.191724
youtube-u-growth,DensePull-SparsePush,dynamic-vertex-parallel,boolean-array,false,20,6.2600624561309814,0.266328,1.3329012393951416,0.134746
dblp_coauthor,DensePull-SparsePush,dynamic-vertex-parallel,boolean-array,false,20,18.349438190460205,0.241858,3.9179975986480713,0.131331
soc-LiveJournal1,DensePull-SparsePush,dynamic-vertex-parallel,boolean-array,false,20,46.164156675338745,0.632456,9.57775354385376,0.639717
orkut-links,DensePull-SparsePush,dynamic-vertex-parallel,boolean-array,false,20,70.20219707489014,0.532739,14.952008724212646,0.609825
roadNet-CA,DensePull-SparsePush,dynamic-vertex-parallel,boolean-array,false,20,1.9750566482543945,0.154958,0.416980504989624,0.048954
youtube-u-growth,DensePull-SparsePush,dynamic-vertex-parallel,bitvector,false,20,6.155550003051758,0.263548,1.3429625034332275,0.14209
dblp_coauthor,DensePull-SparsePush,dynamic-vertex-parallel,bitvector,false,20,18.32741141319275,0.235012,3.9328129291534424,0.136589
soc-LiveJournal1,DensePull-SparsePush,dynamic-vertex-parallel,bitvector,false,20,45.200952768325806,0.649717,9.561116456985474,0.637359
orkut-links,DensePull-SparsePush,dynamic-vertex-parallel,bitvector,false,20,73.43798637390137,0.658887,14.892765760421753,0.631798
roadNet-CA,DensePull-SparsePush,dynamic-vertex-parallel,bitvector,false,20,1.9761238098144531,0.165512,0.4229898452758789,0.054241
youtube-u-growth,DensePull-SparsePush,static-vertex-parallel,boolean-array,false,20,6.22892951965332,0.270625,1.3320534229278564,0.134459
dblp_coauthor,DensePull-SparsePush,static-vertex-parallel,boolean-array,false,20,18.31505036354065,0.217885,3.9195988178253174,0.142468
soc-LiveJournal1,DensePull-SparsePush,static-vertex-parallel,boolean-array,false,20,46.02050518989563,0.636933,9.660446405410767,0.625041
orkut-links,DensePull-SparsePush,static-vertex-parallel,boolean-array,false,20,75.75417280197144,0.522407,14.964242696762085,0.616494
roadNet-CA,DensePull-SparsePush,static-vertex-parallel,boolean-array,false,20,1.9654152393341064,0.162033,0.4167041778564453,0.049098
youtube-u-growth,DensePull-SparsePush,static-vertex-parallel,bitvector,false,20,6.182173252105713,0.296463,1.3342785835266113,0.13566
orkut-links,DensePull-SparsePush,static-vertex-parallel,bitvector,false,20,72.48061680793762,0.530574,14.899549007415771,0.618933
roadNet-CA,DensePull-SparsePush,static-vertex-parallel,bitvector,false,20,1.9606308937072754,0.157852,0.413407564163208,0.047157
soc-LiveJournal1,DensePull-SparsePush,edge-aware-dynamic-vertex-parallel,boolean-array,false,20,43.73547887802124,0.644719,13.29758596420288,4.3394
orkut-links,DensePull-SparsePush,edge-aware-dynamic-vertex-parallel,boolean-array,false,20,73.46819186210632,0.723911,19.65237545967102,5.39612
roadNet-CA,DensePull-SparsePush,edge-aware-dynamic-vertex-parallel,boolean-array,false,20,2.000030517578125,0.190622,0.5676817893981934,0.198062
youtube-u-growth,DensePull-SparsePush,edge-aware-dynamic-vertex-parallel,bitvector,false,20,6.204353332519531,0.319381,2.0116918087005615,0.815801
dblp_coauthor,DensePull-SparsePush,edge-aware-dynamic-vertex-parallel,bitvector,false,20,18.687920093536377,0.239333,4.785408020019531,1.01265
soc-LiveJournal1,DensePull-SparsePush,edge-aware-dynamic-vertex-parallel,bitvector,false,20,45.67945432662964,0.67461,13.394375801086426,4.43095
orkut-links,DensePull-SparsePush,edge-aware-dynamic-vertex-parallel,bitvector,false,20,73.31125903129578,0.592144,19.86314582824707,5.57192
roadNet-CA,DensePull-SparsePush,edge-aware-dynamic-vertex-parallel,bitvector,false,20,2.131286144256592,0.178966,0.5631451606750488,0.195307
youtube-u-growth,SparsePush-DensePull,serial,boolean-array,false,20,7.2620673179626465,1.43042,2.017263889312744,0.817799
dblp_coauthor,SparsePush-DensePull,serial,boolean-array,false,20,20.071627140045166,1.96633,4.802238464355469,1.0188
orkut-links,SparsePush-DensePull,serial,boolean-array,false,20,80.51339268684387,8.41521,19.611411809921265,5.31379
roadNet-CA,SparsePush-DensePull,serial,boolean-array,false,20,1.4627048969268799,0.4395,0.5528779029846191,0.184605
youtube-u-growth,SparsePush-DensePull,serial,bitvector,false,20,7.335106611251831,1.44567,1.964108943939209,0.760806
dblp_coauthor,SparsePush-DensePull,serial,bitvector,false,20,20.13764214515686,2.00824,4.80182671546936,1.02873
soc-LiveJournal1,SparsePush-DensePull,serial,bitvector,false,20,52.555628538131714,7.19639,13.250614881515503,4.35262
orkut-links,SparsePush-DensePull,serial,bitvector,false,20,80.8097231388092,8.34149,19.567375659942627,5.25691
youtube-u-growth,SparsePush-DensePull,dynamic-vertex-parallel,boolean-array,false,20,6.1862952709198,0.286657,1.3354458808898926,0.13962
dblp_coauthor,SparsePush-DensePull,dynamic-vertex-parallel,boolean-array,false,20,18.257286310195923,0.222145,3.919785261154175,0.13166
soc-LiveJournal1,SparsePush-DensePull,dynamic-vertex-parallel,boolean-array,false,20,43.994362592697144,0.637889,9.634793043136597,0.643292
roadNet-CA,SparsePush-DensePull,dynamic-vertex-parallel,boolean-array,false,20,1.9631967544555664,0.151395,0.4172191619873047,0.048676
youtube-u-growth,SparsePush-DensePull,dynamic-vertex-parallel,bitvector,false,20,6.196054220199585,0.282092,1.3356492519378662,0.135521
soc-LiveJournal1,SparsePush-DensePull,dynamic-vertex-parallel,bitvector,false,20,46.1107234954834,0.612543,9.529706239700317,0.612715
roadNet-CA,SparsePush-DensePull,dynamic-vertex-parallel,bitvector,false,20,1.9713525772094727,0.164518,0.422177791595459,0.051943
youtube-u-growth,SparsePush-DensePull,static-vertex-parallel,boolean-array,false,20,6.16214656829834,0.275789,1.3366894721984863,0.13935
dblp_coauthor,SparsePush-DensePull,static-vertex-parallel,boolean-array,false,20,18.386656045913696,0.276758,3.9156625270843506,0.134504
soc-LiveJournal1,SparsePush-DensePull,static-vertex-parallel,boolean-array,false,20,46.058181047439575,0.605805,9.607123613357544,0.624475
orkut-links,SparsePush-DensePull,static-vertex-parallel,boolean-array,false,20,73.02156496047974,0.531504,14.994475603103638,0.617148
roadNet-CA,SparsePush-DensePull,static-vertex-parallel,boolean-array,false,20,1.9675323963165283,0.152766,0.41860008239746094,0.050765
soc-LiveJournal1,SparsePush-DensePull,static-vertex-parallel,bitvector,false,20,46.09679555892944,0.629725,9.545238971710205,0.632207
orkut-links,SparsePush-DensePull,static-vertex-parallel,bitvector,false,20,73.06520366668701,0.525747,14.877101421356201,0.609647
roadNet-CA,SparsePush-DensePull,static-vertex-parallel,bitvector,false,20,1.969930648803711,0.151034,0.4192075729370117,0.050556
youtube-u-growth,SparsePush-DensePull,edge-aware-dynamic-vertex-parallel,boolean-array,false,20,6.233811378479004,0.313145,2.005774736404419,0.799817
dblp_coauthor,SparsePush-DensePull,edge-aware-dynamic-vertex-parallel,boolean-array,false,20,18.553913831710815,0.239259,4.8261613845825195,1.03887
soc-LiveJournal1,SparsePush-DensePull,edge-aware-dynamic-vertex-parallel,boolean-array,false,20,46.130980014801025,0.618907,13.303709268569946,4.35172
orkut-links,SparsePush-DensePull,edge-aware-dynamic-vertex-parallel,boolean-array,false,20,73.34586238861084,0.572252,19.81254816055298,5.52202
roadNet-CA,SparsePush-DensePull,edge-aware-dynamic-vertex-parallel,boolean-array,false,20,2.0127506256103516,0.190817,0.5624215602874756,0.195129
youtube-u-growth,SparsePush-DensePull,edge-aware-dynamic-vertex-parallel,bitvector,false,20,6.227689027786255,0.324098,1.9846289157867432,0.784507
dblp_coauthor,SparsePush-DensePull,edge-aware-dynamic-vertex-parallel,bitvector,false,20,15.267109632492065,0.233205,4.810669183731079,1.02053
soc-LiveJournal1,SparsePush-DensePull,edge-aware-dynamic-vertex-parallel,bitvector,false,20,46.02799582481384,0.627699,13.392575740814209,4.43723
orkut-links,SparsePush-DensePull,edge-aware-dynamic-vertex-parallel,bitvector,false,20,72.77827954292297,0.539226,19.843647480010986,5.523
roadNet-CA,SparsePush-DensePull,edge-aware-dynamic-vertex-parallel,bitvector,false,20,2.0137603282928467,0.200451,0.5730800628662109,0.201715
