youtube-u-growth,SparsePush,serial,boolean-array,false,0,6.241214990615845,0.35835,1.3545997142791748,0.228258
dblp_coauthor,SparsePush,serial,boolean-array,false,0,18.946893215179443,0.384407,4.101588487625122,0.324618
orkut-links,SparsePush,serial,boolean-array,false,0,75.055739402771,1.21887,15.21713662147522,1.09474
roadNet-CA,SparsePush,serial,boolean-array,false,0,1.7040233612060547,0.00189,0.31916379928588867,0.000301
youtube-u-growth,SparsePush,dynamic-vertex-parallel,boolean-array,false,0,5.903557538986206,0.049114,1.166994571685791,0.048672
dblp_coauthor,SparsePush,dynamic-vertex-parallel,boolean-array,false,0,18.715982913970947,0.044553,3.8250770568847656,0.036822
soc-LiveJournal1,SparsePush,dynamic-vertex-parallel,boolean-array,false,0,46.1292405128479,0.111945,8.818682193756104,0.133971
roadNet-CA,SparsePush,dynamic-vertex-parallel,boolean-array,false,0,1.7044329643249512,0.002438,0.3219413757324219,0.00048
youtube-u-growth,SparsePush,static-vertex-parallel,boolean-array,false,0,5.973823547363281,0.049676,1.1639199256896973,0.049626
dblp_coauthor,SparsePush,static-vertex-parallel,boolean-array,false,0,18.21975874900818,0.0615,3.8216850757598877,0.037911
soc-LiveJournal1,SparsePush,static-vertex-parallel,boolean-array,false,0,46.262699604034424,0.084621,8.834623098373413,0.122799
orkut-links,SparsePush,static-vertex-parallel,boolean-array,false,0,74.9107460975647,0.116027,14.302270650863647,0.214117
roadNet-CA,SparsePush,static-vertex-parallel,boolean-array,false,0,1.699608325958252,0.002459,0.32280635833740234,0.000415
youtube-u-growth,DensePull,serial,boolean-array,false,0,6.935980319976807,1.09875,1.6874728202819824,0.579021
soc-LiveJournal1,DensePull,serial,boolean-array,false,0,50.623713970184326,4.40761,11.37090277671814,2.67414
orkut-links,DensePull,serial,boolean-array,false,0,77.70453190803528,3.40234,16.091342210769653,1.99852
roadNet-CA,DensePull,serial,boolean-array,false,0,2.2549655437469482,0.495935,0.5307285785675049,0.211744
youtube-u-growth,DensePull,serial,bitvector,false,0,6.811368942260742,0.962681,1.6536986827850342,0.491198
dblp_coauthor,DensePull,serial,bitvector,false,0,19.65579581260681,0.932361,4.256466388702393,0.478972
soc-LiveJournal1,DensePull,serial,bitvector,false,0,42.85415029525757,3.54296,10.559664964675903,1.88964
orkut-links,DensePull,serial,bitvector,false,0,77.82740616798401,2.83533,15.674227952957153,1.58939
roadNet-CA,DensePull,serial,bitvector,false,0,2.213144302368164,0.51097,0.5509576797485352,0.229735
youtube-u-growth,DensePull,dynamic-vertex-parallel,boolean-array,false,0,5.910635709762573,0.065146,1.2122366428375244,0.101404
dblp_coauthor,DensePull,dynamic-vertex-parallel,boolean-array,false,0,18.5879385471344,0.078324,3.9907259941101074,0.182121
soc-LiveJournal1,DensePull,dynamic-vertex-parallel,boolean-array,false,0,46.190696001052856,0.195294,9.99956488609314,1.30471
orkut-links,DensePull,dynamic-vertex-parallel,boolean-array,false,0,74.32526326179504,0.154924,14.324185371398926,0.3192
roadNet-CA,DensePull,dynamic-vertex-parallel,boolean-array,false,0,1.783578634262085,0.046406,0.3440539836883545,0.019715
youtube-u-growth,DensePull,dynamic-vertex-parallel,bitvector,false,0,5.947523593902588,0.069781,1.1798417568206787,0.063571
dblp_coauthor,DensePull,dynamic-vertex-parallel,bitvector,false,0,18.63797950744629,0.068478,3.9182348251342773,0.111667
orkut-links,DensePull,dynamic-vertex-parallel,bitvector,false,0,72.16627955436707,0.138379,14.27474045753479,0.196762
roadNet-CA,DensePull,dynamic-vertex-parallel,bitvector,false,0,1.7655994892120361,0.05401,0.34338903427124023,0.022662
youtube-u-growth,DensePull,static-vertex-parallel,boolean-array,false,0,5.9957005977630615,0.07045,1.2430999279022217,0.103265
dblp_coauthor,DensePull,static-vertex-parallel,boolean-array,false,0,18.58202862739563,0.063888,4.011085271835327,0.193575
soc-LiveJournal1,DensePull,static-vertex-parallel,boolean-array,false,0,46.43724346160889,0.191487,10.005971431732178,1.27641
orkut-links,DensePull,static-vertex-parallel,boolean-array,false,0,74.3840856552124,0.155302,14.367454767227173,0.292178
roadNet-CA,DensePull,static-vertex-parallel,boolean-array,false,0,1.7557625770568848,0.049125,0.3473062515258789,0.019183
youtube-u-growth,DensePull,static-vertex-parallel,bitvector,false,0,5.927443981170654,0.067249,1.194796085357666,0.063393
dblp_coauthor,DensePull,static-vertex-parallel,bitvector,false,0,18.545568704605103,0.06629,3.946474075317383,0.119086
soc-LiveJournal1,DensePull,static-vertex-parallel,bitvector,false,0,43.14986848831177,0.175992,9.269530534744263,0.563701
orkut-links,DensePull,static-vertex-parallel,bitvector,false,0,74.73203372955322,0.153255,14.318441152572632,0.206563
roadNet-CA,DensePull,static-vertex-parallel,bitvector,false,0,1.7760214805603027,0.066119,0.34817981719970703,0.022773
youtube-u-growth,DensePull,edge-aware-dynamic-vertex-parallel,boolean-array,false,0,5.935160875320435,0.070641,1.7844157218933105,0.647183
dblp_coauthor,DensePull,edge-aware-dynamic-vertex-parallel,boolean-array,false,0,18.67661213874817,0.076064,4.515727758407593,0.709334
soc-LiveJournal1,DensePull,edge-aware-dynamic-vertex-parallel,boolean-array,false,0,45.52897644042969,0.210385,11.666521787643433,2.98573
orkut-links,DensePull,edge-aware-dynamic-vertex-parallel,boolean-array,false,0,70.7258152961731,0.161532,16.38281488418579,2.21244
dblp_coauthor,DensePull,edge-aware-dynamic-vertex-parallel,bitvector,false,0,18.148765563964844,0.068999,4.3957507610321045,0.58848
soc-LiveJournal1,DensePull,edge-aware-dynamic-vertex-parallel,bitvector,false,0,45.950440645217896,0.202741,11.043328285217285,2.2973
roadNet-CA,DensePull,edge-aware-dynamic-vertex-parallel,bitvector,false,0,1.7555289268493652,0.081145,0.5588500499725342,0.230662
youtube-u-growth,DensePull-SparsePush,serial,boolean-array,false,0,6.244788646697998,0.365867,1.31803297996521,0.187633
dblp_coauthor,DensePull-SparsePush,serial,boolean-array,false,0,19.106072187423706,0.469854,4.059691667556763,0.25757
soc-LiveJournal1,DensePull-SparsePush,serial,boolean-array,false,0,47.95056343078613,1.90041,9.981435060501099,1.28039
orkut-links,DensePull-SparsePush,serial,boolean-array,false,0,76.09763073921204,1.69469,15.089205026626587,1.05774
roadNet-CA,DensePull-SparsePush,serial,boolean-array,false,0,1.7166235446929932,0.001849,0.32782840728759766,0.000389
youtube-u-growth,DensePull-SparsePush,serial,bitvector,false,0,6.217191219329834,0.338438,1.294541835784912,0.159667
dblp_coauthor,DensePull-SparsePush,serial,bitvector,false,0,19.101258754730225,0.463987,4.008466005325317,0.213541
orkut-links,DensePull-SparsePush,serial,bitvector,false,0,77.31315732002258,1.61386,15.025018692016602,0.884481
roadNet-CA,DensePull-SparsePush,serial,bitvector,false,0,1.7555525302886963,0.001565,0.32808685302734375,0.000296
youtube-u-growth,DensePull-SparsePush,dynamic-vertex-parallel,boolean-array,false,0,5.934920787811279,0.052549,1.159923791885376,0.024989
dblp_coauthor,DensePull-SparsePush,dynamic-vertex-parallel,boolean-array,false,0,18.627942323684692,0.059585,3.893524408340454,0.067313
orkut-links,DensePull-SparsePush,dynamic-vertex-parallel,boolean-array,false,0,73.41491651535034,0.076076,14.203056573867798,0.126383
roadNet-CA,DensePull-SparsePush,dynamic-vertex-parallel,boolean-array,false,0,1.7136783599853516,0.002201,0.32564783096313477,0.000365
youtube-u-growth,DensePull-SparsePush,dynamic-vertex-parallel,bitvector,false,0,5.924766540527344,0.050018,1.157773733139038,0.023316
soc-LiveJournal1,DensePull-SparsePush,dynamic-vertex-parallel,bitvector,false,0,45.54820108413696,0.081501,9.063787460327148,0.297753
orkut-links,DensePull-SparsePush,dynamic-vertex-parallel,bitvector,false,0,74.5884792804718,0.096296,14.24643611907959,0.115296
roadNet-CA,DensePull-SparsePush,dynamic-vertex-parallel,bitvector,false,0,1.7137367725372314,0.002178,0.3276522159576416,0.0005
youtube-u-growth,DensePull-SparsePush,static-vertex-parallel,boolean-array,false,0,4.833299160003662,0.037179,1.1625745296478271,0.026413
dblp_coauthor,DensePull-SparsePush,static-vertex-parallel,boolean-array,false,0,18.85439157485962,0.091811,3.8853185176849365,0.066421
orkut-links,DensePull-SparsePush,static-vertex-parallel,boolean-array,false,0,63.96227145195007,0.077494,14.210096836090088,0.138201
roadNet-CA,DensePull-SparsePush,static-vertex-parallel,boolean-array,false,0,1.7147870063781738,0.002488,0.33020544052124023,0.000397
dblp_coauthor,DensePull-SparsePush,static-vertex-parallel,bitvector,false,0,18.70306134223938,0.067933,3.875349998474121,0.051575
soc-LiveJournal1,DensePull-SparsePush,static-vertex-parallel,bitvector,false,0,45.893630027770996,0.084753,9.04505729675293,0.304914
orkut-links,DensePull-SparsePush,static-vertex-parallel,bitvector,false,0,74.54415273666382,0.095305,14.209601163864136,0.101236
youtube-u-growth,DensePull-SparsePush,edge-aware-dynamic-vertex-parallel,boolean-array,false,0,5.91386866569519,0.059981,1.3317749500274658,0.204391
dblp_coauthor,DensePull-SparsePush,edge-aware-dynamic-vertex-parallel,boolean-array,false,0,18.830281734466553,0.042432,4.088805675506592,0.266736
soc-LiveJournal1,DensePull-SparsePush,edge-aware-dynamic-vertex-parallel,boolean-array,false,0,46.10909867286682,0.094609,10.284867763519287,1.53077
orkut-links,DensePull-SparsePush,edge-aware-dynamic-vertex-parallel,boolean-array,false,0,74.43639397621155,0.091364,15.058539628982544,1.07968
roadNet-CA,DensePull-SparsePush,edge-aware-dynamic-vertex-parallel,boolean-array,false,0,1.690093994140625,0.002042,0.3257710933685303,0.000384
youtube-u-growth,DensePull-SparsePush,edge-aware-dynamic-vertex-parallel,bitvector,false,0,5.896305322647095,0.054234,1.2967936992645264,0.162005
dblp_coauthor,DensePull-SparsePush,edge-aware-dynamic-vertex-parallel,bitvector,false,0,18.685251712799072,0.050337,4.041091442108154,0.222836
soc-LiveJournal1,DensePull-SparsePush,edge-aware-dynamic-vertex-parallel,bitvector,false,0,36.890442848205566,0.095597,9.75704050064087,1.04811
roadNet-CA,DensePull-SparsePush,edge-aware-dynamic-vertex-parallel,bitvector,false,0,1.7306313514709473,0.013692,0.3261399269104004,0.00038
youtube-u-growth,SparsePush-DensePull,serial,boolean-array,false,0,6.2317423820495605,0.353863,1.3323705196380615,0.191103
orkut-links,SparsePush-DensePull,serial,boolean-array,false,0,76.21430325508118,1.68418,15.096748352050781,1.02584
roadNet-CA,SparsePush-DensePull,serial,boolean-array,false,0,1.7191553115844727,0.003985,0.3274686336517334,0.000333
youtube-u-growth,SparsePush-DensePull,serial,bitvector,false,0,6.213282346725464,0.334906,1.3005955219268799,0.161194
soc-LiveJournal1,SparsePush-DensePull,serial,bitvector,false,0,47.77215504646301,1.71122,9.734825849533081,0.975474
orkut-links,SparsePush-DensePull,serial,bitvector,false,0,76.01484942436218,1.63245,14.951195478439331,0.886916
youtube-u-growth,SparsePush-DensePull,dynamic-vertex-parallel,boolean-array,false,0,5.996443748474121,0.040688,1.1567134857177734,0.024967
dblp_coauthor,SparsePush-DensePull,dynamic-vertex-parallel,boolean-array,false,0,18.876506567001343,0.039757,3.867553234100342,0.067227
soc-LiveJournal1,SparsePush-DensePull,dynamic-vertex-parallel,boolean-array,false,0,46.65331768989563,0.084746,9.190098524093628,0.451871
orkut-links,SparsePush-DensePull,dynamic-vertex-parallel,boolean-array,false,0,74.84880065917969,0.077082,14.193446397781372,0.143537
roadNet-CA,SparsePush-DensePull,dynamic-vertex-parallel,boolean-array,false,0,1.72086501121521,0.003326,0.32524704933166504,0.00035
youtube-u-growth,SparsePush-DensePull,dynamic-vertex-parallel,bitvector,false,0,5.911769866943359,0.044429,1.1599311828613281,0.022359
dblp_coauthor,SparsePush-DensePull,dynamic-vertex-parallel,bitvector,false,0,18.661558866500854,0.042449,3.8859403133392334,0.052446
soc-LiveJournal1,SparsePush-DensePull,dynamic-vertex-parallel,bitvector,false,0,45.526583671569824,0.083215,9.02482557296753,0.282181
orkut-links,SparsePush-DensePull,dynamic-vertex-parallel,bitvector,false,0,74.52708911895752,0.066938,14.172565937042236,0.114201
roadNet-CA,SparsePush-DensePull,dynamic-vertex-parallel,bitvector,false,0,1.6923363208770752,0.002577,0.3248887062072754,0.000398
dblp_coauthor,SparsePush-DensePull,static-vertex-parallel,boolean-array,false,0,18.668174266815186,0.038369,3.9082515239715576,0.065295
soc-LiveJournal1,SparsePush-DensePull,static-vertex-parallel,boolean-array,false,0,46.14649724960327,0.082415,9.200829267501831,0.486691
orkut-links,SparsePush-DensePull,static-vertex-parallel,boolean-array,false,0,74.40523719787598,0.080113,14.14126205444336,0.121874
roadNet-CA,SparsePush-DensePull,static-vertex-parallel,boolean-array,false,0,1.723050832748413,0.013845,0.3288102149963379,0.000463
youtube-u-growth,SparsePush-DensePull,static-vertex-parallel,bitvector,false,0,5.863140821456909,0.041576,1.1525120735168457,0.023068
dblp_coauthor,SparsePush-DensePull,static-vertex-parallel,bitvector,false,0,18.57090449333191,0.044939,3.879349708557129,0.05435
soc-LiveJournal1,SparsePush-DensePull,static-vertex-parallel,bitvector,false,0,46.20105171203613,0.126953,9.036422967910767,0.267496
orkut-links,SparsePush-DensePull,static-vertex-parallel,bitvector,false,0,74.52204823493958,0.075944,14.13449239730835,0.108117
roadNet-CA,SparsePush-DensePull,static-vertex-parallel,bitvector,false,0,1.715538740158081,0.002015,0.3278229236602783,0.000365
youtube-u-growth,SparsePush-DensePull,edge-aware-dynamic-vertex-parallel,boolean-array,false,0,5.947042942047119,0.050415,1.3381524085998535,0.205594
dblp_coauthor,SparsePush-DensePull,edge-aware-dynamic-vertex-parallel,boolean-array,false,0,18.692806720733643,0.042939,4.090107202529907,0.278699
orkut-links,SparsePush-DensePull,edge-aware-dynamic-vertex-parallel,boolean-array,false,0,74.64322805404663,0.13465,15.188581705093384,1.14182
roadNet-CA,SparsePush-DensePull,edge-aware-dynamic-vertex-parallel,boolean-array,false,0,1.719125747680664,0.003738,0.32561755180358887,0.000341
youtube-u-growth,SparsePush-DensePull,edge-aware-dynamic-vertex-parallel,bitvector,false,0,5.95173716545105,0.056778,1.2891387939453125,0.157996
dblp_coauthor,SparsePush-DensePull,edge-aware-dynamic-vertex-parallel,bitvector,false,0,19.014463901519775,0.050305,4.034581899642944,0.214089
soc-LiveJournal1,SparsePush-DensePull,edge-aware-dynamic-vertex-parallel,bitvector,false,0,46.08721303939819,0.090256,9.782776117324829,1.05922
roadNet-CA,SparsePush-DensePull,edge-aware-dynamic-vertex-parallel,bitvector,false,0,1.7202203273773193,0.002706,0.3266932964324951,0.000654
youtube-u-growth,DensePush-SparsePush,serial,boolean-array,false,0,6.063448905944824,0.215614,1.2336180210113525,0.100787
dblp_coauthor,DensePush-SparsePush,serial,boolean-array,false,0,18.782530069351196,0.200902,3.9293224811553955,0.111122
orkut-links,DensePush-SparsePush,serial,boolean-array,false,0,74.92994356155396,0.681438,14.618671655654907,0.544162
roadNet-CA,DensePush-SparsePush,serial,boolean-array,false,0,1.7667205333709717,0.006278,0.3272850513458252,0.000349
youtube-u-growth,DensePush-SparsePush,dynamic-vertex-parallel,boolean-array,false,0,5.882138729095459,0.040463,1.1832358837127686,0.049109
soc-LiveJournal1,DensePush-SparsePush,dynamic-vertex-parallel,boolean-array,false,0,46.14533543586731,0.087932,8.91818118095398,0.152617
roadNet-CA,DensePush-SparsePush,dynamic-vertex-parallel,boolean-array,false,0,1.7137184143066406,0.003937,0.32746005058288574,0.000394
youtube-u-growth,DensePush-SparsePush,static-vertex-parallel,boolean-array,false,0,5.893669605255127,0.039421,1.1728155612945557,0.046541
dblp_coauthor,DensePush-SparsePush,static-vertex-parallel,boolean-array,false,0,18.74779748916626,0.033092,3.8666107654571533,0.038538
soc-LiveJournal1,DensePush-SparsePush,static-vertex-parallel,boolean-array,false,0,46.273231744766235,0.058919,8.9252610206604,0.170362
orkut-links,DensePush-SparsePush,static-vertex-parallel,boolean-array,false,0,74.36728286743164,0.070795,14.264724254608154,0.205041
dblp_coauthor,DensePull,serial,boolean-array,false,5,16.98991322517395,1.44465,4.600202322006226,0.663243
soc-LiveJournal1,DensePull,serial,boolean-array,false,5,51.97856855392456,4.9495,11.898115634918213,2.73187
orkut-links,DensePull,serial,boolean-array,false,5,77.37609434127808,3.55218,16.54329752922058,1.85313
youtube-u-growth,DensePull,serial,bitvector,false,5,7.094130039215088,1.05442,1.7200756072998047,0.509841
dblp_coauthor,DensePull,serial,bitvector,false,5,19.48094153404236,1.27304,4.551458120346069,0.609098
soc-LiveJournal1,DensePull,serial,bitvector,false,5,51.09511947631836,4.11385,11.25026798248291,2.07289
orkut-links,DensePull,serial,bitvector,false,5,79.48320865631104,3.22648,16.319382429122925,1.66682
roadNet-CA,DensePull,serial,bitvector,false,5,2.4691457748413086,0.586128,0.5978853702545166,0.250928
youtube-u-growth,DensePull,dynamic-vertex-parallel,boolean-array,false,5,6.140592336654663,0.085613,1.2719755172729492,0.06355
roadNet-CA,DensePull,dynamic-vertex-parallel,boolean-array,false,5,1.8476929664611816,0.07533,0.3698737621307373,0.02152
youtube-u-growth,DensePull,dynamic-vertex-parallel,bitvector,false,5,6.150781631469727,0.099202,1.2712397575378418,0.066084
dblp_coauthor,DensePull,dynamic-vertex-parallel,bitvector,false,5,18.89893937110901,0.08825,4.035477161407471,0.101294
soc-LiveJournal1,DensePull,dynamic-vertex-parallel,bitvector,false,5,47.30510497093201,0.197351,9.513197422027588,0.362707
orkut-links,DensePull,dynamic-vertex-parallel,bitvector,false,5,76.12625551223755,0.149835,14.92454981803894,0.247708
roadNet-CA,DensePull,dynamic-vertex-parallel,bitvector,false,5,1.8395655155181885,0.080867,0.3738856315612793,0.025822
youtube-u-growth,DensePull,static-vertex-parallel,boolean-array,false,5,6.151022434234619,0.083411,1.2756726741790771,0.063503
dblp_coauthor,DensePull,static-vertex-parallel,boolean-array,false,5,19.004417657852173,0.091852,4.030548334121704,0.096466
orkut-links,DensePull,static-vertex-parallel,boolean-array,false,5,69.2086284160614,0.152923,14.926971912384033,0.240174
roadNet-CA,DensePull,static-vertex-parallel,boolean-array,false,5,1.8357877731323242,0.073864,0.37018299102783203,0.021482
dblp_coauthor,DensePull,static-vertex-parallel,bitvector,false,5,19.06196141242981,0.105408,4.064615726470947,0.103669
orkut-links,DensePull,static-vertex-parallel,bitvector,false,5,75.66021060943604,0.149811,14.998598098754883,0.242494
roadNet-CA,DensePull,static-vertex-parallel,bitvector,false,5,1.854842185974121,0.096531,0.3735175132751465,0.025512
youtube-u-growth,DensePull,edge-aware-dynamic-vertex-parallel,boolean-array,false,5,6.156701326370239,0.119111,1.7865402698516846,0.586352
dblp_coauthor,DensePull,edge-aware-dynamic-vertex-parallel,boolean-array,false,5,19.01565384864807,0.08563,4.623690128326416,0.686162
soc-LiveJournal1,DensePull,edge-aware-dynamic-vertex-parallel,boolean-array,false,5,47.135929107666016,0.215647,11.661063194274902,2.56018
orkut-links,DensePull,edge-aware-dynamic-vertex-parallel,boolean-array,false,5,75.59848880767822,0.208475,16.596142530441284,1.91062
roadNet-CA,DensePull,edge-aware-dynamic-vertex-parallel,boolean-array,false,5,1.9693620204925537,0.094044,0.6096043586730957,0.257948
youtube-u-growth,DensePull,edge-aware-dynamic-vertex-parallel,bitvector,false,5,6.154344797134399,0.124813,1.766758680343628,0.559516
dblp_coauthor,DensePull,edge-aware-dynamic-vertex-parallel,bitvector,false,5,19.046616554260254,0.085479,4.654350996017456,0.714372
soc-LiveJournal1,DensePull,edge-aware-dynamic-vertex-parallel,bitvector,false,5,47.237505197525024,0.204385,11.506746530532837,2.32552
roadNet-CA,DensePull,edge-aware-dynamic-vertex-parallel,bitvector,false,5,1.8508965969085693,0.092955,0.6175055503845215,0.267535
dblp_coauthor,DensePull-SparsePush,serial,boolean-array,false,5,19.424694538116455,0.48451,4.155889272689819,0.218786
soc-LiveJournal1,DensePull-SparsePush,serial,boolean-array,false,5,49.117018699645996,1.85367,10.157676696777344,0.966609
orkut-links,DensePull-SparsePush,serial,boolean-array,false,5,77.27661490440369,1.60111,15.511626720428467,0.810354
roadNet-CA,DensePull-SparsePush,serial,boolean-array,false,5,1.777360439300537,0.006408,0.3481154441833496,0.000852
dblp_coauthor,DensePull-SparsePush,serial,bitvector,false,5,19.75427007675171,0.448168,4.157772064208984,0.211055
soc-LiveJournal1,DensePull-SparsePush,serial,bitvector,false,5,48.82523488998413,1.65824,10.030557632446289,0.850299
orkut-links,DensePull-SparsePush,serial,bitvector,false,5,78.7713189125061,1.47342,15.542531251907349,0.79757
roadNet-CA,DensePull-SparsePush,serial,bitvector,false,5,1.800175428390503,0.015335,0.3494694232940674,0.000686
youtube-u-growth,DensePull-SparsePush,dynamic-vertex-parallel,boolean-array,false,5,6.2410900592803955,0.051737,1.2280025482177734,0.023538
dblp_coauthor,DensePull-SparsePush,dynamic-vertex-parallel,boolean-array,false,5,18.88873600959778,0.050632,3.973987579345703,0.038803
soc-LiveJournal1,DensePull-SparsePush,dynamic-vertex-parallel,boolean-array,false,5,47.139233112335205,0.101,9.416270971298218,0.205715
orkut-links,DensePull-SparsePush,dynamic-vertex-parallel,boolean-array,false,5,75.09290933609009,0.079557,14.848778009414673,0.14069
youtube-u-growth,DensePull-SparsePush,dynamic-vertex-parallel,bitvector,false,5,6.097853183746338,0.04837,1.2344975471496582,0.022362
dblp_coauthor,DensePull-SparsePush,dynamic-vertex-parallel,bitvector,false,5,19.1368625164032,0.043992,3.995086669921875,0.0383
orkut-links,DensePull-SparsePush,dynamic-vertex-parallel,bitvector,false,5,76.13481497764587,0.073804,14.889708280563354,0.134788
roadNet-CA,DensePull-SparsePush,dynamic-vertex-parallel,bitvector,false,5,1.832625150680542,0.028517,0.34916234016418457,0.000812
youtube-u-growth,DensePull-SparsePush,static-vertex-parallel,boolean-array,false,5,6.093389511108398,0.051675,1.240243673324585,0.023184
dblp_coauthor,DensePull-SparsePush,static-vertex-parallel,boolean-array,false,5,18.883644580841064,0.042109,3.9787464141845703,0.039898
roadNet-CA,DensePull-SparsePush,static-vertex-parallel,boolean-array,false,5,1.7972140312194824,0.017892,0.3490562438964844,0.000769
youtube-u-growth,DensePull-SparsePush,static-vertex-parallel,bitvector,false,5,6.1076226234436035,0.054576,1.2332854270935059,0.023592
dblp_coauthor,DensePull-SparsePush,static-vertex-parallel,bitvector,false,5,18.96985363960266,0.052783,3.9716055393218994,0.038279
soc-LiveJournal1,DensePull-SparsePush,static-vertex-parallel,bitvector,false,5,47.37011003494263,0.094404,9.38267183303833,0.178182
orkut-links,DensePull-SparsePush,static-vertex-parallel,bitvector,false,5,76.02123808860779,0.078309,14.77445387840271,0.133726
roadNet-CA,DensePull-SparsePush,static-vertex-parallel,bitvector,false,5,1.768916130065918,0.004775,0.35239410400390625,0.000875
youtube-u-growth,DensePull-SparsePush,edge-aware-dynamic-vertex-parallel,boolean-array,false,5,6.127900123596191,0.081822,1.4005699157714844,0.185534
dblp_coauthor,DensePull-SparsePush,edge-aware-dynamic-vertex-parallel,boolean-array,false,5,18.95539903640747,0.047544,4.172968149185181,0.220032
soc-LiveJournal1,DensePull-SparsePush,edge-aware-dynamic-vertex-parallel,boolean-array,false,5,47.11250901222229,0.10236,10.26155710220337,1.08208
orkut-links,DensePull-SparsePush,edge-aware-dynamic-vertex-parallel,boolean-array,false,5,75.75791835784912,0.104791,15.414201736450195,0.794438
roadNet-CA,DensePull-SparsePush,edge-aware-dynamic-vertex-parallel,boolean-array,false,5,1.773212194442749,0.004418,0.3491532802581787,0.000743
youtube-u-growth,DensePull-SparsePush,edge-aware-dynamic-vertex-parallel,bitvector,false,5,6.139731168746948,0.079846,1.3808677196502686,0.16917
dblp_coauthor,DensePull-SparsePush,edge-aware-dynamic-vertex-parallel,bitvector,false,5,19.051061153411865,0.04851,4.169332504272461,0.214381
soc-LiveJournal1,DensePull-SparsePush,edge-aware-dynamic-vertex-parallel,bitvector,false,5,47.5213725566864,0.120498,10.091193675994873,0.917217
orkut-links,DensePull-SparsePush,edge-aware-dynamic-vertex-parallel,bitvector,false,5,75.74081349372864,0.118253,15.414406538009644,0.78323
youtube-u-growth,SparsePush-DensePull,serial,boolean-array,false,5,6.5873026847839355,0.389118,1.3699865341186523,0.164582
soc-LiveJournal1,SparsePush-DensePull,serial,boolean-array,false,5,49.18283486366272,1.88243,10.106454133987427,0.943068
orkut-links,SparsePush-DensePull,serial,boolean-array,false,5,77.6875593662262,1.63143,15.45415186882019,0.802812
roadNet-CA,SparsePush-DensePull,serial,boolean-array,false,5,1.7717857360839844,0.004236,0.34899091720581055,0.000674
youtube-u-growth,SparsePush-DensePull,serial,bitvector,false,5,6.400684356689453,0.357934,1.365450382232666,0.153268
soc-LiveJournal1,SparsePush-DensePull,serial,bitvector,false,5,46.43952012062073,1.69173,10.060352325439453,0.896168
orkut-links,SparsePush-DensePull,serial,bitvector,false,5,77.09532237052917,1.50034,15.510520458221436,0.774572
youtube-u-growth,SparsePush-DensePull,dynamic-vertex-parallel,boolean-array,false,5,6.201805591583252,0.046912,1.2277195453643799,0.022522
dblp_coauthor,SparsePush-DensePull,dynamic-vertex-parallel,boolean-array,false,5,18.88584613800049,0.045,3.980577230453491,0.039405
soc-LiveJournal1,SparsePush-DensePull,dynamic-vertex-parallel,boolean-array,false,5,47.215126752853394,0.133907,9.393525838851929,0.218522
orkut-links,SparsePush-DensePull,dynamic-vertex-parallel,boolean-array,false,5,71.77998542785645,0.07004,14.803746938705444,0.139115
roadNet-CA,SparsePush-DensePull,dynamic-vertex-parallel,boolean-array,false,5,1.7700631618499756,0.005109,0.34908294677734375,0.000739
youtube-u-growth,SparsePush-DensePull,dynamic-vertex-parallel,bitvector,false,5,6.106239557266235,0.056477,1.234010934829712,0.02291
dblp_coauthor,SparsePush-DensePull,dynamic-vertex-parallel,bitvector,false,5,19.060033321380615,0.042952,4.133369445800781,0.038233
soc-LiveJournal1,SparsePush-DensePull,dynamic-vertex-parallel,bitvector,false,5,47.31143379211426,0.085308,9.352358102798462,0.181884
roadNet-CA,SparsePush-DensePull,dynamic-vertex-parallel,bitvector,false,5,1.7814016342163086,0.004721,0.35100460052490234,0.000733
youtube-u-growth,SparsePush-DensePull,static-vertex-parallel,boolean-array,false,5,6.132448673248291,0.077753,1.2336204051971436,0.022366
dblp_coauthor,SparsePush-DensePull,static-vertex-parallel,boolean-array,false,5,18.70672369003296,0.045495,3.9840035438537598,0.038834
soc-LiveJournal1,SparsePush-DensePull,static-vertex-parallel,boolean-array,false,5,47.1075599193573,0.095521,9.367723226547241,0.222213
roadNet-CA,SparsePush-DensePull,static-vertex-parallel,boolean-array,false,5,1.7833354473114014,0.014823,0.34856534004211426,0.000847
dblp_coauthor,SparsePush-DensePull,static-vertex-parallel,bitvector,false,5,19.08845043182373,0.056942,4.001481533050537,0.037812
soc-LiveJournal1,SparsePush-DensePull,static-vertex-parallel,bitvector,false,5,47.381431579589844,0.160492,9.322265148162842,0.169377
orkut-links,SparsePush-DensePull,static-vertex-parallel,bitvector,false,5,75.8143560886383,0.074173,14.928462505340576,0.133258
roadNet-CA,SparsePush-DensePull,static-vertex-parallel,bitvector,false,5,1.7808454036712646,0.004999,0.35056543350219727,0.000789
youtube-u-growth,SparsePush-DensePull,edge-aware-dynamic-vertex-parallel,boolean-array,false,5,6.130846977233887,0.080969,1.3854682445526123,0.177967
dblp_coauthor,SparsePush-DensePull,edge-aware-dynamic-vertex-parallel,boolean-array,false,5,18.90061593055725,0.048536,4.167407274246216,0.224174
soc-LiveJournal1,SparsePush-DensePull,edge-aware-dynamic-vertex-parallel,boolean-array,false,5,46.57664656639099,0.101665,10.18403697013855,1.05602
orkut-links,SparsePush-DensePull,edge-aware-dynamic-vertex-parallel,boolean-array,false,5,75.75772500038147,0.099264,15.431756258010864,0.846199
dblp_coauthor,SparsePush-DensePull,edge-aware-dynamic-vertex-parallel,bitvector,false,5,19.012641191482544,0.04966,4.165272235870361,0.213528
soc-LiveJournal1,SparsePush-DensePull,edge-aware-dynamic-vertex-parallel,bitvector,false,5,47.263895988464355,0.145961,10.105793237686157,0.917504
orkut-links,SparsePush-DensePull,edge-aware-dynamic-vertex-parallel,bitvector,false,5,74.93243718147278,0.097248,15.385129690170288,0.773413
roadNet-CA,SparsePush-DensePull,edge-aware-dynamic-vertex-parallel,bitvector,false,5,1.771097183227539,0.005027,0.34999632835388184,0.000746
youtube-u-growth,DensePull,serial,boolean-array,false,10,7.125020742416382,1.12392,1.7396442890167236,0.52818
dblp_coauthor,DensePull,serial,boolean-array,false,10,20.528149843215942,1.54599,4.646745204925537,0.692957
soc-LiveJournal1,DensePull,serial,boolean-array,false,10,52.10826134681702,5.15534,11.694068908691406,2.44797
orkut-links,DensePull,serial,boolean-array,false,10,73.46246671676636,3.81849,16.66191005706787,1.93818
roadNet-CA,DensePull,serial,boolean-array,false,10,2.3605527877807617,0.588761,0.5878167152404785,0.23823
youtube-u-growth,DensePull,serial,bitvector,false,10,7.166980743408203,1.02792,1.7117416858673096,0.501402
dblp_coauthor,DensePull,serial,bitvector,false,10,20.450726985931396,1.39568,4.605362176895142,0.646868
soc-LiveJournal1,DensePull,serial,bitvector,false,10,51.99019408226013,4.55446,11.512452363967896,2.25589
orkut-links,DensePull,serial,bitvector,false,10,79.47430515289307,3.57391,16.507972478866577,1.73589
youtube-u-growth,DensePull,dynamic-vertex-parallel,boolean-array,false,10,6.2427825927734375,0.102666,1.2789480686187744,0.062468
dblp_coauthor,DensePull,dynamic-vertex-parallel,boolean-array,false,10,19.136366367340088,0.089839,4.054305791854858,0.091513
soc-LiveJournal1,DensePull,dynamic-vertex-parallel,boolean-array,false,10,47.559685468673706,0.273336,9.60275936126709,0.349405
orkut-links,DensePull,dynamic-vertex-parallel,boolean-array,false,10,78.20467901229858,0.17664,14.992954015731812,0.254007
roadNet-CA,DensePull,dynamic-vertex-parallel,boolean-array,false,10,1.8548436164855957,0.093192,0.3718416690826416,0.022257
youtube-u-growth,DensePull,dynamic-vertex-parallel,bitvector,false,10,6.129421710968018,0.11149,1.2878170013427734,0.068149
dblp_coauthor,DensePull,dynamic-vertex-parallel,bitvector,false,10,19.126772165298462,0.103454,4.059343576431274,0.097483
soc-LiveJournal1,DensePull,dynamic-vertex-parallel,bitvector,false,10,44.78105449676514,0.224671,9.619478225708008,0.359069
roadNet-CA,DensePull,dynamic-vertex-parallel,bitvector,false,10,1.8556783199310303,0.096428,0.37764453887939453,0.026203
dblp_coauthor,DensePull,static-vertex-parallel,boolean-array,false,10,19.199544668197632,0.125967,4.071242570877075,0.091879
soc-LiveJournal1,DensePull,static-vertex-parallel,boolean-array,false,10,46.244855880737305,0.219942,9.55416226387024,0.343625
orkut-links,DensePull,static-vertex-parallel,boolean-array,false,10,76.22330260276794,0.191561,14.931902885437012,0.251933
roadNet-CA,DensePull,static-vertex-parallel,boolean-array,false,10,1.8504846096038818,0.089197,0.3735842704772949,0.02352
dblp_coauthor,DensePull,static-vertex-parallel,bitvector,false,10,19.116981506347656,0.093043,4.062348365783691,0.095133
orkut-links,DensePull,static-vertex-parallel,bitvector,false,10,76.19418334960938,0.183641,15.054844856262207,0.271133
roadNet-CA,DensePull,static-vertex-parallel,bitvector,false,10,1.9113974571228027,0.109629,0.37503838539123535,0.026536
youtube-u-growth,DensePull,edge-aware-dynamic-vertex-parallel,boolean-array,false,10,5.740267753601074,0.135028,1.787839412689209,0.576066
dblp_coauthor,DensePull,edge-aware-dynamic-vertex-parallel,boolean-array,false,10,18.404309511184692,0.101421,4.692022085189819,0.723084
soc-LiveJournal1,DensePull,edge-aware-dynamic-vertex-parallel,boolean-array,false,10,47.3545777797699,0.246582,11.80646562576294,2.56857
roadNet-CA,DensePull,edge-aware-dynamic-vertex-parallel,boolean-array,false,10,1.8651113510131836,0.10088,0.6085734367370605,0.258148
youtube-u-growth,DensePull,edge-aware-dynamic-vertex-parallel,bitvector,false,10,6.220821142196655,0.136605,1.7846739292144775,0.571898
dblp_coauthor,DensePull,edge-aware-dynamic-vertex-parallel,bitvector,false,10,19.110512256622314,0.101709,4.722576379776001,0.764491
soc-LiveJournal1,DensePull,edge-aware-dynamic-vertex-parallel,bitvector,false,10,47.44748306274414,0.247539,11.79814863204956,2.57053
orkut-links,DensePull,edge-aware-dynamic-vertex-parallel,bitvector,false,10,75.9853127002716,0.205858,16.82164740562439,2.04755
youtube-u-growth,DensePull-SparsePush,serial,boolean-array,false,10,6.442957162857056,0.394464,1.3798925876617432,0.157096
dblp_coauthor,DensePull-SparsePush,serial,boolean-array,false,10,19.57865023612976,0.489239,4.184272527694702,0.214448
soc-LiveJournal1,DensePull-SparsePush,serial,boolean-array,false,10,48.63756084442139,1.88972,10.162267446517944,0.926442
orkut-links,DensePull-SparsePush,serial,boolean-array,false,10,77.54537320137024,1.65261,15.512746334075928,0.785548
roadNet-CA,DensePull-SparsePush,serial,boolean-array,false,10,1.7906584739685059,0.004774,0.34894609451293945,0.000729
dblp_coauthor,DensePull-SparsePush,serial,bitvector,false,10,19.56120228767395,0.471973,4.163844585418701,0.213824
soc-LiveJournal1,DensePull-SparsePush,serial,bitvector,false,10,49.38407254219055,1.80865,10.19015884399414,0.900175
roadNet-CA,DensePull-SparsePush,serial,bitvector,false,10,1.788856029510498,0.017953,0.3500864505767822,0.000861
youtube-u-growth,DensePull-SparsePush,dynamic-vertex-parallel,boolean-array,false,10,6.123001337051392,0.065239,1.2263832092285156,0.02133
soc-LiveJournal1,DensePull-SparsePush,dynamic-vertex-parallel,boolean-array,false,10,47.40407633781433,0.09501,9.40245008468628,0.165788
orkut-links,DensePull-SparsePush,dynamic-vertex-parallel,boolean-array,false,10,75.7618887424469,0.091645,14.911824941635132,0.128682
roadNet-CA,DensePull-SparsePush,dynamic-vertex-parallel,boolean-array,false,10,1.7936456203460693,0.007567,0.35059642791748047,0.000796
dblp_coauthor,DensePull-SparsePush,dynamic-vertex-parallel,bitvector,false,10,19.17652726173401,0.062899,4.002421140670776,0.034122
soc-LiveJournal1,DensePull-SparsePush,dynamic-vertex-parallel,bitvector,false,10,47.60203766822815,0.098524,9.378836154937744,0.152546
orkut-links,DensePull-SparsePush,dynamic-vertex-parallel,bitvector,false,10,77.21496248245239,0.10004,14.937593698501587,0.123455
roadNet-CA,DensePull-SparsePush,dynamic-vertex-parallel,bitvector,false,10,1.783695936203003,0.005728,0.34913206100463867,0.000698
youtube-u-growth,DensePull-SparsePush,static-vertex-parallel,boolean-array,false,10,6.105472803115845,0.048837,1.2386763095855713,0.021721
dblp_coauthor,DensePull-SparsePush,static-vertex-parallel,boolean-array,false,10,19.099274158477783,0.047213,3.980318546295166,0.034334
soc-LiveJournal1,DensePull-SparsePush,static-vertex-parallel,boolean-array,false,10,47.13335919380188,0.111837,9.398351192474365,0.158832
roadNet-CA,DensePull-SparsePush,static-vertex-parallel,boolean-array,false,10,1.7781996726989746,0.004869,0.34734082221984863,0.000757
youtube-u-growth,DensePull-SparsePush,static-vertex-parallel,bitvector,false,10,6.131681442260742,0.055918,1.2374908924102783,0.022391
dblp_coauthor,DensePull-SparsePush,static-vertex-parallel,bitvector,false,10,19.141021966934204,0.065346,3.9899656772613525,0.034582
soc-LiveJournal1,DensePull-SparsePush,static-vertex-parallel,bitvector,false,10,47.61672639846802,0.104486,9.404908895492554,0.148785
roadNet-CA,DensePull-SparsePush,static-vertex-parallel,bitvector,false,10,1.7908871173858643,0.010621,0.350466251373291,0.00076
youtube-u-growth,DensePull-SparsePush,edge-aware-dynamic-vertex-parallel,boolean-array,false,10,6.148717403411865,0.081138,1.375321626663208,0.165676
dblp_coauthor,DensePull-SparsePush,edge-aware-dynamic-vertex-parallel,boolean-array,false,10,19.15960717201233,0.058741,4.178654193878174,0.214384
soc-LiveJournal1,DensePull-SparsePush,edge-aware-dynamic-vertex-parallel,boolean-array,false,10,47.48047494888306,0.150316,10.245859384536743,0.999161
youtube-u-growth,DensePull-SparsePush,edge-aware-dynamic-vertex-parallel,bitvector,false,10,6.160272836685181,0.076239,1.3654992580413818,0.160335
dblp_coauthor,DensePull-SparsePush,edge-aware-dynamic-vertex-parallel,bitvector,false,10,19.03852367401123,0.054742,4.159802436828613,0.212091
soc-LiveJournal1,DensePull-SparsePush,edge-aware-dynamic-vertex-parallel,bitvector,false,10,47.29682755470276,0.107963,10.187050580978394,0.932711
orkut-links,DensePull-SparsePush,edge-aware-dynamic-vertex-parallel,bitvector,false,10,76.66009426116943,0.13352,15.564419507980347,0.784807
roadNet-CA,DensePull-SparsePush,edge-aware-dynamic-vertex-parallel,bitvector,false,10,1.786937952041626,0.01084,0.34949684143066406,0.000766
youtube-u-growth,SparsePush-DensePull,serial,boolean-array,false,10,6.440413475036621,0.387582,1.3750262260437012,0.154776
dblp_coauthor,SparsePush-DensePull,serial,boolean-array,false,10,19.48354959487915,0.488727,4.171018838882446,0.213781
soc-LiveJournal1,SparsePush-DensePull,serial,boolean-array,false,10,49.07256054878235,1.91209,10.220577239990234,0.952238
orkut-links,SparsePush-DensePull,serial,boolean-array,false,10,77.43283438682556,1.64116,15.47588849067688,0.765725
roadNet-CA,SparsePush-DensePull,serial,boolean-array,false,10,1.7735612392425537,0.004574,0.35120081901550293,0.000688
youtube-u-growth,SparsePush-DensePull,serial,bitvector,false,10,6.424195289611816,0.362841,1.3683099746704102,0.152482
dblp_coauthor,SparsePush-DensePull,serial,bitvector,false,10,19.367797374725342,0.46523,4.162266731262207,0.212264
orkut-links,SparsePush-DensePull,serial,bitvector,false,10,78.03716731071472,1.55118,15.555090188980103,0.775733
roadNet-CA,SparsePush-DensePull,serial,bitvector,false,10,1.7667460441589355,0.003254,0.34955453872680664,0.000655
dblp_coauthor,SparsePush-DensePull,dynamic-vertex-parallel,boolean-array,false,10,19.141955852508545,0.067432,3.9974913597106934,0.033904
soc-LiveJournal1,SparsePush-DensePull,dynamic-vertex-parallel,boolean-array,false,10,46.24995803833008,0.092091,9.38541841506958,0.155212
orkut-links,SparsePush-DensePull,dynamic-vertex-parallel,boolean-array,false,10,75.63651990890503,0.091824,14.853206634521484,0.129823
roadNet-CA,SparsePush-DensePull,dynamic-vertex-parallel,boolean-array,false,10,1.7875704765319824,0.015887,0.3485984802246094,0.000737
youtube-u-growth,SparsePush-DensePull,dynamic-vertex-parallel,bitvector,false,10,6.102259635925293,0.052921,1.2381012439727783,0.023092
dblp_coauthor,SparsePush-DensePull,dynamic-vertex-parallel,bitvector,false,10,19.026761770248413,0.045505,3.9988443851470947,0.034436
orkut-links,SparsePush-DensePull,dynamic-vertex-parallel,bitvector,false,10,76.08490753173828,0.104781,14.883368492126465,0.123141
roadNet-CA,SparsePush-DensePull,dynamic-vertex-parallel,bitvector,false,10,1.787186861038208,0.007849,0.35132622718811035,0.000763
youtube-u-growth,SparsePush-DensePull,static-vertex-parallel,boolean-array,false,10,6.107738256454468,0.047928,1.2328970432281494,0.021625
dblp_coauthor,SparsePush-DensePull,static-vertex-parallel,boolean-array,false,10,18.369734525680542,0.043411,3.999673843383789,0.034883
roadNet-CA,SparsePush-DensePull,static-vertex-parallel,boolean-array,false,10,1.787865400314331,0.008388,0.3471951484680176,0.000753
youtube-u-growth,SparsePush-DensePull,static-vertex-parallel,bitvector,false,10,6.175601243972778,0.104505,1.2444183826446533,0.022887
soc-LiveJournal1,SparsePush-DensePull,static-vertex-parallel,bitvector,false,10,45.74822020530701,0.10019,9.388114213943481,0.151458
roadNet-CA,SparsePush-DensePull,static-vertex-parallel,bitvector,false,10,1.7865359783172607,0.014444,0.3516829013824463,0.000776
youtube-u-growth,SparsePush-DensePull,edge-aware-dynamic-vertex-parallel,boolean-array,false,10,6.143599987030029,0.083153,1.3753752708435059,0.168916
dblp_coauthor,SparsePush-DensePull,edge-aware-dynamic-vertex-parallel,boolean-array,false,10,19.028964519500732,0.062072,4.172338008880615,0.216276
orkut-links,SparsePush-DensePull,edge-aware-dynamic-vertex-parallel,boolean-array,false,10,73.812659740448,0.128399,15.490370988845825,0.804188
roadNet-CA,SparsePush-DensePull,edge-aware-dynamic-vertex-parallel,boolean-array,false,10,1.7769088745117188,0.004864,0.35033535957336426,0.00074
dblp_coauthor,SparsePush-DensePull,edge-aware-dynamic-vertex-parallel,bitvector,false,10,19.13492488861084,0.056788,4.165945291519165,0.213858
soc-LiveJournal1,SparsePush-DensePull,edge-aware-dynamic-vertex-parallel,bitvector,false,10,47.599756956100464,0.107187,10.16034722328186,0.938672
orkut-links,SparsePush-DensePull,edge-aware-dynamic-vertex-parallel,bitvector,false,10,76.28037810325623,0.126618,15.522971391677856,0.784152
roadNet-CA,SparsePush-DensePull,edge-aware-dynamic-vertex-parallel,bitvector,false,10,1.7489748001098633,0.004736,0.35129547119140625,0.000784
orkut-links,DensePull,serial,boolean-array,false,15,80.11527729034424,4.09266,16.885811805725098,2.01633
roadNet-CA,DensePull,serial,boolean-array,false,15,2.3857672214508057,0.609303,0.5879909992218018,0.238168
youtube-u-growth,DensePull,serial,bitvector,false,15,7.117599725723267,1.0403,1.72043776512146,0.494144
dblp_coauthor,DensePull,serial,bitvector,false,15,20.59915280342102,1.48636,4.673243761062622,0.674724
soc-LiveJournal1,DensePull,serial,bitvector,false,15,49.42686629295349,4.83226,11.663451433181763,2.34288
orkut-links,DensePull,serial,bitvector,false,15,79.77262210845947,3.7957,16.68735671043396,1.80714
soc-LiveJournal1,DensePull,dynamic-vertex-parallel,boolean-array,false,15,48.123400926589966,0.299432,9.634355545043945,0.336364
roadNet-CA,DensePull,dynamic-vertex-parallel,boolean-array,false,15,1.8766379356384277,0.112619,0.37646484375,0.02341
youtube-u-growth,DensePull,dynamic-vertex-parallel,bitvector,false,15,6.184467077255249,0.121031,1.2780895233154297,0.066235
dblp_coauthor,DensePull,dynamic-vertex-parallel,bitvector,false,15,19.250926971435547,0.123542,4.0732316970825195,0.09774
soc-LiveJournal1,DensePull,dynamic-vertex-parallel,bitvector,false,15,47.759949922561646,0.303946,9.62958312034607,0.36447
orkut-links,DensePull,dynamic-vertex-parallel,bitvector,false,15,73.50616550445557,0.185102,15.165265321731567,0.27538
roadNet-CA,DensePull,dynamic-vertex-parallel,bitvector,false,15,1.8634719848632812,0.11195,0.3768162727355957,0.027289
youtube-u-growth,DensePull,static-vertex-parallel,boolean-array,false,15,5.4378015995025635,0.119714,1.2874577045440674,0.063426
dblp_coauthor,DensePull,static-vertex-parallel,boolean-array,false,15,19.158124923706055,0.115495,4.057801961898804,0.090777
soc-LiveJournal1,DensePull,static-vertex-parallel,boolean-array,false,15,47.59524369239807,0.240347,9.576640844345093,0.330089
orkut-links,DensePull,static-vertex-parallel,boolean-array,false,15,76.25400710105896,0.216624,15.098223686218262,0.24307
roadNet-CA,DensePull,static-vertex-parallel,boolean-array,false,15,1.8730533123016357,0.111274,0.37284064292907715,0.023325
youtube-u-growth,DensePull,static-vertex-parallel,bitvector,false,15,5.939985275268555,0.131063,1.2761285305023193,0.064974
dblp_coauthor,DensePull,static-vertex-parallel,bitvector,false,15,18.13585877418518,0.171713,4.080902099609375,0.095366
orkut-links,DensePull,static-vertex-parallel,bitvector,false,15,76.25874924659729,0.204611,15.125975131988525,0.268952
youtube-u-growth,DensePull,edge-aware-dynamic-vertex-parallel,boolean-array,false,15,6.217165470123291,0.149264,1.7710652351379395,0.556482
dblp_coauthor,DensePull,edge-aware-dynamic-vertex-parallel,boolean-array,false,15,19.183124780654907,0.111541,4.721618890762329,0.739303
orkut-links,DensePull,edge-aware-dynamic-vertex-parallel,boolean-array,false,15,75.8999674320221,0.225801,16.92659902572632,2.0959
roadNet-CA,DensePull,edge-aware-dynamic-vertex-parallel,boolean-array,false,15,1.8773531913757324,0.116356,0.607996940612793,0.257111
youtube-u-growth,DensePull,edge-aware-dynamic-vertex-parallel,bitvector,false,15,6.226850748062134,0.151064,1.7636823654174805,0.551708
dblp_coauthor,DensePull,edge-aware-dynamic-vertex-parallel,bitvector,false,15,19.185611486434937,0.113139,4.734293460845947,0.778048
soc-LiveJournal1,DensePull,edge-aware-dynamic-vertex-parallel,bitvector,false,15,47.47317051887512,0.262682,11.927170991897583,2.66187
orkut-links,DensePull,edge-aware-dynamic-vertex-parallel,bitvector,false,15,76.6569311618805,0.212675,17.0657856464386,2.13918
dblp_coauthor,DensePull-SparsePush,serial,boolean-array,false,15,19.565757036209106,0.495642,4.17331862449646,0.213029
soc-LiveJournal1,DensePull-SparsePush,serial,boolean-array,false,15,49.48811388015747,1.93226,10.188147068023682,0.912671
orkut-links,DensePull-SparsePush,serial,boolean-array,false,15,77.990229845047,1.6032,15.626404047012329,0.765093
dblp_coauthor,DensePull-SparsePush,serial,bitvector,false,15,19.585169315338135,0.477391,4.186254262924194,0.215861
soc-LiveJournal1,DensePull-SparsePush,serial,bitvector,false,15,46.34162902832031,1.80573,10.17411994934082,0.899889
orkut-links,DensePull-SparsePush,serial,bitvector,false,15,77.85933256149292,1.54623,15.658358335494995,0.748512
youtube-u-growth,DensePull-SparsePush,dynamic-vertex-parallel,boolean-array,false,15,6.105952024459839,0.063074,1.2295498847961426,0.022813
dblp_coauthor,DensePull-SparsePush,dynamic-vertex-parallel,boolean-array,false,15,19.07607889175415,0.052316,4.009707927703857,0.032441
soc-LiveJournal1,DensePull-SparsePush,dynamic-vertex-parallel,boolean-array,false,15,47.52886700630188,0.103758,9.416766881942749,0.141454
orkut-links,DensePull-SparsePush,dynamic-vertex-parallel,boolean-array,false,15,73.85587668418884,0.097899,14.912774324417114,0.110341
roadNet-CA,DensePull-SparsePush,dynamic-vertex-parallel,boolean-array,false,15,1.7943329811096191,0.016443,0.3507349491119385,0.000825
youtube-u-growth,DensePull-SparsePush,dynamic-vertex-parallel,bitvector,false,15,6.3117334842681885,0.062189,1.239881992340088,0.025006
dblp_coauthor,DensePull-SparsePush,dynamic-vertex-parallel,bitvector,false,15,19.150453329086304,0.058431,4.021135091781616,0.033213
orkut-links,DensePull-SparsePush,dynamic-vertex-parallel,bitvector,false,15,76.49954605102539,0.094697,14.967350244522095,0.108473
roadNet-CA,DensePull-SparsePush,dynamic-vertex-parallel,bitvector,false,15,1.805180311203003,0.005308,0.35333895683288574,0.000781
youtube-u-growth,DensePull-SparsePush,static-vertex-parallel,boolean-array,false,15,6.1003639698028564,0.053093,1.2270865440368652,0.021947
dblp_coauthor,DensePull-SparsePush,static-vertex-parallel,boolean-array,false,15,19.06619882583618,0.078768,4.000136613845825,0.032718
soc-LiveJournal1,DensePull-SparsePush,static-vertex-parallel,boolean-array,false,15,47.55690121650696,0.121743,9.430517435073853,0.146704
orkut-links,DensePull-SparsePush,static-vertex-parallel,boolean-array,false,15,76.11023783683777,0.104099,14.991205215454102,0.112948
roadNet-CA,DensePull-SparsePush,static-vertex-parallel,boolean-array,false,15,1.7776379585266113,0.00486,0.3488764762878418,0.000708
youtube-u-growth,DensePull-SparsePush,static-vertex-parallel,bitvector,false,15,6.1204164028167725,0.059248,1.2392818927764893,0.023121
dblp_coauthor,DensePull-SparsePush,static-vertex-parallel,bitvector,false,15,19.06840419769287,0.050449,4.026018142700195,0.03321
soc-LiveJournal1,DensePull-SparsePush,static-vertex-parallel,bitvector,false,15,47.52906775474548,0.111705,9.446066617965698,0.140061
orkut-links,DensePull-SparsePush,static-vertex-parallel,bitvector,false,15,76.0728485584259,0.099381,14.93335747718811,0.106984
roadNet-CA,DensePull-SparsePush,static-vertex-parallel,bitvector,false,15,1.7942299842834473,0.018788,0.35160231590270996,0.000748
youtube-u-growth,DensePull-SparsePush,edge-aware-dynamic-vertex-parallel,boolean-array,false,15,6.157444000244141,0.087497,1.374314546585083,0.165465
dblp_coauthor,DensePull-SparsePush,edge-aware-dynamic-vertex-parallel,boolean-array,false,15,19.087958097457886,0.058086,4.183779239654541,0.216686
soc-LiveJournal1,DensePull-SparsePush,edge-aware-dynamic-vertex-parallel,boolean-array,false,15,47.41567921638489,0.1177,10.257628679275513,0.975134
orkut-links,DensePull-SparsePush,edge-aware-dynamic-vertex-parallel,boolean-array,false,15,76.09625959396362,0.12835,15.61971926689148,0.777954
roadNet-CA,DensePull-SparsePush,edge-aware-dynamic-vertex-parallel,boolean-array,false,15,1.7827374935150146,0.005817,0.35313963890075684,0.000856
youtube-u-growth,DensePull-SparsePush,edge-aware-dynamic-vertex-parallel,bitvector,false,15,6.17788028717041,0.101085,1.3859286308288574,0.16518
soc-LiveJournal1,DensePull-SparsePush,edge-aware-dynamic-vertex-parallel,bitvector,false,15,47.45668005943298,0.113208,10.22812271118164,0.958572
orkut-links,DensePull-SparsePush,edge-aware-dynamic-vertex-parallel,bitvector,false,15,76.01419591903687,0.123093,15.570075511932373,0.77833
youtube-u-growth,SparsePush-DensePull,serial,boolean-array,false,15,6.437648296356201,0.367732,1.3653383255004883,0.154119
dblp_coauthor,SparsePush-DensePull,serial,boolean-array,false,15,19.55615258216858,0.509916,4.200785875320435,0.213884
soc-LiveJournal1,SparsePush-DensePull,serial,boolean-array,false,15,49.545215368270874,1.9233,10.190511465072632,0.924959
orkut-links,SparsePush-DensePull,serial,boolean-array,false,15,77.71767687797546,1.69655,15.50410771369934,0.76009
roadNet-CA,SparsePush-DensePull,serial,boolean-array,false,15,1.7777509689331055,0.005367,0.3513650894165039,0.000683
youtube-u-growth,SparsePush-DensePull,serial,bitvector,false,15,6.439367294311523,0.370313,1.3631327152252197,0.150876
dblp_coauthor,SparsePush-DensePull,serial,bitvector,false,15,19.519323587417603,0.471683,4.188931226730347,0.215775
soc-LiveJournal1,SparsePush-DensePull,serial,bitvector,false,15,48.65411615371704,1.84002,10.185313701629639,0.892672
orkut-links,SparsePush-DensePull,serial,bitvector,false,15,77.49715375900269,1.55326,15.61691689491272,0.750928
youtube-u-growth,SparsePush-DensePull,dynamic-vertex-parallel,boolean-array,false,15,6.1273839473724365,0.078018,1.2310700416564941,0.022414
dblp_coauthor,SparsePush-DensePull,dynamic-vertex-parallel,boolean-array,false,15,19.09409737586975,0.05236,4.007614374160767,0.033134
soc-LiveJournal1,SparsePush-DensePull,dynamic-vertex-parallel,boolean-array,false,15,47.29366374015808,0.103568,9.381085395812988,0.145671
orkut-links,SparsePush-DensePull,dynamic-vertex-parallel,boolean-array,false,15,68.33730483055115,0.12288,14.871462106704712,0.114533
roadNet-CA,SparsePush-DensePull,dynamic-vertex-parallel,boolean-array,false,15,1.8876276016235352,0.004781,0.34918642044067383,0.000787
youtube-u-growth,SparsePush-DensePull,dynamic-vertex-parallel,bitvector,false,15,6.124823093414307,0.056935,1.2368953227996826,0.023192
dblp_coauthor,SparsePush-DensePull,dynamic-vertex-parallel,bitvector,false,15,19.118958950042725,0.053987,3.997386932373047,0.032614
soc-LiveJournal1,SparsePush-DensePull,dynamic-vertex-parallel,bitvector,false,15,47.666741371154785,0.134275,9.442235708236694,0.136715
orkut-links,SparsePush-DensePull,dynamic-vertex-parallel,bitvector,false,15,76.33428382873535,0.100378,14.92723560333252,0.108237
roadNet-CA,SparsePush-DensePull,dynamic-vertex-parallel,bitvector,false,15,1.7816450595855713,0.005041,0.34977221488952637,0.000752
youtube-u-growth,SparsePush-DensePull,static-vertex-parallel,boolean-array,false,15,5.813009262084961,0.095634,1.2323484420776367,0.022364
dblp_coauthor,SparsePush-DensePull,static-vertex-parallel,boolean-array,false,15,18.999289751052856,0.054048,3.9928972721099854,0.032915
soc-LiveJournal1,SparsePush-DensePull,static-vertex-parallel,boolean-array,false,15,47.650909662246704,0.100977,9.426722526550293,0.145028
orkut-links,SparsePush-DensePull,static-vertex-parallel,boolean-array,false,15,76.01772713661194,0.097184,14.861241579055786,0.112927
roadNet-CA,SparsePush-DensePull,static-vertex-parallel,boolean-array,false,15,1.781911849975586,0.004981,0.35042262077331543,0.000771
orkut-links,SparsePush-DensePull,static-vertex-parallel,bitvector,false,15,76.31366634368896,0.114245,15.012620449066162,0.106286
roadNet-CA,SparsePush-DensePull,static-vertex-parallel,bitvector,false,15,1.7795422077178955,0.004344,0.35074400901794434,0.000759
youtube-u-growth,SparsePush-DensePull,edge-aware-dynamic-vertex-parallel,boolean-array,false,15,6.047767162322998,0.084817,1.3840067386627197,0.168145
soc-LiveJournal1,SparsePush-DensePull,edge-aware-dynamic-vertex-parallel,boolean-array,false,15,47.45234131813049,0.114069,10.237643003463745,0.982943
orkut-links,SparsePush-DensePull,edge-aware-dynamic-vertex-parallel,boolean-array,false,15,76.13844418525696,0.1338,15.629767656326294,0.778715
roadNet-CA,SparsePush-DensePull,edge-aware-dynamic-vertex-parallel,boolean-array,false,15,1.785069227218628,0.005087,0.3504314422607422,0.000835
youtube-u-growth,SparsePush-DensePull,edge-aware-dynamic-vertex-parallel,bitvector,false,15,6.17263388633728,0.101838,1.3693318367004395,0.162987
dblp_coauthor,SparsePush-DensePull,edge-aware-dynamic-vertex-parallel,bitvector,false,15,19.0882306098938,0.057843,4.197677135467529,0.215966
soc-LiveJournal1,SparsePush-DensePull,edge-aware-dynamic-vertex-parallel,bitvector,false,15,47.719667196273804,0.122857,10.225467920303345,0.957548
orkut-links,SparsePush-DensePull,edge-aware-dynamic-vertex-parallel,bitvector,false,15,76.4472963809967,0.139162,15.642208814620972,0.769544
roadNet-CA,SparsePush-DensePull,edge-aware-dynamic-vertex-parallel,bitvector,false,15,1.775345802307129,0.005033,0.3494243621826172,0.000719
dblp_coauthor,DensePull,serial,boolean-array,false,20,20.671929597854614,1.62625,4.681602478027344,0.711304
soc-LiveJournal1,DensePull,serial,boolean-array,false,20,53.05087327957153,5.48501,11.872501373291016,2.57156
orkut-links,DensePull,serial,boolean-array,false,20,80.6077971458435,4.34477,16.922633409500122,2.09906
roadNet-CA,DensePull,serial,boolean-array,false,20,2.3692469596862793,0.581726,0.5872423648834229,0.237618
youtube-u-growth,DensePull,serial,bitvector,false,20,7.406484365463257,1.09078,1.6933579444885254,0.482903
dblp_coauthor,DensePull,serial,bitvector,false,20,20.52694869041443,1.47529,4.678842544555664,0.686901
soc-LiveJournal1,DensePull,serial,bitvector,false,20,52.193686962127686,4.96198,11.714287519454956,2.40295
orkut-links,DensePull,serial,bitvector,false,20,80.55884265899658,4.01267,16.823522090911865,1.87799
roadNet-CA,DensePull,serial,bitvector,false,20,2.344804048538208,0.558686,0.600318431854248,0.251071
youtube-u-growth,DensePull,dynamic-vertex-parallel,boolean-array,false,20,6.226324558258057,0.126916,1.2724316120147705,0.062646
dblp_coauthor,DensePull,dynamic-vertex-parallel,boolean-array,false,20,19.199487924575806,0.120692,4.054293155670166,0.088321
roadNet-CA,DensePull,dynamic-vertex-parallel,boolean-array,false,20,1.8826522827148438,0.122574,0.3735005855560303,0.023639
dblp_coauthor,DensePull,dynamic-vertex-parallel,bitvector,false,20,19.20611834526062,0.124751,4.082379341125488,0.092191
orkut-links,DensePull,dynamic-vertex-parallel,bitvector,false,20,76.82452821731567,0.211935,15.173798561096191,0.291168
roadNet-CA,DensePull,dynamic-vertex-parallel,bitvector,false,20,1.9036550521850586,0.130171,0.3782918453216553,0.028088
youtube-u-growth,DensePull,static-vertex-parallel,boolean-array,false,20,6.1991472244262695,0.146102,1.2829618453979492,0.062479
dblp_coauthor,DensePull,static-vertex-parallel,boolean-array,false,20,19.214088201522827,0.125832,4.080507040023804,0.088431
soc-LiveJournal1,DensePull,static-vertex-parallel,boolean-array,false,20,47.869653940200806,0.264796,9.603312969207764,0.323595
youtube-u-growth,DensePull,static-vertex-parallel,bitvector,false,20,6.204944133758545,0.145769,1.2806236743927002,0.065598
dblp_coauthor,DensePull,static-vertex-parallel,bitvector,false,20,19.246787071228027,0.122446,4.064045667648315,0.094083
soc-LiveJournal1,DensePull,static-vertex-parallel,bitvector,false,20,47.90994572639465,0.274684,9.654892683029175,0.357931
roadNet-CA,DensePull,static-vertex-parallel,bitvector,false,20,1.957329511642456,0.187122,0.37732934951782227,0.027798
youtube-u-growth,DensePull,edge-aware-dynamic-vertex-parallel,boolean-array,false,20,6.258847713470459,0.178471,1.768535852432251,0.55341
soc-LiveJournal1,DensePull,edge-aware-dynamic-vertex-parallel,boolean-array,false,20,47.96137285232544,0.3209,11.977047204971313,2.68056
dblp_coauthor,DensePull,edge-aware-dynamic-vertex-parallel,bitvector,false,20,19.146976470947266,0.133654,4.787441253662109,0.79187
soc-LiveJournal1,DensePull,edge-aware-dynamic-vertex-parallel,bitvector,false,20,47.71176791191101,0.270595,12.054334878921509,2.76496
orkut-links,DensePull,edge-aware-dynamic-vertex-parallel,bitvector,false,20,76.73474311828613,0.336092,17.142498254776,2.22895
roadNet-CA,DensePull,edge-aware-dynamic-vertex-parallel,bitvector,false,20,1.9028294086456299,0.144241,0.6141879558563232,0.265076
youtube-u-growth,DensePull-SparsePush,serial,boolean-array,false,20,6.493633270263672,0.414371,1.3665049076080322,0.146953
dblp_coauthor,DensePull-SparsePush,serial,boolean-array,false,20,19.46742081642151,0.489744,4.208944797515869,0.213367
orkut-links,DensePull-SparsePush,serial,boolean-array,false,20,78.16824746131897,1.68798,15.601673126220703,0.767829
roadNet-CA,DensePull-SparsePush,serial,boolean-array,false,20,1.7965259552001953,0.005209,0.3504669666290283,0.000733
dblp_coauthor,DensePull-SparsePush,serial,bitvector,false,20,19.574585676193237,0.485716,4.184023857116699,0.218846
roadNet-CA,DensePull-SparsePush,serial,bitvector,false,20,1.7771446704864502,0.005938,0.3523445129394531,0.00071
dblp_coauthor,DensePull-SparsePush,dynamic-vertex-parallel,boolean-array,false,20,19.06459617614746,0.052716,4.014834642410278,0.031516
soc-LiveJournal1,DensePull-SparsePush,dynamic-vertex-parallel,boolean-array,false,20,47.3564772605896,0.108243,9.441500663757324,0.133155
orkut-links,DensePull-SparsePush,dynamic-vertex-parallel,boolean-array,false,20,76.43102264404297,0.09915,15.05306339263916,0.114082
roadNet-CA,DensePull-SparsePush,dynamic-vertex-parallel,boolean-array,false,20,1.7797284126281738,0.005222,0.3476095199584961,0.000773
youtube-u-growth,DensePull-SparsePush,dynamic-vertex-parallel,bitvector,false,20,6.060770273208618,0.069831,1.2393693923950195,0.022727
dblp_coauthor,DensePull-SparsePush,dynamic-vertex-parallel,bitvector,false,20,19.08434772491455,0.054811,4.010562896728516,0.032554
roadNet-CA,DensePull-SparsePush,dynamic-vertex-parallel,bitvector,false,20,1.779595136642456,0.005464,0.350832462310791,0.000751
youtube-u-growth,DensePull-SparsePush,static-vertex-parallel,boolean-array,false,20,6.127238750457764,0.059759,1.2369136810302734,0.022786
dblp_coauthor,DensePull-SparsePush,static-vertex-parallel,boolean-array,false,20,19.01341223716736,0.053312,3.997488260269165,0.032145
soc-LiveJournal1,DensePull-SparsePush,static-vertex-parallel,boolean-array,false,20,47.47965478897095,0.10763,9.441929817199707,0.135131
youtube-u-growth,DensePull-SparsePush,static-vertex-parallel,bitvector,false,20,6.136114597320557,0.066435,1.2413442134857178,0.022833
dblp_coauthor,DensePull-SparsePush,static-vertex-parallel,bitvector,false,20,19.16413426399231,0.064107,4.014537572860718,0.031896
soc-LiveJournal1,DensePull-SparsePush,static-vertex-parallel,bitvector,false,20,47.8043692111969,0.110719,9.482012748718262,0.129324
orkut-links,DensePull-SparsePush,static-vertex-parallel,bitvector,false,20,73.55212759971619,0.119589,15.106780290603638,0.110243
youtube-u-growth,DensePull-SparsePush,edge-aware-dynamic-vertex-parallel,boolean-array,false,20,6.13498067855835,0.095581,1.3738412857055664,0.160215
dblp_coauthor,DensePull-SparsePush,edge-aware-dynamic-vertex-parallel,boolean-array,false,20,19.081488847732544,0.075956,4.21198296546936,0.218948
soc-LiveJournal1,DensePull-SparsePush,edge-aware-dynamic-vertex-parallel,boolean-array,false,20,47.417951345443726,0.128267,10.287905931472778,0.990027
orkut-links,DensePull-SparsePush,edge-aware-dynamic-vertex-parallel,boolean-array,false,20,75.70643925666809,0.146357,15.673429012298584,0.790505
roadNet-CA,DensePull-SparsePush,edge-aware-dynamic-vertex-parallel,boolean-array,false,20,1.2764127254486084,0.004983,0.349590539932251,0.000819
youtube-u-growth,DensePull-SparsePush,edge-aware-dynamic-vertex-parallel,bitvector,false,20,5.523343086242676,0.091065,1.372265100479126,0.157028
dblp_coauthor,DensePull-SparsePush,edge-aware-dynamic-vertex-parallel,bitvector,false,20,19.157852172851562,0.060464,4.2064127922058105,0.218299
soc-LiveJournal1,DensePull-SparsePush,edge-aware-dynamic-vertex-parallel,bitvector,false,20,47.7377188205719,0.122704,10.226516246795654,0.960431
orkut-links,DensePull-SparsePush,edge-aware-dynamic-vertex-parallel,bitvector,false,20,76.72687578201294,0.145807,15.645167350769043,0.782396
roadNet-CA,DensePull-SparsePush,edge-aware-dynamic-vertex-parallel,bitvector,false,20,1.732621431350708,0.007362,0.34946298599243164,0.000735
youtube-u-growth,SparsePush-DensePull,serial,boolean-array,false,20,6.3994176387786865,0.353415,1.3727900981903076,0.152255
dblp_coauthor,SparsePush-DensePull,serial,boolean-array,false,20,19.490007400512695,0.501789,4.195585012435913,0.216631
soc-LiveJournal1,SparsePush-DensePull,serial,boolean-array,false,20,49.28165674209595,1.91362,10.19861102104187,0.903005
orkut-links,SparsePush-DensePull,serial,boolean-array,false,20,78.04827880859375,1.63386,15.658162117004395,0.760951
roadNet-CA,SparsePush-DensePull,serial,boolean-array,false,20,1.7740716934204102,0.005542,0.3493075370788574,0.000661
youtube-u-growth,SparsePush-DensePull,serial,bitvector,false,20,6.3686957359313965,0.362556,1.366379976272583,0.148143
dblp_coauthor,SparsePush-DensePull,serial,bitvector,false,20,19.605936288833618,0.470448,4.206108331680298,0.219095
soc-LiveJournal1,SparsePush-DensePull,serial,bitvector,false,20,49.21822810173035,1.8577,10.155561447143555,0.886851
orkut-links,SparsePush-DensePull,serial,bitvector,false,20,78.22885322570801,1.57211,15.7568678855896,0.757484
roadNet-CA,SparsePush-DensePull,serial,bitvector,false,20,1.7758424282073975,0.004519,0.34845495223999023,0.000679
dblp_coauthor,SparsePush-DensePull,dynamic-vertex-parallel,boolean-array,false,20,19.222771406173706,0.059082,3.997745990753174,0.031536
soc-LiveJournal1,SparsePush-DensePull,dynamic-vertex-parallel,boolean-array,false,20,46.44361400604248,0.107095,9.447808265686035,0.133707
orkut-links,SparsePush-DensePull,dynamic-vertex-parallel,boolean-array,false,20,76.44084119796753,0.103764,15.047089576721191,0.110536
roadNet-CA,SparsePush-DensePull,dynamic-vertex-parallel,boolean-array,false,20,1.79351806640625,0.005414,0.34935951232910156,0.000763
dblp_coauthor,SparsePush-DensePull,dynamic-vertex-parallel,bitvector,false,20,19.320401191711426,0.068088,4.009191513061523,0.031968
soc-LiveJournal1,SparsePush-DensePull,dynamic-vertex-parallel,bitvector,false,20,47.66907620429993,0.114606,9.448703527450562,0.130006
orkut-links,SparsePush-DensePull,dynamic-vertex-parallel,bitvector,false,20,76.43430042266846,0.104555,15.03184199333191,0.110307
roadNet-CA,SparsePush-DensePull,dynamic-vertex-parallel,bitvector,false,20,1.8899123668670654,0.004658,0.3510143756866455,0.000779
youtube-u-growth,SparsePush-DensePull,static-vertex-parallel,boolean-array,false,20,6.147494077682495,0.082486,1.2447280883789062,0.022987
dblp_coauthor,SparsePush-DensePull,static-vertex-parallel,boolean-array,false,20,19.06683659553528,0.055156,4.012030839920044,0.032198
soc-LiveJournal1,SparsePush-DensePull,static-vertex-parallel,boolean-array,false,20,47.45063614845276,0.106524,9.454076766967773,0.132323
youtube-u-growth,SparsePush-DensePull,static-vertex-parallel,bitvector,false,20,6.137174367904663,0.056676,1.2416024208068848,0.023193
dblp_coauthor,SparsePush-DensePull,static-vertex-parallel,bitvector,false,20,19.109384298324585,0.060589,4.017282724380493,0.033192
soc-LiveJournal1,SparsePush-DensePull,static-vertex-parallel,bitvector,false,20,48.62193274497986,0.113131,9.443182229995728,0.129707
orkut-links,SparsePush-DensePull,static-vertex-parallel,bitvector,false,20,76.48721599578857,0.092411,15.068593263626099,0.110121
roadNet-CA,SparsePush-DensePull,static-vertex-parallel,bitvector,false,20,1.7609667778015137,0.004301,0.3521091938018799,0.00073
youtube-u-growth,SparsePush-DensePull,edge-aware-dynamic-vertex-parallel,boolean-array,false,20,6.158385515213013,0.086889,1.3807311058044434,0.164481
soc-LiveJournal1,SparsePush-DensePull,edge-aware-dynamic-vertex-parallel,boolean-array,false,20,47.57296586036682,0.130139,10.286308288574219,0.974275
orkut-links,SparsePush-DensePull,edge-aware-dynamic-vertex-parallel,boolean-array,false,20,77.14462661743164,0.130368,15.675922393798828,0.796129
youtube-u-growth,SparsePush-DensePull,edge-aware-dynamic-vertex-parallel,bitvector,false,20,6.158414840698242,0.091426,1.369877815246582,0.162293
dblp_coauthor,SparsePush-DensePull,edge-aware-dynamic-vertex-parallel,bitvector,false,20,19.17586660385132,0.063671,4.201733112335205,0.219712
roadNet-CA,SparsePush-DensePull,edge-aware-dynamic-vertex-parallel,bitvector,false,20,1.7797033786773682,0.005668,0.34957027435302734,0.000752
