youtube-u-growth,SparsePush,serial,boolean-array,false,0,1.2161955833435059,0.138516
youtube-u-growth,SparsePush,dynamic-vertex-parallel,boolean-array,false,0,1.1095712184906006,0.041936
youtube-u-growth,SparsePush,static-vertex-parallel,boolean-array,false,0,1.1091442108154297,0.042531
youtube-u-growth,DensePull,serial,boolean-array,false,0,1.198885202407837,0.127945
youtube-u-growth,DensePull,serial,bitvector,false,0,1.1877906322479248,0.114081
youtube-u-growth,DensePull,dynamic-vertex-parallel,boolean-array,false,0,1.0779309272766113,0.014803
youtube-u-growth,DensePull,dynamic-vertex-parallel,bitvector,false,0,1.1046056747436523,0.02036
youtube-u-growth,DensePull,static-vertex-parallel,boolean-array,false,0,1.0992796421051025,0.015746
youtube-u-growth,DensePull,static-vertex-parallel,bitvector,false,0,1.1003918647766113,0.020022
youtube-u-growth,DensePull,edge-aware-dynamic-vertex-parallel,boolean-array,false,0,1.2592699527740479,0.166764
youtube-u-growth,DensePull,edge-aware-dynamic-vertex-parallel,bitvector,false,0,1.231168508529663,0.149843
youtube-u-growth,DensePull-SparsePush,serial,boolean-array,false,0,1.138908863067627,0.058204
youtube-u-growth,DensePull-SparsePush,serial,bitvector,false,0,1.1337110996246338,0.050805
youtube-u-growth,DensePull-SparsePush,dynamic-vertex-parallel,boolean-array,false,0,1.0973007678985596,0.010158
youtube-u-growth,DensePull-SparsePush,dynamic-vertex-parallel,bitvector,false,0,1.0947017669677734,0.010983
youtube-u-growth,DensePull-SparsePush,static-vertex-parallel,boolean-array,false,0,1.0922167301177979,0.010388
youtube-u-growth,DensePull-SparsePush,static-vertex-parallel,bitvector,false,0,1.0832793712615967,0.010728
youtube-u-growth,DensePull-SparsePush,edge-aware-dynamic-vertex-parallel,boolean-array,false,0,1.1473057270050049,0.066381
youtube-u-growth,DensePull-SparsePush,edge-aware-dynamic-vertex-parallel,bitvector,false,0,1.1359355449676514,0.059856
youtube-u-growth,SparsePush-DensePull,serial,boolean-array,false,0,1.1332142353057861,0.056441
youtube-u-growth,SparsePush-DensePull,serial,bitvector,false,0,1.1281497478485107,0.050625
youtube-u-growth,SparsePush-DensePull,dynamic-vertex-parallel,boolean-array,false,0,1.0910465717315674,0.01018
youtube-u-growth,SparsePush-DensePull,dynamic-vertex-parallel,bitvector,false,0,1.0969891548156738,0.01087
youtube-u-growth,SparsePush-DensePull,static-vertex-parallel,boolean-array,false,0,1.085414171218872,0.01031
youtube-u-growth,SparsePush-DensePull,static-vertex-parallel,bitvector,false,0,1.090541124343872,0.01068
youtube-u-growth,SparsePush-DensePull,edge-aware-dynamic-vertex-parallel,boolean-array,false,0,1.1588001251220703,0.070064
youtube-u-growth,SparsePush-DensePull,edge-aware-dynamic-vertex-parallel,bitvector,false,0,1.1397051811218262,0.060212
youtube-u-growth,DensePush-SparsePush,serial,boolean-array,false,0,1.1706674098968506,0.086176
youtube-u-growth,DensePush-SparsePush,dynamic-vertex-parallel,boolean-array,false,0,1.146852731704712,0.065888
youtube-u-growth,DensePush-SparsePush,static-vertex-parallel,boolean-array,false,0,1.147296667098999,0.063356
youtube-u-growth,DensePull,serial,boolean-array,false,5,1.3089306354522705,0.162859
youtube-u-growth,DensePull,serial,bitvector,false,5,1.3035244941711426,0.158266
youtube-u-growth,DensePull,dynamic-vertex-parallel,boolean-array,false,5,1.1776010990142822,0.020418
youtube-u-growth,DensePull,dynamic-vertex-parallel,bitvector,false,5,1.1773650646209717,0.025711
youtube-u-growth,DensePull,static-vertex-parallel,boolean-array,false,5,1.1717731952667236,0.020566
youtube-u-growth,DensePull,static-vertex-parallel,bitvector,false,5,1.1906976699829102,0.025425
youtube-u-growth,DensePull,edge-aware-dynamic-vertex-parallel,boolean-array,false,5,1.3308589458465576,0.177872
youtube-u-growth,DensePull,edge-aware-dynamic-vertex-parallel,bitvector,false,5,1.3385164737701416,0.179516
youtube-u-growth,DensePull-SparsePush,serial,boolean-array,false,5,1.2230048179626465,0.065989
youtube-u-growth,DensePull-SparsePush,serial,bitvector,false,5,1.2225890159606934,0.067202
youtube-u-growth,DensePull-SparsePush,dynamic-vertex-parallel,boolean-array,false,5,1.1617615222930908,0.012021
youtube-u-growth,DensePull-SparsePush,dynamic-vertex-parallel,bitvector,false,5,1.1659908294677734,0.013205
youtube-u-growth,DensePull-SparsePush,static-vertex-parallel,boolean-array,false,5,1.167161464691162,0.011501
youtube-u-growth,DensePull-SparsePush,static-vertex-parallel,bitvector,false,5,1.168449878692627,0.012992
youtube-u-growth,DensePull-SparsePush,edge-aware-dynamic-vertex-parallel,boolean-array,false,5,1.2246713638305664,0.074165
youtube-u-growth,DensePull-SparsePush,edge-aware-dynamic-vertex-parallel,bitvector,false,5,1.2205700874328613,0.072979
youtube-u-growth,SparsePush-DensePull,serial,boolean-array,false,5,1.224879503250122,0.065096
youtube-u-growth,SparsePush-DensePull,serial,bitvector,false,5,1.2183372974395752,0.06514
youtube-u-growth,SparsePush-DensePull,dynamic-vertex-parallel,boolean-array,false,5,1.170128583908081,0.011684
youtube-u-growth,SparsePush-DensePull,dynamic-vertex-parallel,bitvector,false,5,1.1594293117523193,0.012699
youtube-u-growth,SparsePush-DensePull,static-vertex-parallel,boolean-array,false,5,1.1626994609832764,0.011897
youtube-u-growth,SparsePush-DensePull,static-vertex-parallel,bitvector,false,5,1.1671879291534424,0.012854
youtube-u-growth,SparsePush-DensePull,edge-aware-dynamic-vertex-parallel,boolean-array,false,5,1.22877836227417,0.074957
youtube-u-growth,SparsePush-DensePull,edge-aware-dynamic-vertex-parallel,bitvector,false,5,1.2180590629577637,0.072349
youtube-u-growth,DensePull,serial,boolean-array,false,10,1.3297533988952637,0.173043
youtube-u-growth,DensePull,serial,bitvector,false,10,1.342104434967041,0.181037
youtube-u-growth,DensePull,dynamic-vertex-parallel,boolean-array,false,10,1.1844840049743652,0.023174
youtube-u-growth,DensePull,dynamic-vertex-parallel,bitvector,false,10,1.1890263557434082,0.026695
youtube-u-growth,DensePull,static-vertex-parallel,boolean-array,false,10,1.1844375133514404,0.021799
youtube-u-growth,DensePull,static-vertex-parallel,bitvector,false,10,1.1971075534820557,0.026862
youtube-u-growth,DensePull,edge-aware-dynamic-vertex-parallel,boolean-array,false,10,1.3466007709503174,0.193355
youtube-u-growth,DensePull,edge-aware-dynamic-vertex-parallel,bitvector,false,10,1.3582167625427246,0.20274
youtube-u-growth,DensePull-SparsePush,serial,boolean-array,false,10,1.2242352962493896,0.065641
youtube-u-growth,DensePull-SparsePush,serial,bitvector,false,10,1.2246336936950684,0.066979
youtube-u-growth,DensePull-SparsePush,dynamic-vertex-parallel,boolean-array,false,10,1.1665339469909668,0.011172
youtube-u-growth,DensePull-SparsePush,dynamic-vertex-parallel,bitvector,false,10,1.1735284328460693,0.013352
youtube-u-growth,DensePull-SparsePush,static-vertex-parallel,boolean-array,false,10,1.1712377071380615,0.011844
youtube-u-growth,DensePull-SparsePush,static-vertex-parallel,bitvector,false,10,1.1686768531799316,0.012704
youtube-u-growth,DensePull-SparsePush,edge-aware-dynamic-vertex-parallel,boolean-array,false,10,1.239823579788208,0.077725
youtube-u-growth,DensePull-SparsePush,edge-aware-dynamic-vertex-parallel,bitvector,false,10,1.2355577945709229,0.076721
youtube-u-growth,SparsePush-DensePull,serial,boolean-array,false,10,1.2250025272369385,0.066845
youtube-u-growth,SparsePush-DensePull,serial,bitvector,false,10,1.2251899242401123,0.068289
youtube-u-growth,SparsePush-DensePull,dynamic-vertex-parallel,boolean-array,false,10,1.1697978973388672,0.011658
youtube-u-growth,SparsePush-DensePull,dynamic-vertex-parallel,bitvector,false,10,1.1680529117584229,0.01248
youtube-u-growth,SparsePush-DensePull,static-vertex-parallel,boolean-array,false,10,1.1715469360351562,0.011456
youtube-u-growth,SparsePush-DensePull,static-vertex-parallel,bitvector,false,10,1.1718215942382812,0.012596
youtube-u-growth,SparsePush-DensePull,edge-aware-dynamic-vertex-parallel,boolean-array,false,10,1.239257574081421,0.077773
youtube-u-growth,SparsePush-DensePull,edge-aware-dynamic-vertex-parallel,bitvector,false,10,1.2338135242462158,0.075242
youtube-u-growth,DensePull,serial,boolean-array,false,15,1.3535797595977783,0.194167
youtube-u-growth,DensePull,serial,bitvector,false,15,1.3559629917144775,0.194712
youtube-u-growth,DensePull,dynamic-vertex-parallel,boolean-array,false,15,1.1823492050170898,0.024316
youtube-u-growth,DensePull,dynamic-vertex-parallel,bitvector,false,15,1.1853077411651611,0.029674
youtube-u-growth,DensePull,static-vertex-parallel,boolean-array,false,15,1.1956872940063477,0.025403
youtube-u-growth,DensePull,static-vertex-parallel,bitvector,false,15,1.18916654586792,0.02946
youtube-u-growth,DensePull,edge-aware-dynamic-vertex-parallel,boolean-array,false,15,1.3647098541259766,0.206034
youtube-u-growth,DensePull,edge-aware-dynamic-vertex-parallel,bitvector,false,15,1.3662025928497314,0.211749
youtube-u-growth,DensePull-SparsePush,serial,boolean-array,false,15,1.2421772480010986,0.0719
youtube-u-growth,DensePull-SparsePush,serial,bitvector,false,15,1.2338004112243652,0.073345
youtube-u-growth,DensePull-SparsePush,dynamic-vertex-parallel,boolean-array,false,15,1.1749989986419678,0.011523
youtube-u-growth,DensePull-SparsePush,dynamic-vertex-parallel,bitvector,false,15,1.1793005466461182,0.013242
youtube-u-growth,DensePull-SparsePush,static-vertex-parallel,boolean-array,false,15,1.169846534729004,0.011597
youtube-u-growth,DensePull-SparsePush,static-vertex-parallel,bitvector,false,15,1.1762847900390625,0.0132
youtube-u-growth,DensePull-SparsePush,edge-aware-dynamic-vertex-parallel,boolean-array,false,15,1.2398788928985596,0.07912
youtube-u-growth,DensePull-SparsePush,edge-aware-dynamic-vertex-parallel,bitvector,false,15,1.241541862487793,0.07897
youtube-u-growth,SparsePush-DensePull,serial,boolean-array,false,15,1.242403268814087,0.070114
youtube-u-growth,SparsePush-DensePull,serial,bitvector,false,15,1.235316514968872,0.073811
youtube-u-growth,SparsePush-DensePull,dynamic-vertex-parallel,boolean-array,false,15,1.1681571006774902,0.011662
youtube-u-growth,SparsePush-DensePull,dynamic-vertex-parallel,bitvector,false,15,1.1689860820770264,0.012847
youtube-u-growth,SparsePush-DensePull,static-vertex-parallel,boolean-array,false,15,1.176520824432373,0.011749
youtube-u-growth,SparsePush-DensePull,static-vertex-parallel,bitvector,false,15,1.1686077117919922,0.013061
youtube-u-growth,SparsePush-DensePull,edge-aware-dynamic-vertex-parallel,boolean-array,false,15,1.2373135089874268,0.079418
youtube-u-growth,SparsePush-DensePull,edge-aware-dynamic-vertex-parallel,bitvector,false,15,1.2449321746826172,0.081151
youtube-u-growth,DensePull,serial,boolean-array,false,20,1.3606832027435303,0.20047
youtube-u-growth,DensePull,serial,bitvector,false,20,1.369541883468628,0.210635
youtube-u-growth,DensePull,dynamic-vertex-parallel,boolean-array,false,20,1.1864657402038574,0.026091
youtube-u-growth,DensePull,dynamic-vertex-parallel,bitvector,false,20,1.1978557109832764,0.030818
youtube-u-growth,DensePull,static-vertex-parallel,boolean-array,false,20,1.20001220703125,0.027047
youtube-u-growth,DensePull,static-vertex-parallel,bitvector,false,20,1.18684720993042,0.031014
youtube-u-growth,DensePull,edge-aware-dynamic-vertex-parallel,boolean-array,false,20,1.381781816482544,0.225144
youtube-u-growth,DensePull,edge-aware-dynamic-vertex-parallel,bitvector,false,20,1.3912684917449951,0.22275
youtube-u-growth,DensePull-SparsePush,serial,boolean-array,false,20,1.2399981021881104,0.073491
youtube-u-growth,DensePull-SparsePush,serial,bitvector,false,20,1.2398347854614258,0.074409
youtube-u-growth,DensePull-SparsePush,dynamic-vertex-parallel,boolean-array,false,20,1.170112133026123,0.012122
youtube-u-growth,DensePull-SparsePush,dynamic-vertex-parallel,bitvector,false,20,1.1777281761169434,0.013626
youtube-u-growth,DensePull-SparsePush,static-vertex-parallel,boolean-array,false,20,1.172173261642456,0.0127
youtube-u-growth,DensePull-SparsePush,static-vertex-parallel,bitvector,false,20,1.171354055404663,0.013298
youtube-u-growth,DensePull-SparsePush,edge-aware-dynamic-vertex-parallel,boolean-array,false,20,1.242427110671997,0.084186
youtube-u-growth,DensePull-SparsePush,edge-aware-dynamic-vertex-parallel,bitvector,false,20,1.2407865524291992,0.083863
youtube-u-growth,SparsePush-DensePull,serial,boolean-array,false,20,1.2353029251098633,0.074503
youtube-u-growth,SparsePush-DensePull,serial,bitvector,false,20,1.237694501876831,0.076122
youtube-u-growth,SparsePush-DensePull,dynamic-vertex-parallel,boolean-array,false,20,1.1830484867095947,0.012094
youtube-u-growth,SparsePush-DensePull,dynamic-vertex-parallel,bitvector,false,20,1.1758325099945068,0.013414
youtube-u-growth,SparsePush-DensePull,static-vertex-parallel,boolean-array,false,20,1.172703742980957,0.012
youtube-u-growth,SparsePush-DensePull,static-vertex-parallel,bitvector,false,20,1.1704638004302979,0.013398
youtube-u-growth,SparsePush-DensePull,edge-aware-dynamic-vertex-parallel,boolean-array,false,20,1.2436087131500244,0.083234
youtube-u-growth,SparsePush-DensePull,edge-aware-dynamic-vertex-parallel,bitvector,false,20,1.2369675636291504,0.081223
dblp_coauthor,SparsePush,serial,boolean-array,false,0,3.821138620376587,0.219478
dblp_coauthor,SparsePush,dynamic-vertex-parallel,boolean-array,false,0,3.6353139877319336,0.038105
dblp_coauthor,SparsePush,static-vertex-parallel,boolean-array,false,0,3.6399965286254883,0.041797
dblp_coauthor,DensePull,serial,boolean-array,false,0,3.780348539352417,0.188867
dblp_coauthor,DensePull,serial,bitvector,false,0,3.7817156314849854,0.154661
dblp_coauthor,DensePull,dynamic-vertex-parallel,boolean-array,false,0,3.6265692710876465,0.028391
dblp_coauthor,DensePull,dynamic-vertex-parallel,bitvector,false,0,3.6570184230804443,0.021103
dblp_coauthor,DensePull,static-vertex-parallel,boolean-array,false,0,3.645965099334717,0.027339
dblp_coauthor,DensePull,static-vertex-parallel,bitvector,false,0,3.664738655090332,0.021916
dblp_coauthor,DensePull,edge-aware-dynamic-vertex-parallel,boolean-array,false,0,3.8592188358306885,0.235459
dblp_coauthor,DensePull,edge-aware-dynamic-vertex-parallel,bitvector,false,0,3.8154311180114746,0.181288
dblp_coauthor,DensePull-SparsePush,serial,boolean-array,false,0,3.6868622303009033,0.05322
dblp_coauthor,DensePull-SparsePush,serial,bitvector,false,0,3.690154790878296,0.051564
dblp_coauthor,DensePull-SparsePush,dynamic-vertex-parallel,boolean-array,false,0,3.648787498474121,0.009472
dblp_coauthor,DensePull-SparsePush,dynamic-vertex-parallel,bitvector,false,0,3.639333486557007,0.009715
dblp_coauthor,DensePull-SparsePush,static-vertex-parallel,boolean-array,false,0,3.6492373943328857,0.009043
dblp_coauthor,DensePull-SparsePush,static-vertex-parallel,bitvector,false,0,3.6477115154266357,0.009405
dblp_coauthor,DensePull-SparsePush,edge-aware-dynamic-vertex-parallel,boolean-array,false,0,3.6850779056549072,0.058604
dblp_coauthor,DensePull-SparsePush,edge-aware-dynamic-vertex-parallel,bitvector,false,0,3.694756269454956,0.051133
dblp_coauthor,SparsePush-DensePull,serial,boolean-array,false,0,3.694739580154419,0.056031
dblp_coauthor,SparsePush-DensePull,serial,bitvector,false,0,3.6829190254211426,0.052079
dblp_coauthor,SparsePush-DensePull,dynamic-vertex-parallel,boolean-array,false,0,3.640784502029419,0.008904
dblp_coauthor,SparsePush-DensePull,dynamic-vertex-parallel,bitvector,false,0,3.632114887237549,0.009609
dblp_coauthor,SparsePush-DensePull,static-vertex-parallel,boolean-array,false,0,3.6423046588897705,0.008676
dblp_coauthor,SparsePush-DensePull,static-vertex-parallel,bitvector,false,0,3.637723445892334,0.009804
dblp_coauthor,SparsePush-DensePull,edge-aware-dynamic-vertex-parallel,boolean-array,false,0,3.6810882091522217,0.056219
dblp_coauthor,SparsePush-DensePull,edge-aware-dynamic-vertex-parallel,bitvector,false,0,3.669912338256836,0.052815
dblp_coauthor,DensePush-SparsePush,serial,boolean-array,false,0,3.709449291229248,0.090684
dblp_coauthor,DensePush-SparsePush,dynamic-vertex-parallel,boolean-array,false,0,3.681746482849121,0.055617
dblp_coauthor,DensePush-SparsePush,static-vertex-parallel,boolean-array,false,0,3.6669394969940186,0.05556
dblp_coauthor,DensePull,serial,boolean-array,false,5,4.012532949447632,0.263774
dblp_coauthor,DensePull,serial,bitvector,false,5,3.9932849407196045,0.226843
dblp_coauthor,DensePull,dynamic-vertex-parallel,boolean-array,false,5,3.8112382888793945,0.027132
dblp_coauthor,DensePull,dynamic-vertex-parallel,bitvector,false,5,3.778916597366333,0.02829
dblp_coauthor,DensePull,static-vertex-parallel,boolean-array,false,5,3.792234182357788,0.027265
dblp_coauthor,DensePull,static-vertex-parallel,bitvector,false,5,3.7660892009735107,0.030043
dblp_coauthor,DensePull,edge-aware-dynamic-vertex-parallel,boolean-array,false,5,3.9851198196411133,0.257232
dblp_coauthor,DensePull,edge-aware-dynamic-vertex-parallel,bitvector,false,5,3.9967496395111084,0.254189
dblp_coauthor,DensePull-SparsePush,serial,boolean-array,false,5,3.8194916248321533,0.070369
dblp_coauthor,DensePull-SparsePush,serial,bitvector,false,5,3.800920009613037,0.06925
dblp_coauthor,DensePull-SparsePush,dynamic-vertex-parallel,boolean-array,false,5,3.7614386081695557,0.010189
dblp_coauthor,DensePull-SparsePush,dynamic-vertex-parallel,bitvector,false,5,3.7771923542022705,0.010893
dblp_coauthor,DensePull-SparsePush,static-vertex-parallel,boolean-array,false,5,3.774599552154541,0.010628
dblp_coauthor,DensePull-SparsePush,static-vertex-parallel,bitvector,false,5,3.758556842803955,0.010862
dblp_coauthor,DensePull-SparsePush,edge-aware-dynamic-vertex-parallel,boolean-array,false,5,3.8186120986938477,0.069721
dblp_coauthor,DensePull-SparsePush,edge-aware-dynamic-vertex-parallel,bitvector,false,5,3.8093044757843018,0.067068
dblp_coauthor,SparsePush-DensePull,serial,boolean-array,false,5,3.823117733001709,0.070549
dblp_coauthor,SparsePush-DensePull,serial,bitvector,false,5,3.8176558017730713,0.070752
dblp_coauthor,SparsePush-DensePull,dynamic-vertex-parallel,boolean-array,false,5,3.763106346130371,0.01075
dblp_coauthor,SparsePush-DensePull,dynamic-vertex-parallel,bitvector,false,5,3.76989483833313,0.011313
dblp_coauthor,SparsePush-DensePull,static-vertex-parallel,boolean-array,false,5,3.745094060897827,0.010122
dblp_coauthor,SparsePush-DensePull,static-vertex-parallel,bitvector,false,5,3.7614572048187256,0.011071
dblp_coauthor,SparsePush-DensePull,edge-aware-dynamic-vertex-parallel,boolean-array,false,5,3.8008713722229004,0.069068
dblp_coauthor,SparsePush-DensePull,edge-aware-dynamic-vertex-parallel,bitvector,false,5,3.800668239593506,0.066091
dblp_coauthor,DensePull,serial,boolean-array,false,10,4.058273553848267,0.289756
dblp_coauthor,DensePull,serial,bitvector,false,10,4.013221740722656,0.263741
dblp_coauthor,DensePull,dynamic-vertex-parallel,boolean-array,false,10,3.8014304637908936,0.028644
dblp_coauthor,DensePull,dynamic-vertex-parallel,bitvector,false,10,3.804938793182373,0.030927
dblp_coauthor,DensePull,static-vertex-parallel,boolean-array,false,10,3.8087472915649414,0.029209
dblp_coauthor,DensePull,static-vertex-parallel,bitvector,false,10,3.790923595428467,0.03113
dblp_coauthor,DensePull,edge-aware-dynamic-vertex-parallel,boolean-array,false,10,4.039215326309204,0.270453
dblp_coauthor,DensePull,edge-aware-dynamic-vertex-parallel,bitvector,false,10,4.061492681503296,0.275661
dblp_coauthor,DensePull-SparsePush,serial,boolean-array,false,10,3.871598482131958,0.074875
dblp_coauthor,DensePull-SparsePush,serial,bitvector,false,10,3.832061767578125,0.075992
dblp_coauthor,DensePull-SparsePush,dynamic-vertex-parallel,boolean-array,false,10,3.7768261432647705,0.011047
dblp_coauthor,DensePull-SparsePush,dynamic-vertex-parallel,bitvector,false,10,3.7800827026367188,0.012133
dblp_coauthor,DensePull-SparsePush,static-vertex-parallel,boolean-array,false,10,3.7981600761413574,0.011062
dblp_coauthor,DensePull-SparsePush,static-vertex-parallel,bitvector,false,10,3.7976908683776855,0.011757
dblp_coauthor,DensePull-SparsePush,edge-aware-dynamic-vertex-parallel,boolean-array,false,10,3.829190492630005,0.075017
dblp_coauthor,DensePull-SparsePush,edge-aware-dynamic-vertex-parallel,bitvector,false,10,3.8339004516601562,0.073045
dblp_coauthor,SparsePush-DensePull,serial,boolean-array,false,10,3.8354713916778564,0.075891
dblp_coauthor,SparsePush-DensePull,serial,bitvector,false,10,3.8396453857421875,0.076944
dblp_coauthor,SparsePush-DensePull,dynamic-vertex-parallel,boolean-array,false,10,3.7760448455810547,0.011169
dblp_coauthor,SparsePush-DensePull,dynamic-vertex-parallel,bitvector,false,10,3.7855892181396484,0.0122
dblp_coauthor,SparsePush-DensePull,static-vertex-parallel,boolean-array,false,10,3.780207395553589,0.011164
dblp_coauthor,SparsePush-DensePull,static-vertex-parallel,bitvector,false,10,3.76865291595459,0.01201
dblp_coauthor,SparsePush-DensePull,edge-aware-dynamic-vertex-parallel,boolean-array,false,10,3.82535982131958,0.076379
dblp_coauthor,SparsePush-DensePull,edge-aware-dynamic-vertex-parallel,bitvector,false,10,3.8398656845092773,0.072818
dblp_coauthor,DensePull,serial,boolean-array,false,15,4.080340147018433,0.288979
dblp_coauthor,DensePull,serial,bitvector,false,15,4.061638116836548,0.298311
dblp_coauthor,DensePull,dynamic-vertex-parallel,boolean-array,false,15,3.813405752182007,0.03154
dblp_coauthor,DensePull,dynamic-vertex-parallel,bitvector,false,15,3.8200483322143555,0.033261
dblp_coauthor,DensePull,static-vertex-parallel,boolean-array,false,15,3.829016923904419,0.030272
dblp_coauthor,DensePull,static-vertex-parallel,bitvector,false,15,3.8125598430633545,0.03319
dblp_coauthor,DensePull,edge-aware-dynamic-vertex-parallel,boolean-array,false,15,4.0793845653533936,0.288713
dblp_coauthor,DensePull,edge-aware-dynamic-vertex-parallel,bitvector,false,15,4.083248615264893,0.30835
dblp_coauthor,DensePull-SparsePush,serial,boolean-array,false,15,3.845182180404663,0.079279
dblp_coauthor,DensePull-SparsePush,serial,bitvector,false,15,3.8593485355377197,0.080474
dblp_coauthor,DensePull-SparsePush,dynamic-vertex-parallel,boolean-array,false,15,3.808541774749756,0.011889
dblp_coauthor,DensePull-SparsePush,dynamic-vertex-parallel,bitvector,false,15,3.804957389831543,0.012879
dblp_coauthor,DensePull-SparsePush,static-vertex-parallel,boolean-array,false,15,3.793365478515625,0.011946
dblp_coauthor,DensePull-SparsePush,static-vertex-parallel,bitvector,false,15,3.7863686084747314,0.012347
dblp_coauthor,DensePull-SparsePush,edge-aware-dynamic-vertex-parallel,boolean-array,false,15,3.864319324493408,0.07992
dblp_coauthor,DensePull-SparsePush,edge-aware-dynamic-vertex-parallel,bitvector,false,15,3.861647129058838,0.076842
dblp_coauthor,SparsePush-DensePull,serial,boolean-array,false,15,3.842014789581299,0.080357
dblp_coauthor,SparsePush-DensePull,serial,bitvector,false,15,3.8707258701324463,0.079782
dblp_coauthor,SparsePush-DensePull,dynamic-vertex-parallel,boolean-array,false,15,3.789485216140747,0.011924
dblp_coauthor,SparsePush-DensePull,dynamic-vertex-parallel,bitvector,false,15,3.8062808513641357,0.01309
dblp_coauthor,SparsePush-DensePull,static-vertex-parallel,boolean-array,false,15,3.787014961242676,0.011918
dblp_coauthor,SparsePush-DensePull,static-vertex-parallel,bitvector,false,15,3.795245409011841,0.012936
dblp_coauthor,SparsePush-DensePull,edge-aware-dynamic-vertex-parallel,boolean-array,false,15,3.8847968578338623,0.078286
dblp_coauthor,SparsePush-DensePull,edge-aware-dynamic-vertex-parallel,bitvector,false,15,3.8395209312438965,0.07666
dblp_coauthor,DensePull,serial,boolean-array,false,20,4.096261501312256,0.328748
dblp_coauthor,DensePull,serial,bitvector,false,20,4.080950975418091,0.31195
dblp_coauthor,DensePull,dynamic-vertex-parallel,boolean-array,false,20,3.828918695449829,0.031997
dblp_coauthor,DensePull,dynamic-vertex-parallel,bitvector,false,20,3.844980478286743,0.035621
dblp_coauthor,DensePull,static-vertex-parallel,boolean-array,false,20,3.830321788787842,0.032646
dblp_coauthor,DensePull,static-vertex-parallel,bitvector,false,20,3.8330307006835938,0.03617
dblp_coauthor,DensePull,edge-aware-dynamic-vertex-parallel,boolean-array,false,20,4.100646495819092,0.314911
dblp_coauthor,DensePull,edge-aware-dynamic-vertex-parallel,bitvector,false,20,4.101092338562012,0.314211
dblp_coauthor,DensePull-SparsePush,serial,boolean-array,false,20,3.85734486579895,0.082952
dblp_coauthor,DensePull-SparsePush,serial,bitvector,false,20,3.862736940383911,0.084569
dblp_coauthor,DensePull-SparsePush,dynamic-vertex-parallel,boolean-array,false,20,3.8053126335144043,0.011622
dblp_coauthor,DensePull-SparsePush,dynamic-vertex-parallel,bitvector,false,20,3.806208372116089,0.01292
dblp_coauthor,DensePull-SparsePush,static-vertex-parallel,boolean-array,false,20,3.8033339977264404,0.011805
dblp_coauthor,DensePull-SparsePush,static-vertex-parallel,bitvector,false,20,3.8035640716552734,0.012936
dblp_coauthor,DensePull-SparsePush,edge-aware-dynamic-vertex-parallel,boolean-array,false,20,4.010788679122925,0.082001
dblp_coauthor,DensePull-SparsePush,edge-aware-dynamic-vertex-parallel,bitvector,false,20,3.8508803844451904,0.079119
dblp_coauthor,SparsePush-DensePull,serial,boolean-array,false,20,3.8445868492126465,0.083663
dblp_coauthor,SparsePush-DensePull,serial,bitvector,false,20,3.881659507751465,0.083584
dblp_coauthor,SparsePush-DensePull,dynamic-vertex-parallel,boolean-array,false,20,3.809208631515503,0.012181
dblp_coauthor,SparsePush-DensePull,dynamic-vertex-parallel,bitvector,false,20,3.8153538703918457,0.013376
dblp_coauthor,SparsePush-DensePull,static-vertex-parallel,boolean-array,false,20,3.8071305751800537,0.012066
dblp_coauthor,SparsePush-DensePull,static-vertex-parallel,bitvector,false,20,3.8194830417633057,0.012768
dblp_coauthor,SparsePush-DensePull,edge-aware-dynamic-vertex-parallel,boolean-array,false,20,3.843372106552124,0.081112
dblp_coauthor,SparsePush-DensePull,edge-aware-dynamic-vertex-parallel,bitvector,false,20,3.8606197834014893,0.081498
soc-LiveJournal1,SparsePush,serial,boolean-array,false,0,9.111178636550903,0.747071
soc-LiveJournal1,SparsePush,dynamic-vertex-parallel,boolean-array,false,0,8.494092464447021,0.143905
soc-LiveJournal1,SparsePush,static-vertex-parallel,boolean-array,false,0,8.462189435958862,0.147686
soc-LiveJournal1,DensePull,serial,boolean-array,false,0,9.043575286865234,0.732593
soc-LiveJournal1,DensePull,serial,bitvector,false,0,8.793156623840332,0.444298
soc-LiveJournal1,DensePull,dynamic-vertex-parallel,boolean-array,false,0,8.526970386505127,0.186755
soc-LiveJournal1,DensePull,dynamic-vertex-parallel,bitvector,false,0,8.422008752822876,0.087289
soc-LiveJournal1,DensePull,static-vertex-parallel,boolean-array,false,0,8.535173654556274,0.196464
soc-LiveJournal1,DensePull,static-vertex-parallel,bitvector,false,0,8.47871708869934,0.087942
soc-LiveJournal1,DensePull,edge-aware-dynamic-vertex-parallel,boolean-array,false,0,9.23006558418274,0.893915
soc-LiveJournal1,DensePull,edge-aware-dynamic-vertex-parallel,bitvector,false,0,8.909000158309937,0.565023
soc-LiveJournal1,DensePull-SparsePush,serial,boolean-array,false,0,8.53564715385437,0.179403
soc-LiveJournal1,DensePull-SparsePush,serial,bitvector,false,0,8.500404119491577,0.146091
soc-LiveJournal1,DensePull-SparsePush,dynamic-vertex-parallel,boolean-array,false,0,8.4159836769104,0.031406
soc-LiveJournal1,DensePull-SparsePush,dynamic-vertex-parallel,bitvector,false,0,8.375463962554932,0.02603
soc-LiveJournal1,DensePull-SparsePush,static-vertex-parallel,boolean-array,false,0,8.390101194381714,0.029951
soc-LiveJournal1,DensePull-SparsePush,static-vertex-parallel,bitvector,false,0,8.433107137680054,0.026002
soc-LiveJournal1,DensePull-SparsePush,edge-aware-dynamic-vertex-parallel,boolean-array,false,0,8.542048454284668,0.191077
soc-LiveJournal1,DensePull-SparsePush,edge-aware-dynamic-vertex-parallel,bitvector,false,0,8.492119789123535,0.160843
soc-LiveJournal1,SparsePush-DensePull,serial,boolean-array,false,0,8.54078984260559,0.179076
soc-LiveJournal1,SparsePush-DensePull,serial,bitvector,false,0,8.498423337936401,0.144535
soc-LiveJournal1,SparsePush-DensePull,dynamic-vertex-parallel,boolean-array,false,0,8.434500455856323,0.029912
soc-LiveJournal1,SparsePush-DensePull,dynamic-vertex-parallel,bitvector,false,0,8.382237195968628,0.026072
soc-LiveJournal1,SparsePush-DensePull,static-vertex-parallel,boolean-array,false,0,8.399695873260498,0.030663
soc-LiveJournal1,SparsePush-DensePull,static-vertex-parallel,bitvector,false,0,8.387072324752808,0.026143
soc-LiveJournal1,SparsePush-DensePull,edge-aware-dynamic-vertex-parallel,boolean-array,false,0,8.581631183624268,0.191861
soc-LiveJournal1,SparsePush-DensePull,edge-aware-dynamic-vertex-parallel,bitvector,false,0,8.498251914978027,0.157897
soc-LiveJournal1,DensePush-SparsePush,serial,boolean-array,false,0,8.73298954963684,0.344649
soc-LiveJournal1,DensePush-SparsePush,dynamic-vertex-parallel,boolean-array,false,0,8.606208801269531,0.224164
soc-LiveJournal1,DensePush-SparsePush,static-vertex-parallel,boolean-array,false,0,8.54158616065979,0.20709
soc-LiveJournal1,DensePull,serial,boolean-array,false,5,9.529705047607422,0.733283
soc-LiveJournal1,DensePull,serial,bitvector,false,5,9.417510747909546,0.62987
soc-LiveJournal1,DensePull,dynamic-vertex-parallel,boolean-array,false,5,8.910259008407593,0.095709
soc-LiveJournal1,DensePull,dynamic-vertex-parallel,bitvector,false,5,8.83307671546936,0.088991
soc-LiveJournal1,DensePull,static-vertex-parallel,boolean-array,false,5,8.913578748703003,0.096308
soc-LiveJournal1,DensePull,static-vertex-parallel,bitvector,false,5,8.833473205566406,0.088416
soc-LiveJournal1,DensePull,edge-aware-dynamic-vertex-parallel,boolean-array,false,5,9.44113564491272,0.685732
soc-LiveJournal1,DensePull,edge-aware-dynamic-vertex-parallel,bitvector,false,5,9.418640375137329,0.651778
soc-LiveJournal1,DensePull-SparsePush,serial,boolean-array,false,5,8.914710283279419,0.191103
soc-LiveJournal1,DensePull-SparsePush,serial,bitvector,false,5,8.97171401977539,0.19026
soc-LiveJournal1,DensePull-SparsePush,dynamic-vertex-parallel,boolean-array,false,5,8.802685022354126,0.031425
soc-LiveJournal1,DensePull-SparsePush,dynamic-vertex-parallel,bitvector,false,5,8.811760425567627,0.032136
soc-LiveJournal1,DensePull-SparsePush,static-vertex-parallel,boolean-array,false,5,8.794126987457275,0.03017
soc-LiveJournal1,DensePull-SparsePush,static-vertex-parallel,bitvector,false,5,8.808808088302612,0.031313
soc-LiveJournal1,DensePull-SparsePush,edge-aware-dynamic-vertex-parallel,boolean-array,false,5,9.009084463119507,0.209443
soc-LiveJournal1,DensePull-SparsePush,edge-aware-dynamic-vertex-parallel,bitvector,false,5,8.97281789779663,0.19325
soc-LiveJournal1,SparsePush-DensePull,serial,boolean-array,false,5,8.958729267120361,0.19573
soc-LiveJournal1,SparsePush-DensePull,serial,bitvector,false,5,8.942028999328613,0.183495
soc-LiveJournal1,SparsePush-DensePull,dynamic-vertex-parallel,boolean-array,false,5,8.841819047927856,0.030887
soc-LiveJournal1,SparsePush-DensePull,dynamic-vertex-parallel,bitvector,false,5,8.818784236907959,0.031071
soc-LiveJournal1,SparsePush-DensePull,static-vertex-parallel,boolean-array,false,5,8.780349731445312,0.030729
soc-LiveJournal1,SparsePush-DensePull,static-vertex-parallel,bitvector,false,5,8.824468851089478,0.031659
soc-LiveJournal1,SparsePush-DensePull,edge-aware-dynamic-vertex-parallel,boolean-array,false,5,9.011794567108154,0.210671
soc-LiveJournal1,SparsePush-DensePull,edge-aware-dynamic-vertex-parallel,bitvector,false,5,8.975990295410156,0.19189
soc-LiveJournal1,DensePull,serial,boolean-array,false,10,9.654222249984741,0.771515
soc-LiveJournal1,DensePull,serial,bitvector,false,10,9.566239595413208,0.729524
soc-LiveJournal1,DensePull,dynamic-vertex-parallel,boolean-array,false,10,9.005788803100586,0.092983
soc-LiveJournal1,DensePull,dynamic-vertex-parallel,bitvector,false,10,8.92846941947937,0.099074
soc-LiveJournal1,DensePull,static-vertex-parallel,boolean-array,false,10,8.973605871200562,0.092884
soc-LiveJournal1,DensePull,static-vertex-parallel,bitvector,false,10,8.966676235198975,0.097051
soc-LiveJournal1,DensePull,edge-aware-dynamic-vertex-parallel,boolean-array,false,10,9.598168134689331,0.758796
soc-LiveJournal1,DensePull,edge-aware-dynamic-vertex-parallel,bitvector,false,10,9.66460633277893,0.776781
soc-LiveJournal1,DensePull-SparsePush,serial,boolean-array,false,10,9.04743480682373,0.215237
soc-LiveJournal1,DensePull-SparsePush,serial,bitvector,false,10,9.074371099472046,0.212786
soc-LiveJournal1,DensePull-SparsePush,dynamic-vertex-parallel,boolean-array,false,10,8.892982482910156,0.034638
soc-LiveJournal1,DensePull-SparsePush,dynamic-vertex-parallel,bitvector,false,10,8.8962984085083,0.035028
soc-LiveJournal1,DensePull-SparsePush,static-vertex-parallel,boolean-array,false,10,8.901265859603882,0.033493
soc-LiveJournal1,DensePull-SparsePush,static-vertex-parallel,bitvector,false,10,8.946397304534912,0.036764
soc-LiveJournal1,DensePull-SparsePush,edge-aware-dynamic-vertex-parallel,boolean-array,false,10,9.09924054145813,0.231624
soc-LiveJournal1,DensePull-SparsePush,edge-aware-dynamic-vertex-parallel,bitvector,false,10,9.081314086914062,0.222081
soc-LiveJournal1,SparsePush-DensePull,serial,boolean-array,false,10,9.040734767913818,0.20869
soc-LiveJournal1,SparsePush-DensePull,serial,bitvector,false,10,9.078626871109009,0.212222
soc-LiveJournal1,SparsePush-DensePull,dynamic-vertex-parallel,boolean-array,false,10,8.96515417098999,0.033219
soc-LiveJournal1,SparsePush-DensePull,dynamic-vertex-parallel,bitvector,false,10,8.857087850570679,0.035945
soc-LiveJournal1,SparsePush-DensePull,static-vertex-parallel,boolean-array,false,10,8.910086870193481,0.033145
soc-LiveJournal1,SparsePush-DensePull,static-vertex-parallel,bitvector,false,10,8.870067119598389,0.036412
soc-LiveJournal1,SparsePush-DensePull,edge-aware-dynamic-vertex-parallel,boolean-array,false,10,9.06052017211914,0.229517
soc-LiveJournal1,SparsePush-DensePull,edge-aware-dynamic-vertex-parallel,bitvector,false,10,9.083279848098755,0.223496
soc-LiveJournal1,DensePull,serial,boolean-array,false,15,9.659497499465942,0.796596
soc-LiveJournal1,DensePull,serial,bitvector,false,15,9.72276520729065,0.808024
soc-LiveJournal1,DensePull,dynamic-vertex-parallel,boolean-array,false,15,9.019506216049194,0.099257
soc-LiveJournal1,DensePull,dynamic-vertex-parallel,bitvector,false,15,9.027692794799805,0.110065
soc-LiveJournal1,DensePull,static-vertex-parallel,boolean-array,false,15,9.055097341537476,0.098573
soc-LiveJournal1,DensePull,static-vertex-parallel,bitvector,false,15,9.020691156387329,0.105094
soc-LiveJournal1,DensePull,edge-aware-dynamic-vertex-parallel,boolean-array,false,15,9.778233051300049,0.83055
soc-LiveJournal1,DensePull,edge-aware-dynamic-vertex-parallel,bitvector,false,15,9.717897415161133,0.848737
soc-LiveJournal1,DensePull-SparsePush,serial,boolean-array,false,15,9.068000316619873,0.23446
soc-LiveJournal1,DensePull-SparsePush,serial,bitvector,false,15,9.145209074020386,0.229821
soc-LiveJournal1,DensePull-SparsePush,dynamic-vertex-parallel,boolean-array,false,15,8.933932304382324,0.037518
soc-LiveJournal1,DensePull-SparsePush,dynamic-vertex-parallel,bitvector,false,15,8.952828407287598,0.037716
soc-LiveJournal1,DensePull-SparsePush,static-vertex-parallel,boolean-array,false,15,8.949656009674072,0.037535
soc-LiveJournal1,DensePull-SparsePush,static-vertex-parallel,bitvector,false,15,8.965712785720825,0.039349
soc-LiveJournal1,DensePull-SparsePush,edge-aware-dynamic-vertex-parallel,boolean-array,false,15,9.101526975631714,0.247028
soc-LiveJournal1,DensePull-SparsePush,edge-aware-dynamic-vertex-parallel,bitvector,false,15,9.110575675964355,0.244755
soc-LiveJournal1,SparsePush-DensePull,serial,boolean-array,false,15,9.08115267753601,0.232135
soc-LiveJournal1,SparsePush-DensePull,serial,bitvector,false,15,9.152530431747437,0.235929
soc-LiveJournal1,SparsePush-DensePull,dynamic-vertex-parallel,boolean-array,false,15,8.909143686294556,0.036993
soc-LiveJournal1,SparsePush-DensePull,dynamic-vertex-parallel,bitvector,false,15,8.98563814163208,0.039277
soc-LiveJournal1,SparsePush-DensePull,static-vertex-parallel,boolean-array,false,15,8.94992733001709,0.036047
soc-LiveJournal1,SparsePush-DensePull,static-vertex-parallel,bitvector,false,15,8.956487655639648,0.038554
soc-LiveJournal1,SparsePush-DensePull,edge-aware-dynamic-vertex-parallel,boolean-array,false,15,9.107369899749756,0.249104
soc-LiveJournal1,SparsePush-DensePull,edge-aware-dynamic-vertex-parallel,bitvector,false,15,9.143906831741333,0.237364
soc-LiveJournal1,DensePull,serial,boolean-array,false,20,9.815119504928589,0.884038
soc-LiveJournal1,DensePull,serial,bitvector,false,20,9.775990009307861,0.860578
soc-LiveJournal1,DensePull,dynamic-vertex-parallel,boolean-array,false,20,9.112649202346802,0.104938
soc-LiveJournal1,DensePull,dynamic-vertex-parallel,bitvector,false,20,8.99979043006897,0.114021
soc-LiveJournal1,DensePull,static-vertex-parallel,boolean-array,false,20,9.037564277648926,0.10821
soc-LiveJournal1,DensePull,static-vertex-parallel,bitvector,false,20,9.053314685821533,0.112491
soc-LiveJournal1,DensePull,edge-aware-dynamic-vertex-parallel,boolean-array,false,20,9.770838975906372,0.88655
soc-LiveJournal1,DensePull,edge-aware-dynamic-vertex-parallel,bitvector,false,20,9.808871030807495,0.899494
soc-LiveJournal1,DensePull-SparsePush,serial,boolean-array,false,20,9.119584798812866,0.242782
soc-LiveJournal1,DensePull-SparsePush,serial,bitvector,false,20,9.18373966217041,0.248207
soc-LiveJournal1,DensePull-SparsePush,dynamic-vertex-parallel,boolean-array,false,20,8.985154390335083,0.038768
soc-LiveJournal1,DensePull-SparsePush,dynamic-vertex-parallel,bitvector,false,20,8.98660159111023,0.040649
soc-LiveJournal1,DensePull-SparsePush,static-vertex-parallel,boolean-array,false,20,8.926992893218994,0.037689
soc-LiveJournal1,DensePull-SparsePush,static-vertex-parallel,bitvector,false,20,9.019829988479614,0.042695
soc-LiveJournal1,DensePull-SparsePush,edge-aware-dynamic-vertex-parallel,boolean-array,false,20,9.197108268737793,0.265061
soc-LiveJournal1,DensePull-SparsePush,edge-aware-dynamic-vertex-parallel,bitvector,false,20,9.124718189239502,0.249859
soc-LiveJournal1,SparsePush-DensePull,serial,boolean-array,false,20,9.126138925552368,0.254012
soc-LiveJournal1,SparsePush-DensePull,serial,bitvector,false,20,9.181572437286377,0.244087
soc-LiveJournal1,SparsePush-DensePull,dynamic-vertex-parallel,boolean-array,false,20,9.029791116714478,0.039629
soc-LiveJournal1,SparsePush-DensePull,dynamic-vertex-parallel,bitvector,false,20,8.998658180236816,0.041822
soc-LiveJournal1,SparsePush-DensePull,static-vertex-parallel,boolean-array,false,20,9.005834341049194,0.03996
soc-LiveJournal1,SparsePush-DensePull,static-vertex-parallel,bitvector,false,20,8.946396589279175,0.04055
soc-LiveJournal1,SparsePush-DensePull,edge-aware-dynamic-vertex-parallel,boolean-array,false,20,9.183177947998047,0.265242
soc-LiveJournal1,SparsePush-DensePull,edge-aware-dynamic-vertex-parallel,bitvector,false,20,9.186883687973022,0.253841
orkut-links,SparsePush,serial,boolean-array,false,0,14.296201944351196,0.770411
orkut-links,SparsePush,dynamic-vertex-parallel,boolean-array,false,0,13.792692184448242,0.271117
orkut-links,SparsePush,static-vertex-parallel,boolean-array,false,0,13.783233165740967,0.278554
orkut-links,DensePull,serial,boolean-array,false,0,14.30526876449585,0.80205
orkut-links,DensePull,serial,bitvector,false,0,14.144330501556396,0.610331
orkut-links,DensePull,dynamic-vertex-parallel,boolean-array,false,0,13.524092674255371,0.090842
orkut-links,DensePull,dynamic-vertex-parallel,bitvector,false,0,13.582860946655273,0.063787
orkut-links,DensePull,static-vertex-parallel,boolean-array,false,0,13.565081596374512,0.082766
orkut-links,DensePull,static-vertex-parallel,bitvector,false,0,13.575120449066162,0.061959
orkut-links,DensePull,edge-aware-dynamic-vertex-parallel,boolean-array,false,0,14.59513545036316,1.04281
orkut-links,DensePull,edge-aware-dynamic-vertex-parallel,bitvector,false,0,14.108902215957642,0.646642
orkut-links,DensePull-SparsePush,serial,boolean-array,false,0,13.545382261276245,0.050668
orkut-links,DensePull-SparsePush,serial,bitvector,false,0,13.544889450073242,0.053939
orkut-links,DensePull-SparsePush,dynamic-vertex-parallel,boolean-array,false,0,13.479312658309937,0.011241
orkut-links,DensePull-SparsePush,dynamic-vertex-parallel,bitvector,false,0,13.5911705493927,0.011898
orkut-links,DensePull-SparsePush,static-vertex-parallel,boolean-array,false,0,13.562684059143066,0.011065
orkut-links,DensePull-SparsePush,static-vertex-parallel,bitvector,false,0,13.514563083648682,0.011978
orkut-links,DensePull-SparsePush,edge-aware-dynamic-vertex-parallel,boolean-array,false,0,13.58635139465332,0.051529
orkut-links,DensePull-SparsePush,edge-aware-dynamic-vertex-parallel,bitvector,false,0,13.535749197006226,0.053299
orkut-links,SparsePush-DensePull,serial,boolean-array,false,0,13.937777042388916,0.051106
orkut-links,SparsePush-DensePull,serial,bitvector,false,0,13.537436962127686,0.051559
orkut-links,SparsePush-DensePull,dynamic-vertex-parallel,boolean-array,false,0,13.57832956314087,0.010947
orkut-links,SparsePush-DensePull,dynamic-vertex-parallel,bitvector,false,0,13.619503498077393,0.012167
orkut-links,SparsePush-DensePull,static-vertex-parallel,boolean-array,false,0,13.52966856956482,0.012663
orkut-links,SparsePush-DensePull,static-vertex-parallel,bitvector,false,0,13.466304063796997,0.012101
orkut-links,SparsePush-DensePull,edge-aware-dynamic-vertex-parallel,boolean-array,false,0,13.552668809890747,0.051029
orkut-links,SparsePush-DensePull,edge-aware-dynamic-vertex-parallel,bitvector,false,0,13.530694961547852,0.052922
orkut-links,DensePush-SparsePush,serial,boolean-array,false,0,13.989722967147827,0.42156
orkut-links,DensePush-SparsePush,dynamic-vertex-parallel,boolean-array,false,0,13.845847606658936,0.297493
orkut-links,DensePush-SparsePush,static-vertex-parallel,boolean-array,false,0,13.719528675079346,0.296286
orkut-links,DensePull,serial,boolean-array,false,5,14.8031644821167,0.772081
orkut-links,DensePull,serial,bitvector,false,5,14.734004497528076,0.689865
orkut-links,DensePull,dynamic-vertex-parallel,boolean-array,false,5,14.14534592628479,0.082056
orkut-links,DensePull,dynamic-vertex-parallel,bitvector,false,5,14.235573053359985,0.082909
orkut-links,DensePull,static-vertex-parallel,boolean-array,false,5,14.153934478759766,0.081976
orkut-links,DensePull,static-vertex-parallel,bitvector,false,5,14.147976398468018,0.082897
orkut-links,DensePull,edge-aware-dynamic-vertex-parallel,boolean-array,false,5,14.703722953796387,0.678607
orkut-links,DensePull,edge-aware-dynamic-vertex-parallel,bitvector,false,5,14.787992238998413,0.744872
orkut-links,DensePull-SparsePush,serial,boolean-array,false,5,14.11586308479309,0.047602
orkut-links,DensePull-SparsePush,serial,bitvector,false,5,14.19304895401001,0.048783
orkut-links,DensePull-SparsePush,dynamic-vertex-parallel,boolean-array,false,5,14.082525730133057,0.011513
orkut-links,DensePull-SparsePush,dynamic-vertex-parallel,bitvector,false,5,14.169206619262695,0.01238
orkut-links,DensePull-SparsePush,static-vertex-parallel,boolean-array,false,5,14.10212516784668,0.011386
orkut-links,DensePull-SparsePush,static-vertex-parallel,bitvector,false,5,14.083124876022339,0.013112
orkut-links,DensePull-SparsePush,edge-aware-dynamic-vertex-parallel,boolean-array,false,5,14.11438798904419,0.042629
orkut-links,DensePull-SparsePush,edge-aware-dynamic-vertex-parallel,bitvector,false,5,14.173944234848022,0.043851
orkut-links,SparsePush-DensePull,serial,boolean-array,false,5,14.096704483032227,0.048331
orkut-links,SparsePush-DensePull,serial,bitvector,false,5,14.217153310775757,0.04812
orkut-links,SparsePush-DensePull,dynamic-vertex-parallel,boolean-array,false,5,14.11793041229248,0.011753
orkut-links,SparsePush-DensePull,dynamic-vertex-parallel,bitvector,false,5,14.036901950836182,0.012258
orkut-links,SparsePush-DensePull,static-vertex-parallel,boolean-array,false,5,14.094404697418213,0.012215
orkut-links,SparsePush-DensePull,static-vertex-parallel,bitvector,false,5,14.128854274749756,0.012623
orkut-links,SparsePush-DensePull,edge-aware-dynamic-vertex-parallel,boolean-array,false,5,14.162165641784668,0.042807
orkut-links,SparsePush-DensePull,edge-aware-dynamic-vertex-parallel,bitvector,false,5,14.129122495651245,0.042735
orkut-links,DensePull,serial,boolean-array,false,10,15.06930136680603,0.870792
orkut-links,DensePull,serial,bitvector,false,10,15.011317729949951,0.782972
orkut-links,DensePull,dynamic-vertex-parallel,boolean-array,false,10,14.31232476234436,0.092972
orkut-links,DensePull,dynamic-vertex-parallel,bitvector,false,10,14.284577131271362,0.090068
orkut-links,DensePull,static-vertex-parallel,boolean-array,false,10,14.338300466537476,0.08983
orkut-links,DensePull,static-vertex-parallel,bitvector,false,10,14.345142126083374,0.090554
orkut-links,DensePull,edge-aware-dynamic-vertex-parallel,boolean-array,false,10,14.910403490066528,0.790651
orkut-links,DensePull,edge-aware-dynamic-vertex-parallel,bitvector,false,10,15.021858215332031,0.816387
orkut-links,DensePull-SparsePush,serial,boolean-array,false,10,14.29850721359253,0.049788
orkut-links,DensePull-SparsePush,serial,bitvector,false,10,14.196710586547852,0.051641
orkut-links,DensePull-SparsePush,dynamic-vertex-parallel,boolean-array,false,10,14.148194074630737,0.012338
orkut-links,DensePull-SparsePush,dynamic-vertex-parallel,bitvector,false,10,14.213750839233398,0.01372
orkut-links,DensePull-SparsePush,static-vertex-parallel,boolean-array,false,10,14.272466897964478,0.012512
orkut-links,DensePull-SparsePush,static-vertex-parallel,bitvector,false,10,14.255999565124512,0.012557
orkut-links,DensePull-SparsePush,edge-aware-dynamic-vertex-parallel,boolean-array,false,10,14.199679374694824,0.045624
orkut-links,DensePull-SparsePush,edge-aware-dynamic-vertex-parallel,bitvector,false,10,14.144989967346191,0.047507
orkut-links,SparsePush-DensePull,serial,boolean-array,false,10,14.182494163513184,0.048567
orkut-links,SparsePush-DensePull,serial,bitvector,false,10,14.173349618911743,0.050904
orkut-links,SparsePush-DensePull,dynamic-vertex-parallel,boolean-array,false,10,14.141071796417236,0.012043
orkut-links,SparsePush-DensePull,dynamic-vertex-parallel,bitvector,false,10,14.194140195846558,0.012965
orkut-links,SparsePush-DensePull,static-vertex-parallel,boolean-array,false,10,14.19550085067749,0.012302
orkut-links,SparsePush-DensePull,static-vertex-parallel,bitvector,false,10,14.173836469650269,0.013076
orkut-links,SparsePush-DensePull,edge-aware-dynamic-vertex-parallel,boolean-array,false,10,14.253912448883057,0.046658
orkut-links,SparsePush-DensePull,edge-aware-dynamic-vertex-parallel,bitvector,false,10,14.189632415771484,0.046604
orkut-links,DensePull,serial,boolean-array,false,15,15.02059030532837,0.837276
orkut-links,DensePull,serial,bitvector,false,15,15.210135459899902,0.865904
orkut-links,DensePull,dynamic-vertex-parallel,boolean-array,false,15,14.370230674743652,0.09014
orkut-links,DensePull,dynamic-vertex-parallel,bitvector,false,15,14.285641431808472,0.089852
orkut-links,DensePull,static-vertex-parallel,boolean-array,false,15,14.401930809020996,0.094605
orkut-links,DensePull,static-vertex-parallel,bitvector,false,15,14.252600908279419,0.090674
orkut-links,DensePull,edge-aware-dynamic-vertex-parallel,boolean-array,false,15,15.082984924316406,0.86342
orkut-links,DensePull,edge-aware-dynamic-vertex-parallel,bitvector,false,15,15.104592084884644,0.901571
orkut-links,DensePull-SparsePush,serial,boolean-array,false,15,14.301503896713257,0.051837
orkut-links,DensePull-SparsePush,serial,bitvector,false,15,14.240788698196411,0.054585
orkut-links,DensePull-SparsePush,dynamic-vertex-parallel,boolean-array,false,15,14.254615306854248,0.012709
orkut-links,DensePull-SparsePush,dynamic-vertex-parallel,bitvector,false,15,14.31249713897705,0.014012
orkut-links,DensePull-SparsePush,static-vertex-parallel,boolean-array,false,15,14.29587697982788,0.012632
orkut-links,DensePull-SparsePush,static-vertex-parallel,bitvector,false,15,14.2270188331604,0.013368
orkut-links,DensePull-SparsePush,edge-aware-dynamic-vertex-parallel,boolean-array,false,15,14.336808919906616,0.050002
orkut-links,DensePull-SparsePush,edge-aware-dynamic-vertex-parallel,bitvector,false,15,14.24996829032898,0.051736
orkut-links,SparsePush-DensePull,serial,boolean-array,false,15,14.277539014816284,0.052546
orkut-links,SparsePush-DensePull,serial,bitvector,false,15,14.220710039138794,0.054877
orkut-links,SparsePush-DensePull,dynamic-vertex-parallel,boolean-array,false,15,14.317776918411255,0.012116
orkut-links,SparsePush-DensePull,dynamic-vertex-parallel,bitvector,false,15,14.368037700653076,0.013265
orkut-links,SparsePush-DensePull,static-vertex-parallel,boolean-array,false,15,14.349090099334717,0.012206
orkut-links,SparsePush-DensePull,static-vertex-parallel,bitvector,false,15,14.318264722824097,0.013655
orkut-links,SparsePush-DensePull,edge-aware-dynamic-vertex-parallel,boolean-array,false,15,14.308127880096436,0.050959
orkut-links,SparsePush-DensePull,edge-aware-dynamic-vertex-parallel,bitvector,false,15,14.257821559906006,0.052648
orkut-links,DensePull,serial,boolean-array,false,20,15.308091640472412,1.01376
orkut-links,DensePull,serial,bitvector,false,20,15.238425493240356,0.932147
orkut-links,DensePull,dynamic-vertex-parallel,boolean-array,false,20,14.435342073440552,0.098593
orkut-links,DensePull,dynamic-vertex-parallel,bitvector,false,20,14.365950584411621,0.099883
orkut-links,DensePull,static-vertex-parallel,boolean-array,false,20,14.484166145324707,0.09872
orkut-links,DensePull,static-vertex-parallel,bitvector,false,20,14.337461948394775,0.099882
orkut-links,DensePull,edge-aware-dynamic-vertex-parallel,boolean-array,false,20,15.261040449142456,0.932946
orkut-links,DensePull,edge-aware-dynamic-vertex-parallel,bitvector,false,20,15.289633989334106,0.966352
orkut-links,DensePull-SparsePush,serial,boolean-array,false,20,14.295395851135254,0.057556
orkut-links,DensePull-SparsePush,serial,bitvector,false,20,14.40426230430603,0.057762
orkut-links,DensePull-SparsePush,dynamic-vertex-parallel,boolean-array,false,20,14.377915382385254,0.012804
orkut-links,DensePull-SparsePush,dynamic-vertex-parallel,bitvector,false,20,14.339637994766235,0.014155
orkut-links,DensePull-SparsePush,static-vertex-parallel,boolean-array,false,20,14.37606430053711,0.01352
orkut-links,DensePull-SparsePush,static-vertex-parallel,bitvector,false,20,14.373142719268799,0.013758
orkut-links,DensePull-SparsePush,edge-aware-dynamic-vertex-parallel,boolean-array,false,20,14.279537439346313,0.055282
orkut-links,DensePull-SparsePush,edge-aware-dynamic-vertex-parallel,bitvector,false,20,14.3638756275177,0.055751
orkut-links,SparsePush-DensePull,serial,boolean-array,false,20,14.317435503005981,0.055883
orkut-links,SparsePush-DensePull,serial,bitvector,false,20,14.39259386062622,0.058631
orkut-links,SparsePush-DensePull,dynamic-vertex-parallel,boolean-array,false,20,14.290987491607666,0.013094
orkut-links,SparsePush-DensePull,dynamic-vertex-parallel,bitvector,false,20,14.343369483947754,0.014065
orkut-links,SparsePush-DensePull,static-vertex-parallel,boolean-array,false,20,14.35900616645813,0.013268
orkut-links,SparsePush-DensePull,static-vertex-parallel,bitvector,false,20,14.271209478378296,0.013697
orkut-links,SparsePush-DensePull,edge-aware-dynamic-vertex-parallel,boolean-array,false,20,14.294302463531494,0.055295
orkut-links,SparsePush-DensePull,edge-aware-dynamic-vertex-parallel,bitvector,false,20,14.346923351287842,0.055711
roadNet-CA,SparsePush,serial,boolean-array,false,0,0.31136608123779297,0.000192
roadNet-CA,SparsePush,dynamic-vertex-parallel,boolean-array,false,0,0.31328892707824707,0.000218
roadNet-CA,SparsePush,static-vertex-parallel,boolean-array,false,0,0.3116006851196289,0.000223
roadNet-CA,DensePull,serial,boolean-array,false,0,0.5377442836761475,0.223636
roadNet-CA,DensePull,serial,bitvector,false,0,0.5402698516845703,0.228602
roadNet-CA,DensePull,dynamic-vertex-parallel,boolean-array,false,0,0.33848094940185547,0.025846
roadNet-CA,DensePull,dynamic-vertex-parallel,bitvector,false,0,0.347672700881958,0.029119
roadNet-CA,DensePull,static-vertex-parallel,boolean-array,false,0,0.34105372428894043,0.024454
roadNet-CA,DensePull,static-vertex-parallel,bitvector,false,0,0.3460109233856201,0.028936
roadNet-CA,DensePull,edge-aware-dynamic-vertex-parallel,boolean-array,false,0,0.6319053173065186,0.316535
roadNet-CA,DensePull,edge-aware-dynamic-vertex-parallel,bitvector,false,0,0.6393697261810303,0.324882
roadNet-CA,DensePull-SparsePush,serial,boolean-array,false,0,0.3159315586090088,0.000189
roadNet-CA,DensePull-SparsePush,serial,bitvector,false,0,0.31536078453063965,0.000177
roadNet-CA,DensePull-SparsePush,dynamic-vertex-parallel,boolean-array,false,0,0.3138251304626465,0.000224
roadNet-CA,DensePull-SparsePush,dynamic-vertex-parallel,bitvector,false,0,0.31816792488098145,0.000247
roadNet-CA,DensePull-SparsePush,static-vertex-parallel,boolean-array,false,0,0.31509828567504883,0.000231
roadNet-CA,DensePull-SparsePush,static-vertex-parallel,bitvector,false,0,0.3172018527984619,0.000232
roadNet-CA,DensePull-SparsePush,edge-aware-dynamic-vertex-parallel,boolean-array,false,0,0.31469225883483887,0.000232
roadNet-CA,DensePull-SparsePush,edge-aware-dynamic-vertex-parallel,bitvector,false,0,0.3154568672180176,0.00025
roadNet-CA,SparsePush-DensePull,serial,boolean-array,false,0,0.31552863121032715,0.000181
roadNet-CA,SparsePush-DensePull,serial,bitvector,false,0,0.3164098262786865,0.000163
roadNet-CA,SparsePush-DensePull,dynamic-vertex-parallel,boolean-array,false,0,0.31377124786376953,0.000252
roadNet-CA,SparsePush-DensePull,dynamic-vertex-parallel,bitvector,false,0,0.31494951248168945,0.000323
roadNet-CA,SparsePush-DensePull,static-vertex-parallel,boolean-array,false,0,0.31469106674194336,0.000231
roadNet-CA,SparsePush-DensePull,static-vertex-parallel,bitvector,false,0,0.3136422634124756,0.000306
roadNet-CA,SparsePush-DensePull,edge-aware-dynamic-vertex-parallel,boolean-array,false,0,0.3141145706176758,0.000279
roadNet-CA,SparsePush-DensePull,edge-aware-dynamic-vertex-parallel,bitvector,false,0,0.31328344345092773,0.000224
roadNet-CA,DensePush-SparsePush,serial,boolean-array,false,0,0.31436610221862793,0.000331
roadNet-CA,DensePush-SparsePush,dynamic-vertex-parallel,boolean-array,false,0,0.3147251605987549,0.000264
roadNet-CA,DensePush-SparsePush,static-vertex-parallel,boolean-array,false,0,0.31465744972229004,0.00022
roadNet-CA,DensePull,serial,boolean-array,false,5,0.6087653636932373,0.270845
roadNet-CA,DensePull,serial,bitvector,false,5,0.6253752708435059,0.286165
roadNet-CA,DensePull,dynamic-vertex-parallel,boolean-array,false,5,0.36371302604675293,0.024014
roadNet-CA,DensePull,dynamic-vertex-parallel,bitvector,false,5,0.3684718608856201,0.028264
roadNet-CA,DensePull,static-vertex-parallel,boolean-array,false,5,0.3639395236968994,0.024302
roadNet-CA,DensePull,static-vertex-parallel,bitvector,false,5,0.3671305179595947,0.028299
roadNet-CA,DensePull,edge-aware-dynamic-vertex-parallel,boolean-array,false,5,0.6324613094329834,0.2921
roadNet-CA,DensePull,edge-aware-dynamic-vertex-parallel,bitvector,false,5,0.634371280670166,0.295118
roadNet-CA,DensePull-SparsePush,serial,boolean-array,false,5,0.33675169944763184,0.000187
roadNet-CA,DensePull-SparsePush,serial,bitvector,false,5,0.33542919158935547,0.000177
roadNet-CA,DensePull-SparsePush,dynamic-vertex-parallel,boolean-array,false,5,0.33727025985717773,0.000246
roadNet-CA,DensePull-SparsePush,dynamic-vertex-parallel,bitvector,false,5,0.3376431465148926,0.000245
roadNet-CA,DensePull-SparsePush,static-vertex-parallel,boolean-array,false,5,0.33725738525390625,0.000274
roadNet-CA,DensePull-SparsePush,static-vertex-parallel,bitvector,false,5,0.33666563034057617,0.000238
roadNet-CA,DensePull-SparsePush,edge-aware-dynamic-vertex-parallel,boolean-array,false,5,0.338259220123291,0.00025
roadNet-CA,DensePull-SparsePush,edge-aware-dynamic-vertex-parallel,bitvector,false,5,0.3381314277648926,0.000303
roadNet-CA,SparsePush-DensePull,serial,boolean-array,false,5,0.33829593658447266,0.000189
roadNet-CA,SparsePush-DensePull,serial,bitvector,false,5,0.3379082679748535,0.000181
roadNet-CA,SparsePush-DensePull,dynamic-vertex-parallel,boolean-array,false,5,0.338336706161499,0.000281
roadNet-CA,SparsePush-DensePull,dynamic-vertex-parallel,bitvector,false,5,0.33733415603637695,0.00027
roadNet-CA,SparsePush-DensePull,static-vertex-parallel,boolean-array,false,5,0.3364863395690918,0.000331
roadNet-CA,SparsePush-DensePull,static-vertex-parallel,bitvector,false,5,0.3382134437561035,0.000261
roadNet-CA,SparsePush-DensePull,edge-aware-dynamic-vertex-parallel,boolean-array,false,5,0.3356499671936035,0.000235
roadNet-CA,SparsePush-DensePull,edge-aware-dynamic-vertex-parallel,bitvector,false,5,0.3387291431427002,0.000262
roadNet-CA,DensePull,serial,boolean-array,false,10,0.6087970733642578,0.27012
roadNet-CA,DensePull,serial,bitvector,false,10,0.6248576641082764,0.286185
roadNet-CA,DensePull,dynamic-vertex-parallel,boolean-array,false,10,0.363051176071167,0.024658
roadNet-CA,DensePull,dynamic-vertex-parallel,bitvector,false,10,0.36922550201416016,0.029551
roadNet-CA,DensePull,static-vertex-parallel,boolean-array,false,10,0.3663780689239502,0.025077
roadNet-CA,DensePull,static-vertex-parallel,bitvector,false,10,0.3671128749847412,0.028167
roadNet-CA,DensePull,edge-aware-dynamic-vertex-parallel,boolean-array,false,10,0.6395835876464844,0.297902
roadNet-CA,DensePull,edge-aware-dynamic-vertex-parallel,bitvector,false,10,0.6342747211456299,0.293853
roadNet-CA,DensePull-SparsePush,serial,boolean-array,false,10,0.3385629653930664,0.000183
roadNet-CA,DensePull-SparsePush,serial,bitvector,false,10,0.33858346939086914,0.000206
roadNet-CA,DensePull-SparsePush,dynamic-vertex-parallel,boolean-array,false,10,0.3396923542022705,0.000334
roadNet-CA,DensePull-SparsePush,dynamic-vertex-parallel,bitvector,false,10,0.33967089653015137,0.000331
roadNet-CA,DensePull-SparsePush,static-vertex-parallel,boolean-array,false,10,0.33664989471435547,0.000227
roadNet-CA,DensePull-SparsePush,static-vertex-parallel,bitvector,false,10,0.3392829895019531,0.00034
roadNet-CA,DensePull-SparsePush,edge-aware-dynamic-vertex-parallel,boolean-array,false,10,0.3389904499053955,0.000289
roadNet-CA,DensePull-SparsePush,edge-aware-dynamic-vertex-parallel,bitvector,false,10,0.33799052238464355,0.000273
roadNet-CA,SparsePush-DensePull,serial,boolean-array,false,10,0.3385138511657715,0.000198
roadNet-CA,SparsePush-DensePull,serial,bitvector,false,10,0.3404421806335449,0.000198
roadNet-CA,SparsePush-DensePull,dynamic-vertex-parallel,boolean-array,false,10,0.3366541862487793,0.000233
roadNet-CA,SparsePush-DensePull,dynamic-vertex-parallel,bitvector,false,10,0.3372652530670166,0.000267
roadNet-CA,SparsePush-DensePull,static-vertex-parallel,boolean-array,false,10,0.3391590118408203,0.000269
roadNet-CA,SparsePush-DensePull,static-vertex-parallel,bitvector,false,10,0.33634114265441895,0.00029
roadNet-CA,SparsePush-DensePull,edge-aware-dynamic-vertex-parallel,boolean-array,false,10,0.33853578567504883,0.000269
roadNet-CA,SparsePush-DensePull,edge-aware-dynamic-vertex-parallel,bitvector,false,10,0.33782052993774414,0.000269
roadNet-CA,DensePull,serial,boolean-array,false,15,0.6147840023040771,0.275954
roadNet-CA,DensePull,serial,bitvector,false,15,0.6275529861450195,0.288847
roadNet-CA,DensePull,dynamic-vertex-parallel,boolean-array,false,15,0.36510610580444336,0.025564
roadNet-CA,DensePull,dynamic-vertex-parallel,bitvector,false,15,0.36743593215942383,0.029436
roadNet-CA,DensePull,static-vertex-parallel,boolean-array,false,15,0.3642585277557373,0.025539
roadNet-CA,DensePull,static-vertex-parallel,bitvector,false,15,0.3677654266357422,0.029804
roadNet-CA,DensePull,edge-aware-dynamic-vertex-parallel,boolean-array,false,15,0.6311740875244141,0.291747
roadNet-CA,DensePull,edge-aware-dynamic-vertex-parallel,bitvector,false,15,0.6360476016998291,0.295838
roadNet-CA,DensePull-SparsePush,serial,boolean-array,false,15,0.3390474319458008,0.000201
roadNet-CA,DensePull-SparsePush,serial,bitvector,false,15,0.336700439453125,0.000175
roadNet-CA,DensePull-SparsePush,dynamic-vertex-parallel,boolean-array,false,15,0.3392798900604248,0.000272
roadNet-CA,DensePull-SparsePush,dynamic-vertex-parallel,bitvector,false,15,0.3380756378173828,0.000269
roadNet-CA,DensePull-SparsePush,static-vertex-parallel,boolean-array,false,15,0.33750033378601074,0.000233
roadNet-CA,DensePull-SparsePush,static-vertex-parallel,bitvector,false,15,0.3364555835723877,0.000242
roadNet-CA,DensePull-SparsePush,edge-aware-dynamic-vertex-parallel,boolean-array,false,15,0.3370177745819092,0.000319
roadNet-CA,DensePull-SparsePush,edge-aware-dynamic-vertex-parallel,bitvector,false,15,0.33899450302124023,0.000286
roadNet-CA,SparsePush-DensePull,serial,boolean-array,false,15,0.33843374252319336,0.000204
roadNet-CA,SparsePush-DensePull,serial,bitvector,false,15,0.33855748176574707,0.000214
roadNet-CA,SparsePush-DensePull,dynamic-vertex-parallel,boolean-array,false,15,0.3381953239440918,0.000267
roadNet-CA,SparsePush-DensePull,dynamic-vertex-parallel,bitvector,false,15,0.3367469310760498,0.000262
roadNet-CA,SparsePush-DensePull,static-vertex-parallel,boolean-array,false,15,0.33876562118530273,0.000244
roadNet-CA,SparsePush-DensePull,static-vertex-parallel,bitvector,false,15,0.3363931179046631,0.000257
roadNet-CA,SparsePush-DensePull,edge-aware-dynamic-vertex-parallel,boolean-array,false,15,0.3387131690979004,0.000257
roadNet-CA,SparsePush-DensePull,edge-aware-dynamic-vertex-parallel,bitvector,false,15,0.33818602561950684,0.000321
roadNet-CA,DensePull,serial,boolean-array,false,20,0.609255313873291,0.271812
roadNet-CA,DensePull,serial,bitvector,false,20,0.6242287158966064,0.28616
roadNet-CA,DensePull,dynamic-vertex-parallel,boolean-array,false,20,0.3652822971343994,0.02604
roadNet-CA,DensePull,dynamic-vertex-parallel,bitvector,false,20,0.36713194847106934,0.030093
roadNet-CA,DensePull,static-vertex-parallel,boolean-array,false,20,0.36823010444641113,0.0267
roadNet-CA,DensePull,static-vertex-parallel,bitvector,false,20,0.36940836906433105,0.030053
roadNet-CA,DensePull,edge-aware-dynamic-vertex-parallel,boolean-array,false,20,0.6328845024108887,0.292048
roadNet-CA,DensePull,edge-aware-dynamic-vertex-parallel,bitvector,false,20,0.6344566345214844,0.295075
roadNet-CA,DensePull-SparsePush,serial,boolean-array,false,20,0.337691068649292,0.000215
roadNet-CA,DensePull-SparsePush,serial,bitvector,false,20,0.33959507942199707,0.000231
roadNet-CA,DensePull-SparsePush,dynamic-vertex-parallel,boolean-array,false,20,0.338620662689209,0.000251
roadNet-CA,DensePull-SparsePush,dynamic-vertex-parallel,bitvector,false,20,0.33785223960876465,0.000237
roadNet-CA,DensePull-SparsePush,static-vertex-parallel,boolean-array,false,20,0.33824825286865234,0.000247
roadNet-CA,DensePull-SparsePush,static-vertex-parallel,bitvector,false,20,0.3390536308288574,0.000247
roadNet-CA,DensePull-SparsePush,edge-aware-dynamic-vertex-parallel,boolean-array,false,20,0.3395957946777344,0.000267
roadNet-CA,DensePull-SparsePush,edge-aware-dynamic-vertex-parallel,bitvector,false,20,0.33715343475341797,0.000304
roadNet-CA,SparsePush-DensePull,serial,boolean-array,false,20,0.3365767002105713,0.000242
roadNet-CA,SparsePush-DensePull,serial,bitvector,false,20,0.3374147415161133,0.000197
roadNet-CA,SparsePush-DensePull,dynamic-vertex-parallel,boolean-array,false,20,0.33637213706970215,0.000238
roadNet-CA,SparsePush-DensePull,dynamic-vertex-parallel,bitvector,false,20,0.3382713794708252,0.000253
roadNet-CA,SparsePush-DensePull,static-vertex-parallel,boolean-array,false,20,0.33751845359802246,0.00028
roadNet-CA,SparsePush-DensePull,static-vertex-parallel,bitvector,false,20,0.3359696865081787,0.000269
roadNet-CA,SparsePush-DensePull,edge-aware-dynamic-vertex-parallel,boolean-array,false,20,0.33794283866882324,0.000244
roadNet-CA,SparsePush-DensePull,edge-aware-dynamic-vertex-parallel,bitvector,false,20,0.338886022567749,0.000286
