youtube-u-growth,SparsePush,serial,boolean-array,false,0,5.83704686164856,0.221617
dblp_coauthor,SparsePush,serial,boolean-array,false,0,17.88797092437744,0.2538
soc-LiveJournal1,SparsePush,serial,boolean-array,false,0,44.387229681015015,0.817215
orkut-links,SparsePush,serial,boolean-array,false,0,71.31181979179382,0.797057
roadNet-CA,SparsePush,serial,boolean-array,false,0,1.7096786499023438,0.001004
youtube-u-growth,SparsePush,dynamic-vertex-parallel,boolean-array,false,0,5.650441646575928,0.037106
dblp_coauthor,SparsePush,dynamic-vertex-parallel,boolean-array,false,0,17.63986611366272,0.036652
soc-LiveJournal1,SparsePush,dynamic-vertex-parallel,boolean-array,false,0,43.92596912384033,0.061853
orkut-links,SparsePush,dynamic-vertex-parallel,boolean-array,false,0,62.20233511924744,0.08303
roadNet-CA,SparsePush,dynamic-vertex-parallel,boolean-array,false,0,1.73976731300354,0.012412
youtube-u-growth,SparsePush,static-vertex-parallel,boolean-array,false,0,5.586077451705933,0.03528
dblp_coauthor,SparsePush,static-vertex-parallel,boolean-array,false,0,17.711201906204224,0.035324
soc-LiveJournal1,SparsePush,static-vertex-parallel,boolean-array,false,0,43.97390842437744,0.065831
orkut-links,SparsePush,static-vertex-parallel,boolean-array,false,0,70.62961602210999,0.097026
roadNet-CA,SparsePush,static-vertex-parallel,boolean-array,false,0,1.7200753688812256,0.003613
youtube-u-growth,DensePull,serial,boolean-array,false,0,6.0114898681640625,0.313411
dblp_coauthor,DensePull,serial,boolean-array,false,0,18.012037992477417,0.368084
soc-LiveJournal1,DensePull,serial,boolean-array,false,0,44.85310244560242,1.05536
orkut-links,DensePull,serial,boolean-array,false,0,70.92287302017212,1.04763
roadNet-CA,DensePull,serial,boolean-array,false,0,2.4050512313842773,0.694726
youtube-u-growth,DensePull,serial,bitvector,false,0,5.871742010116577,0.284781
dblp_coauthor,DensePull,serial,bitvector,false,0,17.859432458877563,0.318073
soc-LiveJournal1,DensePull,serial,bitvector,false,0,44.99789476394653,0.849586
orkut-links,DensePull,serial,bitvector,false,0,54.749598264694214,0.771638
roadNet-CA,DensePull,serial,bitvector,false,0,2.2924766540527344,0.564844
youtube-u-growth,DensePull,dynamic-vertex-parallel,boolean-array,false,0,5.694810390472412,0.035791
dblp_coauthor,DensePull,dynamic-vertex-parallel,boolean-array,false,0,17.65951371192932,0.034866
soc-LiveJournal1,DensePull,dynamic-vertex-parallel,boolean-array,false,0,44.20011854171753,0.056359
orkut-links,DensePull,dynamic-vertex-parallel,boolean-array,false,0,70.48501944541931,0.09787
roadNet-CA,DensePull,dynamic-vertex-parallel,boolean-array,false,0,1.7495486736297607,0.047432
youtube-u-growth,DensePull,dynamic-vertex-parallel,bitvector,false,0,5.585604667663574,0.047674
dblp_coauthor,DensePull,dynamic-vertex-parallel,bitvector,false,0,17.71791362762451,0.056579
soc-LiveJournal1,DensePull,dynamic-vertex-parallel,bitvector,false,0,44.03283452987671,0.068164
orkut-links,DensePull,dynamic-vertex-parallel,bitvector,false,0,69.85555338859558,0.07142
roadNet-CA,DensePull,dynamic-vertex-parallel,bitvector,false,0,1.7712936401367188,0.064109
youtube-u-growth,DensePull,static-vertex-parallel,boolean-array,false,0,5.605483293533325,0.036677
dblp_coauthor,DensePull,static-vertex-parallel,boolean-array,false,0,17.54850435256958,0.036877
soc-LiveJournal1,DensePull,static-vertex-parallel,boolean-array,false,0,44.10724210739136,0.05851
orkut-links,DensePull,static-vertex-parallel,boolean-array,false,0,70.58456873893738,0.058577
roadNet-CA,DensePull,static-vertex-parallel,boolean-array,false,0,1.7493793964385986,0.051914
youtube-u-growth,DensePull,static-vertex-parallel,bitvector,false,0,5.60068678855896,0.053401
dblp_coauthor,DensePull,static-vertex-parallel,bitvector,false,0,17.710090160369873,0.045167
soc-LiveJournal1,DensePull,static-vertex-parallel,bitvector,false,0,43.038755893707275,0.095285
orkut-links,DensePull,static-vertex-parallel,bitvector,false,0,71.13844084739685,0.068652
roadNet-CA,DensePull,static-vertex-parallel,bitvector,false,0,1.8159494400024414,0.108072
youtube-u-growth,DensePull,edge-aware-dynamic-vertex-parallel,boolean-array,false,0,5.6216840744018555,0.042185
dblp_coauthor,DensePull,edge-aware-dynamic-vertex-parallel,boolean-array,false,0,17.62032699584961,0.04171
soc-LiveJournal1,DensePull,edge-aware-dynamic-vertex-parallel,boolean-array,false,0,42.93490529060364,0.063932
orkut-links,DensePull,edge-aware-dynamic-vertex-parallel,boolean-array,false,0,69.29276752471924,0.069985
roadNet-CA,DensePull,edge-aware-dynamic-vertex-parallel,boolean-array,false,0,1.76529860496521,0.065809
youtube-u-growth,DensePull,edge-aware-dynamic-vertex-parallel,bitvector,false,0,5.647669792175293,0.063234
dblp_coauthor,DensePull,edge-aware-dynamic-vertex-parallel,bitvector,false,0,17.67637300491333,0.04808
soc-LiveJournal1,DensePull,edge-aware-dynamic-vertex-parallel,bitvector,false,0,44.01984238624573,0.074068
orkut-links,DensePull,edge-aware-dynamic-vertex-parallel,bitvector,false,0,66.12758207321167,0.06488
roadNet-CA,DensePull,edge-aware-dynamic-vertex-parallel,bitvector,false,0,1.7870516777038574,0.09309
youtube-u-growth,DensePull-SparsePush,serial,boolean-array,false,0,5.635152816772461,0.156527
dblp_coauthor,DensePull-SparsePush,serial,boolean-array,false,0,14.500617504119873,0.135337
soc-LiveJournal1,DensePull-SparsePush,serial,boolean-array,false,0,44.20055818557739,0.35502
orkut-links,DensePull-SparsePush,serial,boolean-array,false,0,70.13764429092407,0.094096
roadNet-CA,DensePull-SparsePush,serial,boolean-array,false,0,1.6941213607788086,0.001944
youtube-u-growth,DensePull-SparsePush,serial,bitvector,false,0,5.720660448074341,0.138208
dblp_coauthor,DensePull-SparsePush,serial,bitvector,false,0,17.835092782974243,0.123614
soc-LiveJournal1,DensePull-SparsePush,serial,bitvector,false,0,44.07197713851929,0.285454
orkut-links,DensePull-SparsePush,serial,bitvector,false,0,65.98112058639526,0.101007
roadNet-CA,DensePull-SparsePush,serial,bitvector,false,0,1.710059404373169,0.003336
youtube-u-growth,DensePull-SparsePush,dynamic-vertex-parallel,boolean-array,false,0,5.692493200302124,0.030014
dblp_coauthor,DensePull-SparsePush,dynamic-vertex-parallel,boolean-array,false,0,17.470688819885254,0.034968
soc-LiveJournal1,DensePull-SparsePush,dynamic-vertex-parallel,boolean-array,false,0,42.81441378593445,0.036189
orkut-links,DensePull-SparsePush,dynamic-vertex-parallel,boolean-array,false,0,70.14342260360718,0.025241
roadNet-CA,DensePull-SparsePush,dynamic-vertex-parallel,boolean-array,false,0,1.6679773330688477,0.001178
youtube-u-growth,DensePull-SparsePush,dynamic-vertex-parallel,bitvector,false,0,5.742672443389893,0.059596
dblp_coauthor,DensePull-SparsePush,dynamic-vertex-parallel,bitvector,false,0,17.661355018615723,0.03089
soc-LiveJournal1,DensePull-SparsePush,dynamic-vertex-parallel,bitvector,false,0,43.74111032485962,0.039505
orkut-links,DensePull-SparsePush,dynamic-vertex-parallel,bitvector,false,0,64.41888523101807,0.02229
roadNet-CA,DensePull-SparsePush,dynamic-vertex-parallel,bitvector,false,0,1.7103087902069092,0.001714
youtube-u-growth,DensePull-SparsePush,static-vertex-parallel,boolean-array,false,0,5.367051362991333,0.045512
dblp_coauthor,DensePull-SparsePush,static-vertex-parallel,boolean-array,false,0,17.554736852645874,0.029008
soc-LiveJournal1,DensePull-SparsePush,static-vertex-parallel,boolean-array,false,0,44.177520751953125,0.033865
orkut-links,DensePull-SparsePush,static-vertex-parallel,boolean-array,false,0,70.90226578712463,0.040355
roadNet-CA,DensePull-SparsePush,static-vertex-parallel,boolean-array,false,0,1.6759216785430908,0.001396
youtube-u-growth,DensePull-SparsePush,static-vertex-parallel,bitvector,false,0,5.597123622894287,0.034944
dblp_coauthor,DensePull-SparsePush,static-vertex-parallel,bitvector,false,0,17.921071767807007,0.032818
soc-LiveJournal1,DensePull-SparsePush,static-vertex-parallel,bitvector,false,0,43.477442502975464,0.035827
orkut-links,DensePull-SparsePush,static-vertex-parallel,bitvector,false,0,69.81988573074341,0.029097
roadNet-CA,DensePull-SparsePush,static-vertex-parallel,bitvector,false,0,1.7106118202209473,0.00318
youtube-u-growth,DensePull-SparsePush,edge-aware-dynamic-vertex-parallel,boolean-array,false,0,5.61414909362793,0.032076
dblp_coauthor,DensePull-SparsePush,edge-aware-dynamic-vertex-parallel,boolean-array,false,0,17.747621536254883,0.02806
soc-LiveJournal1,DensePull-SparsePush,edge-aware-dynamic-vertex-parallel,boolean-array,false,0,44.171000719070435,0.056614
orkut-links,DensePull-SparsePush,edge-aware-dynamic-vertex-parallel,boolean-array,false,0,70.20803666114807,0.029684
roadNet-CA,DensePull-SparsePush,edge-aware-dynamic-vertex-parallel,boolean-array,false,0,1.7115483283996582,0.001451
youtube-u-growth,DensePull-SparsePush,edge-aware-dynamic-vertex-parallel,bitvector,false,0,3.5338661670684814,0.03862
dblp_coauthor,DensePull-SparsePush,edge-aware-dynamic-vertex-parallel,bitvector,false,0,17.70573925971985,0.026727
soc-LiveJournal1,DensePull-SparsePush,edge-aware-dynamic-vertex-parallel,bitvector,false,0,43.89771127700806,0.049157
orkut-links,DensePull-SparsePush,edge-aware-dynamic-vertex-parallel,bitvector,false,0,70.45724964141846,0.059018
roadNet-CA,DensePull-SparsePush,edge-aware-dynamic-vertex-parallel,bitvector,false,0,1.7033092975616455,0.001105
youtube-u-growth,SparsePush-DensePull,serial,boolean-array,false,0,5.753632545471191,0.154318
dblp_coauthor,SparsePush-DensePull,serial,boolean-array,false,0,15.038613557815552,0.144615
soc-LiveJournal1,SparsePush-DensePull,serial,boolean-array,false,0,44.05853271484375,0.32297
orkut-links,SparsePush-DensePull,serial,boolean-array,false,0,69.87241792678833,0.094031
roadNet-CA,SparsePush-DensePull,serial,boolean-array,false,0,1.7090623378753662,0.00136
youtube-u-growth,SparsePush-DensePull,serial,bitvector,false,0,5.70995831489563,0.139918
dblp_coauthor,SparsePush-DensePull,serial,bitvector,false,0,17.844682693481445,0.120497
soc-LiveJournal1,SparsePush-DensePull,serial,bitvector,false,0,43.662163734436035,0.291698
orkut-links,SparsePush-DensePull,serial,bitvector,false,0,70.29984045028687,0.096282
roadNet-CA,SparsePush-DensePull,serial,bitvector,false,0,1.70401930809021,0.000671
youtube-u-growth,SparsePush-DensePull,dynamic-vertex-parallel,boolean-array,false,0,5.606008052825928,0.03317
dblp_coauthor,SparsePush-DensePull,dynamic-vertex-parallel,boolean-array,false,0,17.63847279548645,0.029691
soc-LiveJournal1,SparsePush-DensePull,dynamic-vertex-parallel,boolean-array,false,0,43.74655771255493,0.033454
orkut-links,SparsePush-DensePull,dynamic-vertex-parallel,boolean-array,false,0,70.19304609298706,0.027307
roadNet-CA,SparsePush-DensePull,dynamic-vertex-parallel,boolean-array,false,0,1.7179460525512695,0.003538
youtube-u-growth,SparsePush-DensePull,dynamic-vertex-parallel,bitvector,false,0,5.63385272026062,0.034119
dblp_coauthor,SparsePush-DensePull,dynamic-vertex-parallel,bitvector,false,0,17.697569608688354,0.032029
soc-LiveJournal1,SparsePush-DensePull,dynamic-vertex-parallel,bitvector,false,0,43.898600816726685,0.039358
orkut-links,SparsePush-DensePull,dynamic-vertex-parallel,bitvector,false,0,69.99077272415161,0.023784
roadNet-CA,SparsePush-DensePull,dynamic-vertex-parallel,bitvector,false,0,1.7066757678985596,0.001225
youtube-u-growth,SparsePush-DensePull,static-vertex-parallel,boolean-array,false,0,5.693544864654541,0.048231
dblp_coauthor,SparsePush-DensePull,static-vertex-parallel,boolean-array,false,0,17.586997509002686,0.02924
soc-LiveJournal1,SparsePush-DensePull,static-vertex-parallel,boolean-array,false,0,43.73290419578552,0.037247
orkut-links,SparsePush-DensePull,static-vertex-parallel,boolean-array,false,0,70.39012169837952,0.028828
roadNet-CA,SparsePush-DensePull,static-vertex-parallel,boolean-array,false,0,1.6889879703521729,0.001598
youtube-u-growth,SparsePush-DensePull,static-vertex-parallel,bitvector,false,0,5.613969326019287,0.033585
dblp_coauthor,SparsePush-DensePull,static-vertex-parallel,bitvector,false,0,17.738109350204468,0.029923
soc-LiveJournal1,SparsePush-DensePull,static-vertex-parallel,bitvector,false,0,43.90507531166077,0.035466
orkut-links,SparsePush-DensePull,static-vertex-parallel,bitvector,false,0,66.71103477478027,0.027885
roadNet-CA,SparsePush-DensePull,static-vertex-parallel,bitvector,false,0,1.7067461013793945,0.003494
youtube-u-growth,SparsePush-DensePull,edge-aware-dynamic-vertex-parallel,boolean-array,false,0,5.637279033660889,0.038607
dblp_coauthor,SparsePush-DensePull,edge-aware-dynamic-vertex-parallel,boolean-array,false,0,17.738353490829468,0.035808
soc-LiveJournal1,SparsePush-DensePull,edge-aware-dynamic-vertex-parallel,boolean-array,false,0,44.0845673084259,0.053225
orkut-links,SparsePush-DensePull,edge-aware-dynamic-vertex-parallel,boolean-array,false,0,66.35045599937439,0.033254
roadNet-CA,SparsePush-DensePull,edge-aware-dynamic-vertex-parallel,boolean-array,false,0,1.714111566543579,0.001981
youtube-u-growth,SparsePush-DensePull,edge-aware-dynamic-vertex-parallel,bitvector,false,0,5.500783205032349,0.065869
dblp_coauthor,SparsePush-DensePull,edge-aware-dynamic-vertex-parallel,bitvector,false,0,17.684290170669556,0.041177
soc-LiveJournal1,SparsePush-DensePull,edge-aware-dynamic-vertex-parallel,bitvector,false,0,44.088597774505615,0.050993
orkut-links,SparsePush-DensePull,edge-aware-dynamic-vertex-parallel,bitvector,false,0,70.8695240020752,0.032076
roadNet-CA,SparsePush-DensePull,edge-aware-dynamic-vertex-parallel,bitvector,false,0,1.7170231342315674,0.003398
youtube-u-growth,DensePush-SparsePush,serial,boolean-array,false,0,5.867148399353027,0.185887
dblp_coauthor,DensePush-SparsePush,serial,boolean-array,false,0,18.582520246505737,0.168967
soc-LiveJournal1,DensePush-SparsePush,serial,boolean-array,false,0,44.38875722885132,0.520006
orkut-links,DensePush-SparsePush,serial,boolean-array,false,0,70.17886161804199,0.506084
roadNet-CA,DensePush-SparsePush,serial,boolean-array,false,0,1.7070558071136475,0.001056
youtube-u-growth,DensePush-SparsePush,dynamic-vertex-parallel,boolean-array,false,0,5.600281000137329,0.034978
dblp_coauthor,DensePush-SparsePush,dynamic-vertex-parallel,boolean-array,false,0,17.661621809005737,0.030474
soc-LiveJournal1,DensePush-SparsePush,dynamic-vertex-parallel,boolean-array,false,0,43.540937423706055,0.05368
orkut-links,DensePush-SparsePush,dynamic-vertex-parallel,boolean-array,false,0,69.5476508140564,0.057224
roadNet-CA,DensePush-SparsePush,dynamic-vertex-parallel,boolean-array,false,0,1.7009391784667969,0.00172
youtube-u-growth,DensePush-SparsePush,static-vertex-parallel,boolean-array,false,0,5.596306562423706,0.042624
dblp_coauthor,DensePush-SparsePush,static-vertex-parallel,boolean-array,false,0,17.62175726890564,0.030115
soc-LiveJournal1,DensePush-SparsePush,static-vertex-parallel,boolean-array,false,0,43.39362692832947,0.041015
orkut-links,DensePush-SparsePush,static-vertex-parallel,boolean-array,false,0,69.98302125930786,0.05492
roadNet-CA,DensePush-SparsePush,static-vertex-parallel,boolean-array,false,0,1.7231743335723877,0.003879
youtube-u-growth,DensePull,serial,boolean-array,false,5,6.139837741851807,0.373785
dblp_coauthor,DensePull,serial,boolean-array,false,5,18.413477182388306,0.482765
soc-LiveJournal1,DensePull,serial,boolean-array,false,5,46.18675184249878,1.25935
orkut-links,DensePull,serial,boolean-array,false,5,72.5323235988617,1.13732
roadNet-CA,DensePull,serial,boolean-array,false,5,2.3214149475097656,0.549121
youtube-u-growth,DensePull,serial,bitvector,false,5,6.158974885940552,0.383829
dblp_coauthor,DensePull,serial,bitvector,false,5,18.599366664886475,0.484957
soc-LiveJournal1,DensePull,serial,bitvector,false,5,45.99288558959961,1.1987
orkut-links,DensePull,serial,bitvector,false,5,72.66298198699951,1.14118
roadNet-CA,DensePull,serial,bitvector,false,5,2.385343313217163,0.619504
youtube-u-growth,DensePull,dynamic-vertex-parallel,boolean-array,false,5,5.851128578186035,0.073938
dblp_coauthor,DensePull,dynamic-vertex-parallel,boolean-array,false,5,18.00951910018921,0.049278
soc-LiveJournal1,DensePull,dynamic-vertex-parallel,boolean-array,false,5,44.96151065826416,0.083998
orkut-links,DensePull,dynamic-vertex-parallel,boolean-array,false,5,71.52523303031921,0.06979
roadNet-CA,DensePull,dynamic-vertex-parallel,boolean-array,false,5,1.8261137008666992,0.063453
youtube-u-growth,DensePull,dynamic-vertex-parallel,bitvector,false,5,5.85152530670166,0.066967
dblp_coauthor,DensePull,dynamic-vertex-parallel,bitvector,false,5,17.930674076080322,0.052935
soc-LiveJournal1,DensePull,dynamic-vertex-parallel,bitvector,false,5,44.93521022796631,0.086495
orkut-links,DensePull,dynamic-vertex-parallel,bitvector,false,5,73.38332056999207,0.080871
roadNet-CA,DensePull,dynamic-vertex-parallel,bitvector,false,5,1.8390471935272217,0.07092
youtube-u-growth,DensePull,static-vertex-parallel,boolean-array,false,5,5.801568984985352,0.060018
dblp_coauthor,DensePull,static-vertex-parallel,boolean-array,false,5,18.059983730316162,0.049953
soc-LiveJournal1,DensePull,static-vertex-parallel,boolean-array,false,5,45.05177307128906,0.080133
orkut-links,DensePull,static-vertex-parallel,boolean-array,false,5,71.35097002983093,0.064527
roadNet-CA,DensePull,static-vertex-parallel,boolean-array,false,5,1.8290462493896484,0.063148
youtube-u-growth,DensePull,static-vertex-parallel,bitvector,false,5,6.086161136627197,0.070381
dblp_coauthor,DensePull,static-vertex-parallel,bitvector,false,5,17.99944519996643,0.055237
soc-LiveJournal1,DensePull,static-vertex-parallel,bitvector,false,5,44.86393451690674,0.081766
orkut-links,DensePull,static-vertex-parallel,bitvector,false,5,71.6329095363617,0.076864
roadNet-CA,DensePull,static-vertex-parallel,bitvector,false,5,1.909125804901123,0.07388
youtube-u-growth,DensePull,edge-aware-dynamic-vertex-parallel,boolean-array,false,5,5.878075838088989,0.089097
dblp_coauthor,DensePull,edge-aware-dynamic-vertex-parallel,boolean-array,false,5,18.006725788116455,0.056317
soc-LiveJournal1,DensePull,edge-aware-dynamic-vertex-parallel,boolean-array,false,5,45.06407046318054,0.091997
orkut-links,DensePull,edge-aware-dynamic-vertex-parallel,boolean-array,false,5,72.17642498016357,0.078078
roadNet-CA,DensePull,edge-aware-dynamic-vertex-parallel,boolean-array,false,5,1.8346338272094727,0.075069
youtube-u-growth,DensePull,edge-aware-dynamic-vertex-parallel,bitvector,false,5,5.9114720821380615,0.102769
dblp_coauthor,DensePull,edge-aware-dynamic-vertex-parallel,bitvector,false,5,13.849259853363037,0.060681
soc-LiveJournal1,DensePull,edge-aware-dynamic-vertex-parallel,bitvector,false,5,45.122631311416626,0.098041
orkut-links,DensePull,edge-aware-dynamic-vertex-parallel,bitvector,false,5,71.85801935195923,0.072096
roadNet-CA,DensePull,edge-aware-dynamic-vertex-parallel,bitvector,false,5,1.8441855907440186,0.081172
youtube-u-growth,DensePull-SparsePush,serial,boolean-array,false,5,5.98419713973999,0.203682
dblp_coauthor,DensePull-SparsePush,serial,boolean-array,false,5,18.085560083389282,0.163626
soc-LiveJournal1,DensePull-SparsePush,serial,boolean-array,false,5,45.13110375404358,0.414757
orkut-links,DensePull-SparsePush,serial,boolean-array,false,5,72.1444742679596,0.092352
roadNet-CA,DensePull-SparsePush,serial,boolean-array,false,5,1.761559009552002,0.001236
youtube-u-growth,DensePull-SparsePush,serial,bitvector,false,5,6.0044167041778564,0.239677
dblp_coauthor,DensePull-SparsePush,serial,bitvector,false,5,18.374284505844116,0.161124
soc-LiveJournal1,DensePull-SparsePush,serial,bitvector,false,5,44.54783344268799,0.387217
orkut-links,DensePull-SparsePush,serial,bitvector,false,5,70.37468218803406,0.101927
roadNet-CA,DensePull-SparsePush,serial,bitvector,false,5,1.7683124542236328,0.001384
youtube-u-growth,DensePull-SparsePush,dynamic-vertex-parallel,boolean-array,false,5,5.73578405380249,0.047135
dblp_coauthor,DensePull-SparsePush,dynamic-vertex-parallel,boolean-array,false,5,18.131488800048828,0.028925
soc-LiveJournal1,DensePull-SparsePush,dynamic-vertex-parallel,boolean-array,false,5,44.903215408325195,0.048385
orkut-links,DensePull-SparsePush,dynamic-vertex-parallel,boolean-array,false,5,71.22339677810669,0.027589
roadNet-CA,DensePull-SparsePush,dynamic-vertex-parallel,boolean-array,false,5,1.7726662158966064,0.001855
youtube-u-growth,DensePull-SparsePush,dynamic-vertex-parallel,bitvector,false,5,5.775793552398682,0.046761
dblp_coauthor,DensePull-SparsePush,dynamic-vertex-parallel,bitvector,false,5,17.785369873046875,0.032193
soc-LiveJournal1,DensePull-SparsePush,dynamic-vertex-parallel,bitvector,false,5,44.86056613922119,0.045761
orkut-links,DensePull-SparsePush,dynamic-vertex-parallel,bitvector,false,5,70.83476543426514,0.027667
roadNet-CA,DensePull-SparsePush,dynamic-vertex-parallel,bitvector,false,5,1.7718839645385742,0.001681
youtube-u-growth,DensePull-SparsePush,static-vertex-parallel,boolean-array,false,5,5.793813228607178,0.048496
dblp_coauthor,DensePull-SparsePush,static-vertex-parallel,boolean-array,false,5,18.008442640304565,0.038577
soc-LiveJournal1,DensePull-SparsePush,static-vertex-parallel,boolean-array,false,5,43.45370697975159,0.044314
orkut-links,DensePull-SparsePush,static-vertex-parallel,boolean-array,false,5,71.06088662147522,0.034085
roadNet-CA,DensePull-SparsePush,static-vertex-parallel,boolean-array,false,5,1.5479793548583984,0.001506
youtube-u-growth,DensePull-SparsePush,static-vertex-parallel,bitvector,false,5,5.815698862075806,0.042543
dblp_coauthor,DensePull-SparsePush,static-vertex-parallel,bitvector,false,5,18.046159267425537,0.044725
soc-LiveJournal1,DensePull-SparsePush,static-vertex-parallel,bitvector,false,5,45.33711242675781,0.045233
orkut-links,DensePull-SparsePush,static-vertex-parallel,bitvector,false,5,66.22365522384644,0.028758
roadNet-CA,DensePull-SparsePush,static-vertex-parallel,bitvector,false,5,1.7746920585632324,0.003522
youtube-u-growth,DensePull-SparsePush,edge-aware-dynamic-vertex-parallel,boolean-array,false,5,5.939404726028442,0.072558
dblp_coauthor,DensePull-SparsePush,edge-aware-dynamic-vertex-parallel,boolean-array,false,5,17.980891466140747,0.050501
soc-LiveJournal1,DensePull-SparsePush,edge-aware-dynamic-vertex-parallel,boolean-array,false,5,44.579853773117065,0.056104
orkut-links,DensePull-SparsePush,edge-aware-dynamic-vertex-parallel,boolean-array,false,5,71.15291476249695,0.051614
roadNet-CA,DensePull-SparsePush,edge-aware-dynamic-vertex-parallel,boolean-array,false,5,1.7648200988769531,0.001096
youtube-u-growth,DensePull-SparsePush,edge-aware-dynamic-vertex-parallel,bitvector,false,5,5.834284067153931,0.076479
dblp_coauthor,DensePull-SparsePush,edge-aware-dynamic-vertex-parallel,bitvector,false,5,16.738656759262085,0.0387
soc-LiveJournal1,DensePull-SparsePush,edge-aware-dynamic-vertex-parallel,bitvector,false,5,43.32665491104126,0.061638
orkut-links,DensePull-SparsePush,edge-aware-dynamic-vertex-parallel,bitvector,false,5,71.44281029701233,0.036926
roadNet-CA,DensePull-SparsePush,edge-aware-dynamic-vertex-parallel,bitvector,false,5,1.773378849029541,0.001706
youtube-u-growth,SparsePush-DensePull,serial,boolean-array,false,5,5.9799065589904785,0.195344
dblp_coauthor,SparsePush-DensePull,serial,boolean-array,false,5,18.12353801727295,0.163065
soc-LiveJournal1,SparsePush-DensePull,serial,boolean-array,false,5,45.340964794158936,0.43292
orkut-links,SparsePush-DensePull,serial,boolean-array,false,5,70.17845726013184,0.105009
roadNet-CA,SparsePush-DensePull,serial,boolean-array,false,5,1.7558670043945312,0.001287
youtube-u-growth,SparsePush-DensePull,serial,bitvector,false,5,5.931336879730225,0.197072
dblp_coauthor,SparsePush-DensePull,serial,bitvector,false,5,18.172686338424683,0.172392
soc-LiveJournal1,SparsePush-DensePull,serial,bitvector,false,5,45.1549026966095,0.366145
orkut-links,SparsePush-DensePull,serial,bitvector,false,5,70.152010679245,0.099828
roadNet-CA,SparsePush-DensePull,serial,bitvector,false,5,1.7911972999572754,0.001065
youtube-u-growth,SparsePush-DensePull,dynamic-vertex-parallel,boolean-array,false,5,5.894829988479614,0.052289
dblp_coauthor,SparsePush-DensePull,dynamic-vertex-parallel,boolean-array,false,5,18.064186096191406,0.030681
soc-LiveJournal1,SparsePush-DensePull,dynamic-vertex-parallel,boolean-array,false,5,44.85986638069153,0.042488
orkut-links,SparsePush-DensePull,dynamic-vertex-parallel,boolean-array,false,5,71.9493625164032,0.033786
roadNet-CA,SparsePush-DensePull,dynamic-vertex-parallel,boolean-array,false,5,1.781031608581543,0.001682
youtube-u-growth,SparsePush-DensePull,dynamic-vertex-parallel,bitvector,false,5,5.794836044311523,0.048669
dblp_coauthor,SparsePush-DensePull,dynamic-vertex-parallel,bitvector,false,5,18.010106086730957,0.037823
soc-LiveJournal1,SparsePush-DensePull,dynamic-vertex-parallel,bitvector,false,5,44.71853303909302,0.044373
orkut-links,SparsePush-DensePull,dynamic-vertex-parallel,bitvector,false,5,70.76488709449768,0.032054
roadNet-CA,SparsePush-DensePull,dynamic-vertex-parallel,bitvector,false,5,1.7705488204956055,0.001195
youtube-u-growth,SparsePush-DensePull,static-vertex-parallel,boolean-array,false,5,6.106395959854126,0.048216
dblp_coauthor,SparsePush-DensePull,static-vertex-parallel,boolean-array,false,5,18.02442955970764,0.032918
soc-LiveJournal1,SparsePush-DensePull,static-vertex-parallel,boolean-array,false,5,44.904505252838135,0.054
orkut-links,SparsePush-DensePull,static-vertex-parallel,boolean-array,false,5,71.39303302764893,0.027363
roadNet-CA,SparsePush-DensePull,static-vertex-parallel,boolean-array,false,5,1.7738373279571533,0.001586
youtube-u-growth,SparsePush-DensePull,static-vertex-parallel,bitvector,false,5,5.7809178829193115,0.043775
dblp_coauthor,SparsePush-DensePull,static-vertex-parallel,bitvector,false,5,18.039552688598633,0.028346
soc-LiveJournal1,SparsePush-DensePull,static-vertex-parallel,bitvector,false,5,44.52739763259888,0.046048
orkut-links,SparsePush-DensePull,static-vertex-parallel,bitvector,false,5,70.69451689720154,0.023455
roadNet-CA,SparsePush-DensePull,static-vertex-parallel,bitvector,false,5,1.76934814453125,0.00174
youtube-u-growth,SparsePush-DensePull,edge-aware-dynamic-vertex-parallel,boolean-array,false,5,5.80743145942688,0.073194
dblp_coauthor,SparsePush-DensePull,edge-aware-dynamic-vertex-parallel,boolean-array,false,5,17.97207283973694,0.037853
soc-LiveJournal1,SparsePush-DensePull,edge-aware-dynamic-vertex-parallel,boolean-array,false,5,44.70894527435303,0.058424
orkut-links,SparsePush-DensePull,edge-aware-dynamic-vertex-parallel,boolean-array,false,5,70.85911417007446,0.039534
roadNet-CA,SparsePush-DensePull,edge-aware-dynamic-vertex-parallel,boolean-array,false,5,1.764228343963623,0.001951
youtube-u-growth,SparsePush-DensePull,edge-aware-dynamic-vertex-parallel,bitvector,false,5,5.829612493515015,0.077641
dblp_coauthor,SparsePush-DensePull,edge-aware-dynamic-vertex-parallel,bitvector,false,5,17.072582721710205,0.046759
soc-LiveJournal1,SparsePush-DensePull,edge-aware-dynamic-vertex-parallel,bitvector,false,5,44.92799377441406,0.06472
orkut-links,SparsePush-DensePull,edge-aware-dynamic-vertex-parallel,bitvector,false,5,71.23301029205322,0.035193
roadNet-CA,SparsePush-DensePull,edge-aware-dynamic-vertex-parallel,bitvector,false,5,1.864783763885498,0.001173
youtube-u-growth,DensePull,serial,boolean-array,false,10,6.1856162548065186,0.37326
dblp_coauthor,DensePull,serial,boolean-array,false,10,18.273467302322388,0.529197
soc-LiveJournal1,DensePull,serial,boolean-array,false,10,46.39427852630615,1.45901
orkut-links,DensePull,serial,boolean-array,false,10,72.68040943145752,1.35622
roadNet-CA,DensePull,serial,boolean-array,false,10,2.320685625076294,0.544649
youtube-u-growth,DensePull,serial,bitvector,false,10,6.1655354499816895,0.376444
dblp_coauthor,DensePull,serial,bitvector,false,10,18.685276985168457,0.60562
soc-LiveJournal1,DensePull,serial,bitvector,false,10,46.56130933761597,1.41341
orkut-links,DensePull,serial,bitvector,false,10,73.19116806983948,1.38928
roadNet-CA,DensePull,serial,bitvector,false,10,2.3752481937408447,0.610831
youtube-u-growth,DensePull,dynamic-vertex-parallel,boolean-array,false,10,5.854187726974487,0.071766
dblp_coauthor,DensePull,dynamic-vertex-parallel,boolean-array,false,10,18.082845449447632,0.065059
soc-LiveJournal1,DensePull,dynamic-vertex-parallel,boolean-array,false,10,44.71988821029663,0.097149
orkut-links,DensePull,dynamic-vertex-parallel,boolean-array,false,10,72.61764812469482,0.085744
roadNet-CA,DensePull,dynamic-vertex-parallel,boolean-array,false,10,1.850773811340332,0.087157
youtube-u-growth,DensePull,dynamic-vertex-parallel,bitvector,false,10,5.873702764511108,0.069834
dblp_coauthor,DensePull,dynamic-vertex-parallel,bitvector,false,10,18.070382356643677,0.065377
soc-LiveJournal1,DensePull,dynamic-vertex-parallel,bitvector,false,10,45.48671269416809,0.115157
orkut-links,DensePull,dynamic-vertex-parallel,bitvector,false,10,71.93815279006958,0.081098
roadNet-CA,DensePull,dynamic-vertex-parallel,bitvector,false,10,1.857654094696045,0.100382
youtube-u-growth,DensePull,static-vertex-parallel,boolean-array,false,10,5.842111349105835,0.069007
dblp_coauthor,DensePull,static-vertex-parallel,boolean-array,false,10,18.154929399490356,0.065234
soc-LiveJournal1,DensePull,static-vertex-parallel,boolean-array,false,10,44.52200198173523,0.100379
orkut-links,DensePull,static-vertex-parallel,boolean-array,false,10,70.4483585357666,0.083663
roadNet-CA,DensePull,static-vertex-parallel,boolean-array,false,10,1.8390007019042969,0.084307
youtube-u-growth,DensePull,static-vertex-parallel,bitvector,false,10,5.888737678527832,0.075286
dblp_coauthor,DensePull,static-vertex-parallel,bitvector,false,10,18.39428424835205,0.078584
soc-LiveJournal1,DensePull,static-vertex-parallel,bitvector,false,10,45.14124035835266,0.097804
orkut-links,DensePull,static-vertex-parallel,bitvector,false,10,72.40263366699219,0.078642
roadNet-CA,DensePull,static-vertex-parallel,bitvector,false,10,1.8437330722808838,0.092081
youtube-u-growth,DensePull,edge-aware-dynamic-vertex-parallel,boolean-array,false,10,5.900798559188843,0.100707
dblp_coauthor,DensePull,edge-aware-dynamic-vertex-parallel,boolean-array,false,10,18.078404903411865,0.070099
soc-LiveJournal1,DensePull,edge-aware-dynamic-vertex-parallel,boolean-array,false,10,43.697519302368164,0.114823
orkut-links,DensePull,edge-aware-dynamic-vertex-parallel,boolean-array,false,10,72.33482432365417,0.094724
roadNet-CA,DensePull,edge-aware-dynamic-vertex-parallel,boolean-array,false,10,1.8634147644042969,0.098562
youtube-u-growth,DensePull,edge-aware-dynamic-vertex-parallel,bitvector,false,10,5.976367712020874,0.150194
dblp_coauthor,DensePull,edge-aware-dynamic-vertex-parallel,bitvector,false,10,18.034396171569824,0.067727
soc-LiveJournal1,DensePull,edge-aware-dynamic-vertex-parallel,bitvector,false,10,45.27307105064392,0.114098
orkut-links,DensePull,edge-aware-dynamic-vertex-parallel,bitvector,false,10,72.38886165618896,0.094875
roadNet-CA,DensePull,edge-aware-dynamic-vertex-parallel,bitvector,false,10,1.9081156253814697,0.142879
youtube-u-growth,DensePull-SparsePush,serial,boolean-array,false,10,5.96754002571106,0.169284
dblp_coauthor,DensePull-SparsePush,serial,boolean-array,false,10,18.186593055725098,0.173185
soc-LiveJournal1,DensePull-SparsePush,serial,boolean-array,false,10,42.78021717071533,0.467117
orkut-links,DensePull-SparsePush,serial,boolean-array,false,10,72.23358201980591,0.105329
roadNet-CA,DensePull-SparsePush,serial,boolean-array,false,10,1.7658095359802246,0.000896
youtube-u-growth,DensePull-SparsePush,serial,bitvector,false,10,5.937319278717041,0.181932
dblp_coauthor,DensePull-SparsePush,serial,bitvector,false,10,18.214152574539185,0.182942
soc-LiveJournal1,DensePull-SparsePush,serial,bitvector,false,10,45.23128390312195,0.444653
orkut-links,DensePull-SparsePush,serial,bitvector,false,10,71.25109505653381,0.108597
roadNet-CA,DensePull-SparsePush,serial,bitvector,false,10,1.7888121604919434,0.000767
youtube-u-growth,DensePull-SparsePush,dynamic-vertex-parallel,boolean-array,false,10,5.828290224075317,0.035245
dblp_coauthor,DensePull-SparsePush,dynamic-vertex-parallel,boolean-array,false,10,18.137327671051025,0.04541
soc-LiveJournal1,DensePull-SparsePush,dynamic-vertex-parallel,boolean-array,false,10,45.009512186050415,0.047913
orkut-links,DensePull-SparsePush,dynamic-vertex-parallel,boolean-array,false,10,61.78063941001892,0.024453
roadNet-CA,DensePull-SparsePush,dynamic-vertex-parallel,boolean-array,false,10,1.7718279361724854,0.001052
youtube-u-growth,DensePull-SparsePush,dynamic-vertex-parallel,bitvector,false,10,5.79932427406311,0.038136
dblp_coauthor,DensePull-SparsePush,dynamic-vertex-parallel,bitvector,false,10,18.066280841827393,0.039302
soc-LiveJournal1,DensePull-SparsePush,dynamic-vertex-parallel,bitvector,false,10,43.9746732711792,0.051426
orkut-links,DensePull-SparsePush,dynamic-vertex-parallel,bitvector,false,10,70.97589349746704,0.034715
roadNet-CA,DensePull-SparsePush,dynamic-vertex-parallel,bitvector,false,10,1.7697088718414307,0.001549
youtube-u-growth,DensePull-SparsePush,static-vertex-parallel,boolean-array,false,10,5.724486827850342,0.046628
dblp_coauthor,DensePull-SparsePush,static-vertex-parallel,boolean-array,false,10,16.712498664855957,0.040267
soc-LiveJournal1,DensePull-SparsePush,static-vertex-parallel,boolean-array,false,10,44.95347785949707,0.048513
orkut-links,DensePull-SparsePush,static-vertex-parallel,boolean-array,false,10,71.40078997612,0.042633
roadNet-CA,DensePull-SparsePush,static-vertex-parallel,boolean-array,false,10,1.846508502960205,0.00158
youtube-u-growth,DensePull-SparsePush,static-vertex-parallel,bitvector,false,10,5.773418426513672,0.038316
dblp_coauthor,DensePull-SparsePush,static-vertex-parallel,bitvector,false,10,17.359488487243652,0.042676
soc-LiveJournal1,DensePull-SparsePush,static-vertex-parallel,bitvector,false,10,40.957783699035645,0.054833
orkut-links,DensePull-SparsePush,static-vertex-parallel,bitvector,false,10,70.2840690612793,0.031384
roadNet-CA,DensePull-SparsePush,static-vertex-parallel,bitvector,false,10,1.7681958675384521,0.001497
youtube-u-growth,DensePull-SparsePush,edge-aware-dynamic-vertex-parallel,boolean-array,false,10,5.829439640045166,0.070981
dblp_coauthor,DensePull-SparsePush,edge-aware-dynamic-vertex-parallel,boolean-array,false,10,18.071093797683716,0.037489
soc-LiveJournal1,DensePull-SparsePush,edge-aware-dynamic-vertex-parallel,boolean-array,false,10,45.1380615234375,0.073514
orkut-links,DensePull-SparsePush,edge-aware-dynamic-vertex-parallel,boolean-array,false,10,71.6236298084259,0.040338
roadNet-CA,DensePull-SparsePush,edge-aware-dynamic-vertex-parallel,boolean-array,false,10,1.7556977272033691,0.001659
youtube-u-growth,DensePull-SparsePush,edge-aware-dynamic-vertex-parallel,bitvector,false,10,5.8665385246276855,0.086221
dblp_coauthor,DensePull-SparsePush,edge-aware-dynamic-vertex-parallel,bitvector,false,10,17.79399585723877,0.044791
soc-LiveJournal1,DensePull-SparsePush,edge-aware-dynamic-vertex-parallel,bitvector,false,10,44.9208242893219,0.061832
orkut-links,DensePull-SparsePush,edge-aware-dynamic-vertex-parallel,bitvector,false,10,69.94443774223328,0.039611
roadNet-CA,DensePull-SparsePush,edge-aware-dynamic-vertex-parallel,bitvector,false,10,1.8000764846801758,0.00118
youtube-u-growth,SparsePush-DensePull,serial,boolean-array,false,10,5.963309049606323,0.187503
dblp_coauthor,SparsePush-DensePull,serial,boolean-array,false,10,18.169017791748047,0.175719
soc-LiveJournal1,SparsePush-DensePull,serial,boolean-array,false,10,45.412522315979004,0.450015
orkut-links,SparsePush-DensePull,serial,boolean-array,false,10,72.05693507194519,0.115369
roadNet-CA,SparsePush-DensePull,serial,boolean-array,false,10,1.762420654296875,0.001046
youtube-u-growth,SparsePush-DensePull,serial,bitvector,false,10,5.948404550552368,0.198769
dblp_coauthor,SparsePush-DensePull,serial,bitvector,false,10,18.21110463142395,0.183593
soc-LiveJournal1,SparsePush-DensePull,serial,bitvector,false,10,45.45189881324768,0.436457
orkut-links,SparsePush-DensePull,serial,bitvector,false,10,71.99309301376343,0.115752
roadNet-CA,SparsePush-DensePull,serial,bitvector,false,10,1.768505334854126,0.001207
youtube-u-growth,SparsePush-DensePull,dynamic-vertex-parallel,boolean-array,false,10,5.80547022819519,0.032687
dblp_coauthor,SparsePush-DensePull,dynamic-vertex-parallel,boolean-array,false,10,15.876343011856079,0.037464
soc-LiveJournal1,SparsePush-DensePull,dynamic-vertex-parallel,boolean-array,false,10,45.013991832733154,0.046741
orkut-links,SparsePush-DensePull,dynamic-vertex-parallel,boolean-array,false,10,70.8176097869873,0.031855
roadNet-CA,SparsePush-DensePull,dynamic-vertex-parallel,boolean-array,false,10,1.768683671951294,0.000778
youtube-u-growth,SparsePush-DensePull,dynamic-vertex-parallel,bitvector,false,10,5.804324150085449,0.038445
dblp_coauthor,SparsePush-DensePull,dynamic-vertex-parallel,bitvector,false,10,18.064258575439453,0.043319
soc-LiveJournal1,SparsePush-DensePull,dynamic-vertex-parallel,bitvector,false,10,45.10972547531128,0.055324
orkut-links,SparsePush-DensePull,dynamic-vertex-parallel,bitvector,false,10,71.11776876449585,0.030996
roadNet-CA,SparsePush-DensePull,dynamic-vertex-parallel,bitvector,false,10,1.8238506317138672,0.001731
youtube-u-growth,SparsePush-DensePull,static-vertex-parallel,boolean-array,false,10,5.823618412017822,0.042488
dblp_coauthor,SparsePush-DensePull,static-vertex-parallel,boolean-array,false,10,18.192088842391968,0.054277
soc-LiveJournal1,SparsePush-DensePull,static-vertex-parallel,boolean-array,false,10,44.9750919342041,0.04647
orkut-links,SparsePush-DensePull,static-vertex-parallel,boolean-array,false,10,71.53906679153442,0.022025
roadNet-CA,SparsePush-DensePull,static-vertex-parallel,boolean-array,false,10,1.7467989921569824,0.001782
youtube-u-growth,SparsePush-DensePull,static-vertex-parallel,bitvector,false,10,5.8127593994140625,0.043785
dblp_coauthor,SparsePush-DensePull,static-vertex-parallel,bitvector,false,10,18.070008039474487,0.036327
soc-LiveJournal1,SparsePush-DensePull,static-vertex-parallel,bitvector,false,10,43.72287607192993,0.053315
orkut-links,SparsePush-DensePull,static-vertex-parallel,bitvector,false,10,71.45392179489136,0.032461
roadNet-CA,SparsePush-DensePull,static-vertex-parallel,bitvector,false,10,1.7752113342285156,0.001198
youtube-u-growth,SparsePush-DensePull,edge-aware-dynamic-vertex-parallel,boolean-array,false,10,5.835926532745361,0.068179
dblp_coauthor,SparsePush-DensePull,edge-aware-dynamic-vertex-parallel,boolean-array,false,10,16.748332738876343,0.038752
soc-LiveJournal1,SparsePush-DensePull,edge-aware-dynamic-vertex-parallel,boolean-array,false,10,45.049744606018066,0.062568
orkut-links,SparsePush-DensePull,edge-aware-dynamic-vertex-parallel,boolean-array,false,10,71.27764701843262,0.035943
roadNet-CA,SparsePush-DensePull,edge-aware-dynamic-vertex-parallel,boolean-array,false,10,1.7620289325714111,0.000659
youtube-u-growth,SparsePush-DensePull,edge-aware-dynamic-vertex-parallel,bitvector,false,10,5.902937650680542,0.07248
dblp_coauthor,SparsePush-DensePull,edge-aware-dynamic-vertex-parallel,bitvector,false,10,18.038939952850342,0.038171
soc-LiveJournal1,SparsePush-DensePull,edge-aware-dynamic-vertex-parallel,bitvector,false,10,45.011868715286255,0.068577
orkut-links,SparsePush-DensePull,edge-aware-dynamic-vertex-parallel,bitvector,false,10,71.26124453544617,0.041025
roadNet-CA,SparsePush-DensePull,edge-aware-dynamic-vertex-parallel,bitvector,false,10,1.7917277812957764,0.001039
youtube-u-growth,DensePull,serial,boolean-array,false,15,6.158764362335205,0.407802
dblp_coauthor,DensePull,serial,boolean-array,false,15,17.80449080467224,0.560019
soc-LiveJournal1,DensePull,serial,boolean-array,false,15,44.870357036590576,1.52464
orkut-links,DensePull,serial,boolean-array,false,15,73.24770927429199,1.59282
roadNet-CA,DensePull,serial,boolean-array,false,15,2.3357529640197754,0.573703
youtube-u-growth,DensePull,serial,bitvector,false,15,6.254413843154907,0.416542
dblp_coauthor,DensePull,serial,bitvector,false,15,18.660049438476562,0.605364
soc-LiveJournal1,DensePull,serial,bitvector,false,15,46.66507935523987,1.56884
orkut-links,DensePull,serial,bitvector,false,15,73.73352122306824,1.62025
roadNet-CA,DensePull,serial,bitvector,false,15,2.4250011444091797,0.62828
youtube-u-growth,DensePull,dynamic-vertex-parallel,boolean-array,false,15,6.044810771942139,0.100763
dblp_coauthor,DensePull,dynamic-vertex-parallel,boolean-array,false,15,18.145683526992798,0.073559
soc-LiveJournal1,DensePull,dynamic-vertex-parallel,boolean-array,false,15,43.86101198196411,0.140879
orkut-links,DensePull,dynamic-vertex-parallel,boolean-array,false,15,71.66634559631348,0.089202
roadNet-CA,DensePull,dynamic-vertex-parallel,boolean-array,false,15,1.8843371868133545,0.095581
youtube-u-growth,DensePull,dynamic-vertex-parallel,bitvector,false,15,5.855621814727783,0.083277
dblp_coauthor,DensePull,dynamic-vertex-parallel,bitvector,false,15,18.09270930290222,0.078186
soc-LiveJournal1,DensePull,dynamic-vertex-parallel,bitvector,false,15,45.29957580566406,0.121669
orkut-links,DensePull,dynamic-vertex-parallel,bitvector,false,15,72.6110451221466,0.099346
roadNet-CA,DensePull,dynamic-vertex-parallel,bitvector,false,15,1.8692216873168945,0.105455
youtube-u-growth,DensePull,static-vertex-parallel,boolean-array,false,15,5.8461833000183105,0.073564
dblp_coauthor,DensePull,static-vertex-parallel,boolean-array,false,15,18.16901683807373,0.07132
soc-LiveJournal1,DensePull,static-vertex-parallel,boolean-array,false,15,45.440815448760986,0.110942
orkut-links,DensePull,static-vertex-parallel,boolean-array,false,15,71.68933963775635,0.086095
roadNet-CA,DensePull,static-vertex-parallel,boolean-array,false,15,1.86580491065979,0.104707
youtube-u-growth,DensePull,static-vertex-parallel,bitvector,false,15,5.9229044914245605,0.08678
dblp_coauthor,DensePull,static-vertex-parallel,bitvector,false,15,18.065022945404053,0.07774
soc-LiveJournal1,DensePull,static-vertex-parallel,bitvector,false,15,45.5588481426239,0.157107
orkut-links,DensePull,static-vertex-parallel,bitvector,false,15,72.34881901741028,0.09003
roadNet-CA,DensePull,static-vertex-parallel,bitvector,false,15,1.8961496353149414,0.127583
youtube-u-growth,DensePull,edge-aware-dynamic-vertex-parallel,boolean-array,false,15,4.012941837310791,0.111743
dblp_coauthor,DensePull,edge-aware-dynamic-vertex-parallel,boolean-array,false,15,18.227815628051758,0.080155
soc-LiveJournal1,DensePull,edge-aware-dynamic-vertex-parallel,boolean-array,false,15,45.527530908584595,0.131379
orkut-links,DensePull,edge-aware-dynamic-vertex-parallel,boolean-array,false,15,72.30670642852783,0.097278
roadNet-CA,DensePull,edge-aware-dynamic-vertex-parallel,boolean-array,false,15,1.8533918857574463,0.116673
youtube-u-growth,DensePull,edge-aware-dynamic-vertex-parallel,bitvector,false,15,5.938848257064819,0.136858
dblp_coauthor,DensePull,edge-aware-dynamic-vertex-parallel,bitvector,false,15,18.132814168930054,0.085003
soc-LiveJournal1,DensePull,edge-aware-dynamic-vertex-parallel,bitvector,false,15,45.25816750526428,0.136589
orkut-links,DensePull,edge-aware-dynamic-vertex-parallel,bitvector,false,15,50.53621697425842,0.103321
roadNet-CA,DensePull,edge-aware-dynamic-vertex-parallel,bitvector,false,15,1.8842198848724365,0.125777
youtube-u-growth,DensePull-SparsePush,serial,boolean-array,false,15,6.057472229003906,0.205325
dblp_coauthor,DensePull-SparsePush,serial,boolean-array,false,15,17.370654582977295,0.18061
soc-LiveJournal1,DensePull-SparsePush,serial,boolean-array,false,15,45.605878829956055,0.478731
orkut-links,DensePull-SparsePush,serial,boolean-array,false,15,72.41370868682861,0.138393
roadNet-CA,DensePull-SparsePush,serial,boolean-array,false,15,1.759324073791504,0.000988
youtube-u-growth,DensePull-SparsePush,serial,bitvector,false,15,5.951563835144043,0.202744
dblp_coauthor,DensePull-SparsePush,serial,bitvector,false,15,18.067076683044434,0.192958
soc-LiveJournal1,DensePull-SparsePush,serial,bitvector,false,15,45.60462975502014,0.488165
orkut-links,DensePull-SparsePush,serial,bitvector,false,15,71.5873908996582,0.118398
roadNet-CA,DensePull-SparsePush,serial,bitvector,false,15,1.797790765762329,0.001134
youtube-u-growth,DensePull-SparsePush,dynamic-vertex-parallel,boolean-array,false,15,5.801014423370361,0.036444
dblp_coauthor,DensePull-SparsePush,dynamic-vertex-parallel,boolean-array,false,15,18.097905158996582,0.034836
soc-LiveJournal1,DensePull-SparsePush,dynamic-vertex-parallel,boolean-array,false,15,45.2457799911499,0.056832
orkut-links,DensePull-SparsePush,dynamic-vertex-parallel,boolean-array,false,15,71.64965057373047,0.032817
roadNet-CA,DensePull-SparsePush,dynamic-vertex-parallel,boolean-array,false,15,1.7694594860076904,0.001647
youtube-u-growth,DensePull-SparsePush,dynamic-vertex-parallel,bitvector,false,15,5.794331789016724,0.042991
dblp_coauthor,DensePull-SparsePush,dynamic-vertex-parallel,bitvector,false,15,18.066065311431885,0.037331
soc-LiveJournal1,DensePull-SparsePush,dynamic-vertex-parallel,bitvector,false,15,45.16753339767456,0.056699
orkut-links,DensePull-SparsePush,dynamic-vertex-parallel,bitvector,false,15,72.32908916473389,0.033345
roadNet-CA,DensePull-SparsePush,dynamic-vertex-parallel,bitvector,false,15,1.7736961841583252,0.001395
youtube-u-growth,DensePull-SparsePush,static-vertex-parallel,boolean-array,false,15,5.809805631637573,0.039923
dblp_coauthor,DensePull-SparsePush,static-vertex-parallel,boolean-array,false,15,18.114855766296387,0.047808
soc-LiveJournal1,DensePull-SparsePush,static-vertex-parallel,boolean-array,false,15,45.24699378013611,0.056518
orkut-links,DensePull-SparsePush,static-vertex-parallel,boolean-array,false,15,71.31133794784546,0.030671
roadNet-CA,DensePull-SparsePush,static-vertex-parallel,boolean-array,false,15,1.7618370056152344,0.00186
youtube-u-growth,DensePull-SparsePush,static-vertex-parallel,bitvector,false,15,5.807956695556641,0.051853
dblp_coauthor,DensePull-SparsePush,static-vertex-parallel,bitvector,false,15,18.04277801513672,0.041733
soc-LiveJournal1,DensePull-SparsePush,static-vertex-parallel,bitvector,false,15,45.82772421836853,0.061397
orkut-links,DensePull-SparsePush,static-vertex-parallel,bitvector,false,15,71.57863545417786,0.030984
roadNet-CA,DensePull-SparsePush,static-vertex-parallel,bitvector,false,15,1.765376329421997,0.001667
youtube-u-growth,DensePull-SparsePush,edge-aware-dynamic-vertex-parallel,boolean-array,false,15,5.844787120819092,0.074006
dblp_coauthor,DensePull-SparsePush,edge-aware-dynamic-vertex-parallel,boolean-array,false,15,18.1842520236969,0.0425
soc-LiveJournal1,DensePull-SparsePush,edge-aware-dynamic-vertex-parallel,boolean-array,false,15,45.13084006309509,0.068967
orkut-links,DensePull-SparsePush,edge-aware-dynamic-vertex-parallel,boolean-array,false,15,71.64503622055054,0.043769
roadNet-CA,DensePull-SparsePush,edge-aware-dynamic-vertex-parallel,boolean-array,false,15,1.7701797485351562,0.000809
youtube-u-growth,DensePull-SparsePush,edge-aware-dynamic-vertex-parallel,bitvector,false,15,5.883891582489014,0.085615
dblp_coauthor,DensePull-SparsePush,edge-aware-dynamic-vertex-parallel,bitvector,false,15,18.085986852645874,0.041753
soc-LiveJournal1,DensePull-SparsePush,edge-aware-dynamic-vertex-parallel,bitvector,false,15,45.183571338653564,0.104584
orkut-links,DensePull-SparsePush,edge-aware-dynamic-vertex-parallel,bitvector,false,15,72.0394880771637,0.04173
roadNet-CA,DensePull-SparsePush,edge-aware-dynamic-vertex-parallel,bitvector,false,15,1.7642369270324707,0.003637
youtube-u-growth,SparsePush-DensePull,serial,boolean-array,false,15,6.23865818977356,0.19655
dblp_coauthor,SparsePush-DensePull,serial,boolean-array,false,15,18.17410182952881,0.183747
soc-LiveJournal1,SparsePush-DensePull,serial,boolean-array,false,15,47.030672788619995,0.496742
orkut-links,SparsePush-DensePull,serial,boolean-array,false,15,72.29007315635681,0.115486
roadNet-CA,SparsePush-DensePull,serial,boolean-array,false,15,1.75941801071167,0.002098
youtube-u-growth,SparsePush-DensePull,serial,bitvector,false,15,5.988752126693726,0.200913
dblp_coauthor,SparsePush-DensePull,serial,bitvector,false,15,18.24346160888672,0.197268
soc-LiveJournal1,SparsePush-DensePull,serial,bitvector,false,15,45.56322264671326,0.484471
orkut-links,SparsePush-DensePull,serial,bitvector,false,15,72.20740938186646,0.117916
roadNet-CA,SparsePush-DensePull,serial,bitvector,false,15,1.7143263816833496,0.001227
youtube-u-growth,SparsePush-DensePull,dynamic-vertex-parallel,boolean-array,false,15,5.806800127029419,0.039766
dblp_coauthor,SparsePush-DensePull,dynamic-vertex-parallel,boolean-array,false,15,15.203161239624023,0.047082
soc-LiveJournal1,SparsePush-DensePull,dynamic-vertex-parallel,boolean-array,false,15,45.03187894821167,0.057137
orkut-links,SparsePush-DensePull,dynamic-vertex-parallel,boolean-array,false,15,71.25751852989197,0.042657
roadNet-CA,SparsePush-DensePull,dynamic-vertex-parallel,boolean-array,false,15,1.7519569396972656,0.001492
youtube-u-growth,SparsePush-DensePull,dynamic-vertex-parallel,bitvector,false,15,5.649958372116089,0.043132
dblp_coauthor,SparsePush-DensePull,dynamic-vertex-parallel,bitvector,false,15,18.11855149269104,0.042842
soc-LiveJournal1,SparsePush-DensePull,dynamic-vertex-parallel,bitvector,false,15,44.73104906082153,0.064196
orkut-links,SparsePush-DensePull,dynamic-vertex-parallel,bitvector,false,15,71.22066593170166,0.030273
roadNet-CA,SparsePush-DensePull,dynamic-vertex-parallel,bitvector,false,15,1.7694263458251953,0.001068
youtube-u-growth,SparsePush-DensePull,static-vertex-parallel,boolean-array,false,15,5.80173659324646,0.040549
dblp_coauthor,SparsePush-DensePull,static-vertex-parallel,boolean-array,false,15,18.43597912788391,0.036754
soc-LiveJournal1,SparsePush-DensePull,static-vertex-parallel,boolean-array,false,15,45.286702156066895,0.057346
orkut-links,SparsePush-DensePull,static-vertex-parallel,boolean-array,false,15,71.71709942817688,0.032468
roadNet-CA,SparsePush-DensePull,static-vertex-parallel,boolean-array,false,15,1.76995849609375,0.001725
youtube-u-growth,SparsePush-DensePull,static-vertex-parallel,bitvector,false,15,5.913532257080078,0.040947
dblp_coauthor,SparsePush-DensePull,static-vertex-parallel,bitvector,false,15,17.695728063583374,0.039974
soc-LiveJournal1,SparsePush-DensePull,static-vertex-parallel,bitvector,false,15,45.25042700767517,0.058503
orkut-links,SparsePush-DensePull,static-vertex-parallel,bitvector,false,15,71.5201632976532,0.027095
roadNet-CA,SparsePush-DensePull,static-vertex-parallel,bitvector,false,15,1.771911859512329,0.001413
youtube-u-growth,SparsePush-DensePull,edge-aware-dynamic-vertex-parallel,boolean-array,false,15,5.893181562423706,0.11077
dblp_coauthor,SparsePush-DensePull,edge-aware-dynamic-vertex-parallel,boolean-array,false,15,18.15891146659851,0.044209
soc-LiveJournal1,SparsePush-DensePull,edge-aware-dynamic-vertex-parallel,boolean-array,false,15,44.14649152755737,0.068977
orkut-links,SparsePush-DensePull,edge-aware-dynamic-vertex-parallel,boolean-array,false,15,71.79372930526733,0.038345
roadNet-CA,SparsePush-DensePull,edge-aware-dynamic-vertex-parallel,boolean-array,false,15,1.7644705772399902,0.001408
youtube-u-growth,SparsePush-DensePull,edge-aware-dynamic-vertex-parallel,bitvector,false,15,5.863860845565796,0.079178
dblp_coauthor,SparsePush-DensePull,edge-aware-dynamic-vertex-parallel,bitvector,false,15,18.143528699874878,0.048719
soc-LiveJournal1,SparsePush-DensePull,edge-aware-dynamic-vertex-parallel,bitvector,false,15,45.25660991668701,0.07338
orkut-links,SparsePush-DensePull,edge-aware-dynamic-vertex-parallel,bitvector,false,15,61.389023780822754,0.044439
roadNet-CA,SparsePush-DensePull,edge-aware-dynamic-vertex-parallel,bitvector,false,15,1.7723422050476074,0.001332
youtube-u-growth,DensePull,serial,boolean-array,false,20,6.221206188201904,0.417373
dblp_coauthor,DensePull,serial,boolean-array,false,20,18.650838613510132,0.587747
soc-LiveJournal1,DensePull,serial,boolean-array,false,20,46.854854583740234,1.65559
orkut-links,DensePull,serial,boolean-array,false,20,74.43180751800537,1.72058
roadNet-CA,DensePull,serial,boolean-array,false,20,2.327974796295166,0.57171
youtube-u-growth,DensePull,serial,bitvector,false,20,6.255615949630737,0.423267
dblp_coauthor,DensePull,serial,bitvector,false,20,18.757200002670288,0.615451
soc-LiveJournal1,DensePull,serial,bitvector,false,20,47.99846148490906,1.69054
orkut-links,DensePull,serial,bitvector,false,20,74.27836155891418,1.83699
roadNet-CA,DensePull,serial,bitvector,false,20,2.3800086975097656,0.60668
youtube-u-growth,DensePull,dynamic-vertex-parallel,boolean-array,false,20,4.54729437828064,0.08755
dblp_coauthor,DensePull,dynamic-vertex-parallel,boolean-array,false,20,18.131624937057495,0.086286
soc-LiveJournal1,DensePull,dynamic-vertex-parallel,boolean-array,false,20,45.76508188247681,0.142537
orkut-links,DensePull,dynamic-vertex-parallel,boolean-array,false,20,72.29731369018555,0.133936
roadNet-CA,DensePull,dynamic-vertex-parallel,boolean-array,false,20,1.876945972442627,0.11543
youtube-u-growth,DensePull,dynamic-vertex-parallel,bitvector,false,20,5.981314420700073,0.09763
dblp_coauthor,DensePull,dynamic-vertex-parallel,bitvector,false,20,18.134398460388184,0.087489
soc-LiveJournal1,DensePull,dynamic-vertex-parallel,bitvector,false,20,45.36507797241211,0.134738
orkut-links,DensePull,dynamic-vertex-parallel,bitvector,false,20,71.1929349899292,0.119765
roadNet-CA,DensePull,dynamic-vertex-parallel,bitvector,false,20,1.880706787109375,0.121545
youtube-u-growth,DensePull,static-vertex-parallel,boolean-array,false,20,5.883351802825928,0.090803
dblp_coauthor,DensePull,static-vertex-parallel,boolean-array,false,20,18.141907930374146,0.088912
soc-LiveJournal1,DensePull,static-vertex-parallel,boolean-array,false,20,44.14051556587219,0.125346
orkut-links,DensePull,static-vertex-parallel,boolean-array,false,20,72.50611019134521,0.101764
roadNet-CA,DensePull,static-vertex-parallel,boolean-array,false,20,1.8955717086791992,0.116179
youtube-u-growth,DensePull,static-vertex-parallel,bitvector,false,20,5.924996376037598,0.094093
dblp_coauthor,DensePull,static-vertex-parallel,bitvector,false,20,16.936296701431274,0.085486
soc-LiveJournal1,DensePull,static-vertex-parallel,bitvector,false,20,41.543609619140625,0.14
orkut-links,DensePull,static-vertex-parallel,bitvector,false,20,72.30662131309509,0.100626
roadNet-CA,DensePull,static-vertex-parallel,bitvector,false,20,1.8721752166748047,0.119323
youtube-u-growth,DensePull,edge-aware-dynamic-vertex-parallel,boolean-array,false,20,5.927710056304932,0.127714
dblp_coauthor,DensePull,edge-aware-dynamic-vertex-parallel,boolean-array,false,20,18.271260261535645,0.148994
soc-LiveJournal1,DensePull,edge-aware-dynamic-vertex-parallel,boolean-array,false,20,45.991684913635254,0.191799
orkut-links,DensePull,edge-aware-dynamic-vertex-parallel,boolean-array,false,20,72.70513391494751,0.105665
roadNet-CA,DensePull,edge-aware-dynamic-vertex-parallel,boolean-array,false,20,1.8784661293029785,0.126384
youtube-u-growth,DensePull,edge-aware-dynamic-vertex-parallel,bitvector,false,20,5.929708957672119,0.132505
dblp_coauthor,DensePull,edge-aware-dynamic-vertex-parallel,bitvector,false,20,18.29090428352356,0.098081
soc-LiveJournal1,DensePull,edge-aware-dynamic-vertex-parallel,bitvector,false,20,45.74027156829834,0.155458
orkut-links,DensePull,edge-aware-dynamic-vertex-parallel,bitvector,false,20,72.37585854530334,0.110601
roadNet-CA,DensePull,edge-aware-dynamic-vertex-parallel,bitvector,false,20,1.8936874866485596,0.139693
youtube-u-growth,DensePull-SparsePush,serial,boolean-array,false,20,6.025311708450317,0.220487
dblp_coauthor,DensePull-SparsePush,serial,boolean-array,false,20,17.95529294013977,0.229766
soc-LiveJournal1,DensePull-SparsePush,serial,boolean-array,false,20,44.889075756073,0.51196
orkut-links,DensePull-SparsePush,serial,boolean-array,false,20,70.92251491546631,0.122539
roadNet-CA,DensePull-SparsePush,serial,boolean-array,false,20,1.7564120292663574,0.001507
youtube-u-growth,DensePull-SparsePush,serial,bitvector,false,20,5.987043380737305,0.203705
dblp_coauthor,DensePull-SparsePush,serial,bitvector,false,20,18.374613761901855,0.198376
soc-LiveJournal1,DensePull-SparsePush,serial,bitvector,false,20,45.80187654495239,0.508077
orkut-links,DensePull-SparsePush,serial,bitvector,false,20,69.55259704589844,0.131152
roadNet-CA,DensePull-SparsePush,serial,bitvector,false,20,1.7893974781036377,0.001412
youtube-u-growth,DensePull-SparsePush,dynamic-vertex-parallel,boolean-array,false,20,5.839886665344238,0.044935
dblp_coauthor,DensePull-SparsePush,dynamic-vertex-parallel,boolean-array,false,20,18.15968942642212,0.049405
soc-LiveJournal1,DensePull-SparsePush,dynamic-vertex-parallel,boolean-array,false,20,44.938403844833374,0.060553
orkut-links,DensePull-SparsePush,dynamic-vertex-parallel,boolean-array,false,20,72.23069548606873,0.029205
roadNet-CA,DensePull-SparsePush,dynamic-vertex-parallel,boolean-array,false,20,1.7712204456329346,0.001136
youtube-u-growth,DensePull-SparsePush,dynamic-vertex-parallel,bitvector,false,20,5.785611867904663,0.045229
dblp_coauthor,DensePull-SparsePush,dynamic-vertex-parallel,bitvector,false,20,18.078280448913574,0.040182
soc-LiveJournal1,DensePull-SparsePush,dynamic-vertex-parallel,bitvector,false,20,45.21297335624695,0.078032
orkut-links,DensePull-SparsePush,dynamic-vertex-parallel,bitvector,false,20,71.65574216842651,0.03642
roadNet-CA,DensePull-SparsePush,dynamic-vertex-parallel,bitvector,false,20,1.7744417190551758,0.001565
youtube-u-growth,DensePull-SparsePush,static-vertex-parallel,boolean-array,false,20,5.7677717208862305,0.045807
dblp_coauthor,DensePull-SparsePush,static-vertex-parallel,boolean-array,false,20,18.129684925079346,0.03397
soc-LiveJournal1,DensePull-SparsePush,static-vertex-parallel,boolean-array,false,20,45.30659294128418,0.061428
orkut-links,DensePull-SparsePush,static-vertex-parallel,boolean-array,false,20,72.09687232971191,0.032184
roadNet-CA,DensePull-SparsePush,static-vertex-parallel,boolean-array,false,20,1.7669298648834229,0.001808
youtube-u-growth,DensePull-SparsePush,static-vertex-parallel,bitvector,false,20,5.783173561096191,0.04724
dblp_coauthor,DensePull-SparsePush,static-vertex-parallel,bitvector,false,20,18.091484546661377,0.041576
soc-LiveJournal1,DensePull-SparsePush,static-vertex-parallel,bitvector,false,20,45.25477957725525,0.059058
orkut-links,DensePull-SparsePush,static-vertex-parallel,bitvector,false,20,72.81214213371277,0.031431
roadNet-CA,DensePull-SparsePush,static-vertex-parallel,bitvector,false,20,1.7666015625,0.001264
youtube-u-growth,DensePull-SparsePush,edge-aware-dynamic-vertex-parallel,boolean-array,false,20,5.884275197982788,0.078304
dblp_coauthor,DensePull-SparsePush,edge-aware-dynamic-vertex-parallel,boolean-array,false,20,18.4007670879364,0.047951
soc-LiveJournal1,DensePull-SparsePush,edge-aware-dynamic-vertex-parallel,boolean-array,false,20,45.44979977607727,0.074135
orkut-links,DensePull-SparsePush,edge-aware-dynamic-vertex-parallel,boolean-array,false,20,71.84627509117126,0.043307
roadNet-CA,DensePull-SparsePush,edge-aware-dynamic-vertex-parallel,boolean-array,false,20,1.7518017292022705,0.000849
youtube-u-growth,DensePull-SparsePush,edge-aware-dynamic-vertex-parallel,bitvector,false,20,5.83503794670105,0.082084
dblp_coauthor,DensePull-SparsePush,edge-aware-dynamic-vertex-parallel,bitvector,false,20,18.12079644203186,0.04187
soc-LiveJournal1,DensePull-SparsePush,edge-aware-dynamic-vertex-parallel,bitvector,false,20,45.050565004348755,0.078222
orkut-links,DensePull-SparsePush,edge-aware-dynamic-vertex-parallel,bitvector,false,20,72.04324746131897,0.042874
roadNet-CA,DensePull-SparsePush,edge-aware-dynamic-vertex-parallel,bitvector,false,20,1.7702836990356445,0.001086
youtube-u-growth,SparsePush-DensePull,serial,boolean-array,false,20,5.984137773513794,0.197123
dblp_coauthor,SparsePush-DensePull,serial,boolean-array,false,20,18.1810884475708,0.187947
soc-LiveJournal1,SparsePush-DensePull,serial,boolean-array,false,20,45.87758207321167,0.508299
orkut-links,SparsePush-DensePull,serial,boolean-array,false,20,72.1206648349762,0.125144
roadNet-CA,SparsePush-DensePull,serial,boolean-array,false,20,1.749532699584961,0.000812
youtube-u-growth,SparsePush-DensePull,serial,bitvector,false,20,6.038750648498535,0.201897
dblp_coauthor,SparsePush-DensePull,serial,bitvector,false,20,18.33464789390564,0.196476
soc-LiveJournal1,SparsePush-DensePull,serial,bitvector,false,20,45.61736440658569,0.511634
orkut-links,SparsePush-DensePull,serial,bitvector,false,20,71.67159152030945,0.126677
roadNet-CA,SparsePush-DensePull,serial,bitvector,false,20,1.7458305358886719,0.001414
youtube-u-growth,SparsePush-DensePull,dynamic-vertex-parallel,boolean-array,false,20,5.83357048034668,0.053676
dblp_coauthor,SparsePush-DensePull,dynamic-vertex-parallel,boolean-array,false,20,18.095900297164917,0.035916
soc-LiveJournal1,SparsePush-DensePull,dynamic-vertex-parallel,boolean-array,false,20,45.08304023742676,0.054568
orkut-links,SparsePush-DensePull,dynamic-vertex-parallel,boolean-array,false,20,71.99629330635071,0.027986
roadNet-CA,SparsePush-DensePull,dynamic-vertex-parallel,boolean-array,false,20,1.775308609008789,0.001056
youtube-u-growth,SparsePush-DensePull,dynamic-vertex-parallel,bitvector,false,20,5.812996864318848,0.046636
dblp_coauthor,SparsePush-DensePull,dynamic-vertex-parallel,bitvector,false,20,18.22774338722229,0.039017
soc-LiveJournal1,SparsePush-DensePull,dynamic-vertex-parallel,bitvector,false,20,45.08357787132263,0.064848
orkut-links,SparsePush-DensePull,dynamic-vertex-parallel,bitvector,false,20,70.31470680236816,0.035968
roadNet-CA,SparsePush-DensePull,dynamic-vertex-parallel,bitvector,false,20,1.7641065120697021,0.001159
youtube-u-growth,SparsePush-DensePull,static-vertex-parallel,boolean-array,false,20,5.781163454055786,0.042439
dblp_coauthor,SparsePush-DensePull,static-vertex-parallel,boolean-array,false,20,18.17379665374756,0.03828
soc-LiveJournal1,SparsePush-DensePull,static-vertex-parallel,boolean-array,false,20,45.484113454818726,0.061544
orkut-links,SparsePush-DensePull,static-vertex-parallel,boolean-array,false,20,71.5370283126831,0.031667
roadNet-CA,SparsePush-DensePull,static-vertex-parallel,boolean-array,false,20,1.7697687149047852,0.001739
youtube-u-growth,SparsePush-DensePull,static-vertex-parallel,bitvector,false,20,5.811276435852051,0.051102
dblp_coauthor,SparsePush-DensePull,static-vertex-parallel,bitvector,false,20,18.110416412353516,0.047586
soc-LiveJournal1,SparsePush-DensePull,static-vertex-parallel,bitvector,false,20,45.09647822380066,0.062901
orkut-links,SparsePush-DensePull,static-vertex-parallel,bitvector,false,20,71.84553050994873,0.03178
roadNet-CA,SparsePush-DensePull,static-vertex-parallel,bitvector,false,20,1.7807893753051758,0.001511
youtube-u-growth,SparsePush-DensePull,edge-aware-dynamic-vertex-parallel,boolean-array,false,20,5.846032619476318,0.082535
dblp_coauthor,SparsePush-DensePull,edge-aware-dynamic-vertex-parallel,boolean-array,false,20,18.14650797843933,0.04664
soc-LiveJournal1,SparsePush-DensePull,edge-aware-dynamic-vertex-parallel,boolean-array,false,20,45.15356230735779,0.074802
orkut-links,SparsePush-DensePull,edge-aware-dynamic-vertex-parallel,boolean-array,false,20,72.00809788703918,0.040033
roadNet-CA,SparsePush-DensePull,edge-aware-dynamic-vertex-parallel,boolean-array,false,20,1.7727701663970947,0.001751
youtube-u-growth,SparsePush-DensePull,edge-aware-dynamic-vertex-parallel,bitvector,false,20,5.844738006591797,0.083212
dblp_coauthor,SparsePush-DensePull,edge-aware-dynamic-vertex-parallel,bitvector,false,20,18.47734236717224,0.057859
soc-LiveJournal1,SparsePush-DensePull,edge-aware-dynamic-vertex-parallel,bitvector,false,20,44.95170044898987,0.078663
orkut-links,SparsePush-DensePull,edge-aware-dynamic-vertex-parallel,bitvector,false,20,72.17424130439758,0.046802
roadNet-CA,SparsePush-DensePull,edge-aware-dynamic-vertex-parallel,bitvector,false,20,1.762354850769043,0.001143
