youtube-u-growth,SparsePush,serial,boolean-array,false,0,5.92109227180481,0.392616
dblp_coauthor,SparsePush,serial,boolean-array,false,0,17.921786546707153,0.424207
soc-LiveJournal1,SparsePush,serial,boolean-array,false,0,45.16046953201294,1.43588
orkut-links,SparsePush,serial,boolean-array,false,0,70.23915886878967,1.37174
roadNet-CA,SparsePush,serial,boolean-array,false,0,1.8331973552703857,0.127361
youtube-u-growth,SparsePush,dynamic-vertex-parallel,boolean-array,false,0,5.632878303527832,0.065541
dblp_coauthor,SparsePush,dynamic-vertex-parallel,boolean-array,false,0,17.472126483917236,0.051749
soc-LiveJournal1,SparsePush,dynamic-vertex-parallel,boolean-array,false,0,40.1696891784668,0.134231
orkut-links,SparsePush,dynamic-vertex-parallel,boolean-array,false,0,68.15771865844727,0.167612
roadNet-CA,SparsePush,dynamic-vertex-parallel,boolean-array,false,0,1.8004188537597656,0.063305
youtube-u-growth,SparsePush,static-vertex-parallel,boolean-array,false,0,5.5660319328308105,0.070077
dblp_coauthor,SparsePush,static-vertex-parallel,boolean-array,false,0,17.574305772781372,0.052704
soc-LiveJournal1,SparsePush,static-vertex-parallel,boolean-array,false,0,44.028021812438965,0.127229
orkut-links,SparsePush,static-vertex-parallel,boolean-array,false,0,70.4654791355133,0.169984
roadNet-CA,SparsePush,static-vertex-parallel,boolean-array,false,0,1.4371745586395264,0.06342
youtube-u-growth,DensePull,serial,boolean-array,false,0,5.779216766357422,0.151841
dblp_coauthor,DensePull,serial,boolean-array,false,0,18.325550317764282,0.694445
soc-LiveJournal1,DensePull,serial,boolean-array,false,0,45.97562265396118,2.05665
orkut-links,DensePull,serial,boolean-array,false,0,71.55388569831848,1.26817
roadNet-CA,DensePull,serial,boolean-array,false,0,1.7542340755462646,0.054827
youtube-u-growth,DensePull,serial,bitvector,false,0,5.7923853397369385,0.136677
dblp_coauthor,DensePull,serial,bitvector,false,0,17.77196717262268,0.536099
soc-LiveJournal1,DensePull,serial,bitvector,false,0,45.31078290939331,1.54864
orkut-links,DensePull,serial,bitvector,false,0,70.73747563362122,0.97494
roadNet-CA,DensePull,serial,bitvector,false,0,1.7685649394989014,0.056622
youtube-u-growth,DensePull,dynamic-vertex-parallel,boolean-array,false,0,5.415601491928101,0.053008
dblp_coauthor,DensePull,dynamic-vertex-parallel,boolean-array,false,0,17.737075090408325,0.05135
soc-LiveJournal1,DensePull,dynamic-vertex-parallel,boolean-array,false,0,41.79554033279419,0.120418
orkut-links,DensePull,dynamic-vertex-parallel,boolean-array,false,0,69.92075800895691,0.067753
roadNet-CA,DensePull,dynamic-vertex-parallel,boolean-array,false,0,1.922839641571045,0.177622
youtube-u-growth,DensePull,dynamic-vertex-parallel,bitvector,false,0,5.742087125778198,0.058765
dblp_coauthor,DensePull,dynamic-vertex-parallel,bitvector,false,0,17.692453622817993,0.059606
soc-LiveJournal1,DensePull,dynamic-vertex-parallel,bitvector,false,0,43.95761036872864,0.096821
orkut-links,DensePull,dynamic-vertex-parallel,bitvector,false,0,70.00023174285889,0.060359
roadNet-CA,DensePull,dynamic-vertex-parallel,bitvector,false,0,1.814856767654419,0.10191
youtube-u-growth,DensePull,static-vertex-parallel,boolean-array,false,0,5.693553686141968,0.05113
dblp_coauthor,DensePull,static-vertex-parallel,boolean-array,false,0,16.11151623725891,0.04683
soc-LiveJournal1,DensePull,static-vertex-parallel,boolean-array,false,0,43.90474319458008,0.107264
orkut-links,DensePull,static-vertex-parallel,boolean-array,false,0,70.13833785057068,0.068331
roadNet-CA,DensePull,static-vertex-parallel,boolean-array,false,0,1.832411289215088,0.129155
youtube-u-growth,DensePull,static-vertex-parallel,bitvector,false,0,5.665586471557617,0.057434
dblp_coauthor,DensePull,static-vertex-parallel,bitvector,false,0,17.665311813354492,0.049023
soc-LiveJournal1,DensePull,static-vertex-parallel,bitvector,false,0,44.0346736907959,0.118773
orkut-links,DensePull,static-vertex-parallel,bitvector,false,0,69.83168625831604,0.07187
roadNet-CA,DensePull,static-vertex-parallel,bitvector,false,0,1.904914379119873,0.21987
youtube-u-growth,DensePull,edge-aware-dynamic-vertex-parallel,boolean-array,false,0,5.446903228759766,0.062361
dblp_coauthor,DensePull,edge-aware-dynamic-vertex-parallel,boolean-array,false,0,17.703739166259766,0.061711
soc-LiveJournal1,DensePull,edge-aware-dynamic-vertex-parallel,boolean-array,false,0,44.02990698814392,0.132618
orkut-links,DensePull,edge-aware-dynamic-vertex-parallel,boolean-array,false,0,70.39948320388794,0.099772
roadNet-CA,DensePull,edge-aware-dynamic-vertex-parallel,boolean-array,false,0,1.9717364311218262,0.215151
youtube-u-growth,DensePull,edge-aware-dynamic-vertex-parallel,bitvector,false,0,5.622891902923584,0.067972
dblp_coauthor,DensePull,edge-aware-dynamic-vertex-parallel,bitvector,false,0,17.70563793182373,0.050223
soc-LiveJournal1,DensePull,edge-aware-dynamic-vertex-parallel,bitvector,false,0,43.70317339897156,0.146887
orkut-links,DensePull,edge-aware-dynamic-vertex-parallel,bitvector,false,0,70.6664662361145,0.073616
roadNet-CA,DensePull,edge-aware-dynamic-vertex-parallel,bitvector,false,0,1.8799481391906738,0.166031
youtube-u-growth,DensePull-SparsePush,serial,boolean-array,false,0,5.8526105880737305,0.161475
dblp_coauthor,DensePull-SparsePush,serial,boolean-array,false,0,17.81591033935547,0.227301
soc-LiveJournal1,DensePull-SparsePush,serial,boolean-array,false,0,44.975754261016846,1.00235
orkut-links,DensePull-SparsePush,serial,boolean-array,false,0,71.4792709350586,1.2597
roadNet-CA,DensePull-SparsePush,serial,boolean-array,false,0,1.8246822357177734,0.096235
youtube-u-growth,DensePull-SparsePush,serial,bitvector,false,0,5.72235894203186,0.144477
dblp_coauthor,DensePull-SparsePush,serial,bitvector,false,0,17.483251810073853,0.216512
soc-LiveJournal1,DensePull-SparsePush,serial,bitvector,false,0,44.953043699264526,0.880927
orkut-links,DensePull-SparsePush,serial,bitvector,false,0,70.64292860031128,0.965727
roadNet-CA,DensePull-SparsePush,serial,bitvector,false,0,1.7834420204162598,0.061593
youtube-u-growth,DensePull-SparsePush,dynamic-vertex-parallel,boolean-array,false,0,5.71385931968689,0.034867
dblp_coauthor,DensePull-SparsePush,dynamic-vertex-parallel,boolean-array,false,0,17.602553367614746,0.0453
soc-LiveJournal1,DensePull-SparsePush,dynamic-vertex-parallel,boolean-array,false,0,44.08899521827698,0.093684
orkut-links,DensePull-SparsePush,dynamic-vertex-parallel,boolean-array,false,0,69.90260291099548,0.07309
roadNet-CA,DensePull-SparsePush,dynamic-vertex-parallel,boolean-array,false,0,1.7492742538452148,0.052735
youtube-u-growth,DensePull-SparsePush,dynamic-vertex-parallel,bitvector,false,0,5.639895915985107,0.038801
dblp_coauthor,DensePull-SparsePush,dynamic-vertex-parallel,bitvector,false,0,17.74308967590332,0.050677
soc-LiveJournal1,DensePull-SparsePush,dynamic-vertex-parallel,bitvector,false,0,44.09647822380066,0.061751
orkut-links,DensePull-SparsePush,dynamic-vertex-parallel,bitvector,false,0,70.87634539604187,0.057694
roadNet-CA,DensePull-SparsePush,dynamic-vertex-parallel,bitvector,false,0,1.7811739444732666,0.056138
youtube-u-growth,DensePull-SparsePush,static-vertex-parallel,boolean-array,false,0,5.571161508560181,0.04234
dblp_coauthor,DensePull-SparsePush,static-vertex-parallel,boolean-array,false,0,17.610426425933838,0.037279
soc-LiveJournal1,DensePull-SparsePush,static-vertex-parallel,boolean-array,false,0,43.84759831428528,0.069999
orkut-links,DensePull-SparsePush,static-vertex-parallel,boolean-array,false,0,70.01520800590515,0.061027
roadNet-CA,DensePull-SparsePush,static-vertex-parallel,boolean-array,false,0,1.7770164012908936,0.0469
youtube-u-growth,DensePull-SparsePush,static-vertex-parallel,bitvector,false,0,3.9389560222625732,0.041396
dblp_coauthor,DensePull-SparsePush,static-vertex-parallel,bitvector,false,0,17.760990142822266,0.083334
soc-LiveJournal1,DensePull-SparsePush,static-vertex-parallel,bitvector,false,0,42.544272899627686,0.07371
orkut-links,DensePull-SparsePush,static-vertex-parallel,bitvector,false,0,70.63655757904053,0.066723
roadNet-CA,DensePull-SparsePush,static-vertex-parallel,bitvector,false,0,1.7492034435272217,0.047911
youtube-u-growth,DensePull-SparsePush,edge-aware-dynamic-vertex-parallel,boolean-array,false,0,5.630181074142456,0.043359
dblp_coauthor,DensePull-SparsePush,edge-aware-dynamic-vertex-parallel,boolean-array,false,0,17.730354070663452,0.035589
soc-LiveJournal1,DensePull-SparsePush,edge-aware-dynamic-vertex-parallel,boolean-array,false,0,43.83978486061096,0.085519
orkut-links,DensePull-SparsePush,edge-aware-dynamic-vertex-parallel,boolean-array,false,0,70.6918294429779,0.06961
roadNet-CA,DensePull-SparsePush,edge-aware-dynamic-vertex-parallel,boolean-array,false,0,1.7477033138275146,0.048929
youtube-u-growth,DensePull-SparsePush,edge-aware-dynamic-vertex-parallel,bitvector,false,0,5.657079696655273,0.04895
dblp_coauthor,DensePull-SparsePush,edge-aware-dynamic-vertex-parallel,bitvector,false,0,17.68498420715332,0.047121
soc-LiveJournal1,DensePull-SparsePush,edge-aware-dynamic-vertex-parallel,bitvector,false,0,43.914788246154785,0.07743
orkut-links,DensePull-SparsePush,edge-aware-dynamic-vertex-parallel,bitvector,false,0,70.60217332839966,0.059178
roadNet-CA,DensePull-SparsePush,edge-aware-dynamic-vertex-parallel,bitvector,false,0,1.7385194301605225,0.054119
youtube-u-growth,SparsePush-DensePull,serial,boolean-array,false,0,5.750803232192993,0.178894
dblp_coauthor,SparsePush-DensePull,serial,boolean-array,false,0,17.80511474609375,0.231399
soc-LiveJournal1,SparsePush-DensePull,serial,boolean-array,false,0,44.69093179702759,1.03961
orkut-links,SparsePush-DensePull,serial,boolean-array,false,0,71.17240738868713,1.31565
roadNet-CA,SparsePush-DensePull,serial,boolean-array,false,0,1.7899785041809082,0.077725
youtube-u-growth,SparsePush-DensePull,serial,bitvector,false,0,5.709229230880737,0.14423
dblp_coauthor,SparsePush-DensePull,serial,bitvector,false,0,17.92578387260437,0.214708
soc-LiveJournal1,SparsePush-DensePull,serial,bitvector,false,0,44.60757613182068,0.797696
orkut-links,SparsePush-DensePull,serial,bitvector,false,0,71.38281273841858,1.01361
roadNet-CA,SparsePush-DensePull,serial,bitvector,false,0,1.7839078903198242,0.086571
youtube-u-growth,SparsePush-DensePull,dynamic-vertex-parallel,boolean-array,false,0,5.682117700576782,0.042915
dblp_coauthor,SparsePush-DensePull,dynamic-vertex-parallel,boolean-array,false,0,17.617422103881836,0.040307
soc-LiveJournal1,SparsePush-DensePull,dynamic-vertex-parallel,boolean-array,false,0,43.994351863861084,0.072847
orkut-links,SparsePush-DensePull,dynamic-vertex-parallel,boolean-array,false,0,67.24777817726135,0.057995
roadNet-CA,SparsePush-DensePull,dynamic-vertex-parallel,boolean-array,false,0,1.7520747184753418,0.053032
youtube-u-growth,SparsePush-DensePull,dynamic-vertex-parallel,bitvector,false,0,5.638770580291748,0.047628
dblp_coauthor,SparsePush-DensePull,dynamic-vertex-parallel,bitvector,false,0,17.733588457107544,0.056391
soc-LiveJournal1,SparsePush-DensePull,dynamic-vertex-parallel,bitvector,false,0,44.148677110672,0.062534
orkut-links,SparsePush-DensePull,dynamic-vertex-parallel,bitvector,false,0,70.02580785751343,0.056797
roadNet-CA,SparsePush-DensePull,dynamic-vertex-parallel,bitvector,false,0,1.765500545501709,0.053559
youtube-u-growth,SparsePush-DensePull,static-vertex-parallel,boolean-array,false,0,5.617518424987793,0.036324
dblp_coauthor,SparsePush-DensePull,static-vertex-parallel,boolean-array,false,0,17.62692356109619,0.050155
soc-LiveJournal1,SparsePush-DensePull,static-vertex-parallel,boolean-array,false,0,43.79079866409302,0.072493
orkut-links,SparsePush-DensePull,static-vertex-parallel,boolean-array,false,0,70.35333371162415,0.059639
roadNet-CA,SparsePush-DensePull,static-vertex-parallel,boolean-array,false,0,1.735374927520752,0.041288
youtube-u-growth,SparsePush-DensePull,static-vertex-parallel,bitvector,false,0,5.385594367980957,0.039987
dblp_coauthor,SparsePush-DensePull,static-vertex-parallel,bitvector,false,0,17.667051792144775,0.037627
soc-LiveJournal1,SparsePush-DensePull,static-vertex-parallel,bitvector,false,0,44.05068039894104,0.060671
orkut-links,SparsePush-DensePull,static-vertex-parallel,bitvector,false,0,70.7781925201416,0.054475
roadNet-CA,SparsePush-DensePull,static-vertex-parallel,bitvector,false,0,1.7474329471588135,0.046435
youtube-u-growth,SparsePush-DensePull,edge-aware-dynamic-vertex-parallel,boolean-array,false,0,5.639500617980957,0.050194
dblp_coauthor,SparsePush-DensePull,edge-aware-dynamic-vertex-parallel,boolean-array,false,0,17.65540909767151,0.046505
soc-LiveJournal1,SparsePush-DensePull,edge-aware-dynamic-vertex-parallel,boolean-array,false,0,43.884376764297485,0.092014
orkut-links,SparsePush-DensePull,edge-aware-dynamic-vertex-parallel,boolean-array,false,0,70.28769254684448,0.0678
roadNet-CA,SparsePush-DensePull,edge-aware-dynamic-vertex-parallel,boolean-array,false,0,1.7418673038482666,0.046346
youtube-u-growth,SparsePush-DensePull,edge-aware-dynamic-vertex-parallel,bitvector,false,0,5.65557599067688,0.052992
dblp_coauthor,SparsePush-DensePull,edge-aware-dynamic-vertex-parallel,bitvector,false,0,17.689039945602417,0.037427
soc-LiveJournal1,SparsePush-DensePull,edge-aware-dynamic-vertex-parallel,bitvector,false,0,43.63721203804016,0.092291
orkut-links,SparsePush-DensePull,edge-aware-dynamic-vertex-parallel,bitvector,false,0,70.65476131439209,0.086186
roadNet-CA,SparsePush-DensePull,edge-aware-dynamic-vertex-parallel,bitvector,false,0,1.750678300857544,0.058178
youtube-u-growth,DensePush-SparsePush,serial,boolean-array,false,0,5.776407718658447,0.185179
dblp_coauthor,DensePush-SparsePush,serial,boolean-array,false,0,17.899913549423218,0.194153
soc-LiveJournal1,DensePush-SparsePush,serial,boolean-array,false,0,44.47918105125427,0.694228
orkut-links,DensePush-SparsePush,serial,boolean-array,false,0,71.15939831733704,0.869852
roadNet-CA,DensePush-SparsePush,serial,boolean-array,false,0,1.134509563446045,0.084289
youtube-u-growth,DensePush-SparsePush,dynamic-vertex-parallel,boolean-array,false,0,5.619121551513672,0.04357
dblp_coauthor,DensePush-SparsePush,dynamic-vertex-parallel,boolean-array,false,0,17.320048570632935,0.034873
soc-LiveJournal1,DensePush-SparsePush,dynamic-vertex-parallel,boolean-array,false,0,43.781179904937744,0.056957
orkut-links,DensePush-SparsePush,dynamic-vertex-parallel,boolean-array,false,0,68.82712244987488,0.079679
roadNet-CA,DensePush-SparsePush,dynamic-vertex-parallel,boolean-array,false,0,1.7387895584106445,0.045835
youtube-u-growth,DensePush-SparsePush,static-vertex-parallel,boolean-array,false,0,5.623732328414917,0.043595
dblp_coauthor,DensePush-SparsePush,static-vertex-parallel,boolean-array,false,0,17.695513248443604,0.047456
soc-LiveJournal1,DensePush-SparsePush,static-vertex-parallel,boolean-array,false,0,43.60683560371399,0.055845
orkut-links,DensePush-SparsePush,static-vertex-parallel,boolean-array,false,0,70.48473954200745,0.064573
roadNet-CA,DensePush-SparsePush,static-vertex-parallel,boolean-array,false,0,1.7531187534332275,0.053938
youtube-u-growth,DensePull,serial,boolean-array,false,5,5.954373121261597,0.172721
dblp_coauthor,DensePull,serial,boolean-array,false,5,18.85217809677124,0.772774
soc-LiveJournal1,DensePull,serial,boolean-array,false,5,46.88707733154297,1.80675
orkut-links,DensePull,serial,boolean-array,false,5,70.85717606544495,1.07701
roadNet-CA,DensePull,serial,boolean-array,false,5,1.8519222736358643,0.069812
youtube-u-growth,DensePull,serial,bitvector,false,5,5.972451686859131,0.187089
dblp_coauthor,DensePull,serial,bitvector,false,5,18.706783533096313,0.692688
soc-LiveJournal1,DensePull,serial,bitvector,false,5,46.69976234436035,1.55282
orkut-links,DensePull,serial,bitvector,false,5,72.7687623500824,0.90007
roadNet-CA,DensePull,serial,bitvector,false,5,1.8438489437103271,0.04584
youtube-u-growth,DensePull,dynamic-vertex-parallel,boolean-array,false,5,4.012315511703491,0.062834
dblp_coauthor,DensePull,dynamic-vertex-parallel,boolean-array,false,5,18.075220823287964,0.052991
soc-LiveJournal1,DensePull,dynamic-vertex-parallel,boolean-array,false,5,44.75572443008423,0.117982
orkut-links,DensePull,dynamic-vertex-parallel,boolean-array,false,5,71.67899465560913,0.067789
roadNet-CA,DensePull,dynamic-vertex-parallel,boolean-array,false,5,2.0825631618499756,0.290275
youtube-u-growth,DensePull,dynamic-vertex-parallel,bitvector,false,5,5.884781360626221,0.097786
dblp_coauthor,DensePull,dynamic-vertex-parallel,bitvector,false,5,18.020939111709595,0.058977
soc-LiveJournal1,DensePull,dynamic-vertex-parallel,bitvector,false,5,44.24685788154602,0.096756
orkut-links,DensePull,dynamic-vertex-parallel,bitvector,false,5,71.51332306861877,0.058167
roadNet-CA,DensePull,dynamic-vertex-parallel,bitvector,false,5,2.084045648574829,0.306295
youtube-u-growth,DensePull,static-vertex-parallel,boolean-array,false,5,5.848623037338257,0.072213
dblp_coauthor,DensePull,static-vertex-parallel,boolean-array,false,5,18.08854031562805,0.050734
soc-LiveJournal1,DensePull,static-vertex-parallel,boolean-array,false,5,44.99566578865051,0.098045
orkut-links,DensePull,static-vertex-parallel,boolean-array,false,5,71.67254662513733,0.064544
roadNet-CA,DensePull,static-vertex-parallel,boolean-array,false,5,2.033966302871704,0.253071
youtube-u-growth,DensePull,static-vertex-parallel,bitvector,false,5,5.840928792953491,0.078496
dblp_coauthor,DensePull,static-vertex-parallel,bitvector,false,5,17.85367250442505,0.064682
soc-LiveJournal1,DensePull,static-vertex-parallel,bitvector,false,5,45.02490520477295,0.097747
orkut-links,DensePull,static-vertex-parallel,bitvector,false,5,71.51829624176025,0.073946
roadNet-CA,DensePull,static-vertex-parallel,bitvector,false,5,2.0766184329986572,0.302462
youtube-u-growth,DensePull,edge-aware-dynamic-vertex-parallel,boolean-array,false,5,5.8763885498046875,0.097206
dblp_coauthor,DensePull,edge-aware-dynamic-vertex-parallel,boolean-array,false,5,17.996288299560547,0.055549
soc-LiveJournal1,DensePull,edge-aware-dynamic-vertex-parallel,boolean-array,false,5,44.98458385467529,0.102725
orkut-links,DensePull,edge-aware-dynamic-vertex-parallel,boolean-array,false,5,71.8780632019043,0.072662
roadNet-CA,DensePull,edge-aware-dynamic-vertex-parallel,boolean-array,false,5,2.0523879528045654,0.276038
youtube-u-growth,DensePull,edge-aware-dynamic-vertex-parallel,bitvector,false,5,5.891576766967773,0.095795
dblp_coauthor,DensePull,edge-aware-dynamic-vertex-parallel,bitvector,false,5,18.111241817474365,0.049976
soc-LiveJournal1,DensePull,edge-aware-dynamic-vertex-parallel,bitvector,false,5,45.16183614730835,0.101867
orkut-links,DensePull,edge-aware-dynamic-vertex-parallel,bitvector,false,5,71.91877818107605,0.062397
roadNet-CA,DensePull,edge-aware-dynamic-vertex-parallel,bitvector,false,5,2.1581239700317383,0.351372
youtube-u-growth,DensePull-SparsePush,serial,boolean-array,false,5,5.839798450469971,0.176709
dblp_coauthor,DensePull-SparsePush,serial,boolean-array,false,5,18.227476358413696,0.23625
soc-LiveJournal1,DensePull-SparsePush,serial,boolean-array,false,5,45.51628565788269,0.798542
orkut-links,DensePull-SparsePush,serial,boolean-array,false,5,72.0616545677185,1.07901
roadNet-CA,DensePull-SparsePush,serial,boolean-array,false,5,1.837378978729248,0.068027
youtube-u-growth,DensePull-SparsePush,serial,bitvector,false,5,5.0675859451293945,0.166292
dblp_coauthor,DensePull-SparsePush,serial,bitvector,false,5,18.143616437911987,0.230216
soc-LiveJournal1,DensePull-SparsePush,serial,bitvector,false,5,45.36361384391785,0.699515
orkut-links,DensePull-SparsePush,serial,bitvector,false,5,72.34468388557434,0.91284
roadNet-CA,DensePull-SparsePush,serial,bitvector,false,5,1.8486618995666504,0.083362
youtube-u-growth,DensePull-SparsePush,dynamic-vertex-parallel,boolean-array,false,5,5.842695474624634,0.086848
dblp_coauthor,DensePull-SparsePush,dynamic-vertex-parallel,boolean-array,false,5,18.002267599105835,0.041242
soc-LiveJournal1,DensePull-SparsePush,dynamic-vertex-parallel,boolean-array,false,5,44.541741609573364,0.061743
orkut-links,DensePull-SparsePush,dynamic-vertex-parallel,boolean-array,false,5,70.63726019859314,0.059809
roadNet-CA,DensePull-SparsePush,dynamic-vertex-parallel,boolean-array,false,5,1.8306798934936523,0.055324
youtube-u-growth,DensePull-SparsePush,dynamic-vertex-parallel,bitvector,false,5,5.825140714645386,0.069428
dblp_coauthor,DensePull-SparsePush,dynamic-vertex-parallel,bitvector,false,5,18.20758819580078,0.040151
soc-LiveJournal1,DensePull-SparsePush,dynamic-vertex-parallel,bitvector,false,5,44.9919536113739,0.056664
orkut-links,DensePull-SparsePush,dynamic-vertex-parallel,bitvector,false,5,71.62454915046692,0.052416
roadNet-CA,DensePull-SparsePush,dynamic-vertex-parallel,bitvector,false,5,1.813429594039917,0.055159
youtube-u-growth,DensePull-SparsePush,static-vertex-parallel,boolean-array,false,5,5.8359479904174805,0.043331
dblp_coauthor,DensePull-SparsePush,static-vertex-parallel,boolean-array,false,5,18.004263162612915,0.046353
soc-LiveJournal1,DensePull-SparsePush,static-vertex-parallel,boolean-array,false,5,44.75106644630432,0.057808
orkut-links,DensePull-SparsePush,static-vertex-parallel,boolean-array,false,5,71.4817144870758,0.057969
roadNet-CA,DensePull-SparsePush,static-vertex-parallel,boolean-array,false,5,1.8269078731536865,0.061239
youtube-u-growth,DensePull-SparsePush,static-vertex-parallel,bitvector,false,5,5.78573203086853,0.055193
dblp_coauthor,DensePull-SparsePush,static-vertex-parallel,bitvector,false,5,17.94233536720276,0.041831
soc-LiveJournal1,DensePull-SparsePush,static-vertex-parallel,bitvector,false,5,44.66287636756897,0.068361
orkut-links,DensePull-SparsePush,static-vertex-parallel,bitvector,false,5,50.48000431060791,0.065463
roadNet-CA,DensePull-SparsePush,static-vertex-parallel,bitvector,false,5,1.8512639999389648,0.079337
youtube-u-growth,DensePull-SparsePush,edge-aware-dynamic-vertex-parallel,boolean-array,false,5,5.897355318069458,0.061572
dblp_coauthor,DensePull-SparsePush,edge-aware-dynamic-vertex-parallel,boolean-array,false,5,17.983217000961304,0.042459
soc-LiveJournal1,DensePull-SparsePush,edge-aware-dynamic-vertex-parallel,boolean-array,false,5,43.74053168296814,0.105586
orkut-links,DensePull-SparsePush,edge-aware-dynamic-vertex-parallel,boolean-array,false,5,69.07822680473328,0.080699
roadNet-CA,DensePull-SparsePush,edge-aware-dynamic-vertex-parallel,boolean-array,false,5,1.8318917751312256,0.070918
youtube-u-growth,DensePull-SparsePush,edge-aware-dynamic-vertex-parallel,bitvector,false,5,5.8416972160339355,0.070146
dblp_coauthor,DensePull-SparsePush,edge-aware-dynamic-vertex-parallel,bitvector,false,5,18.037880420684814,0.050464
soc-LiveJournal1,DensePull-SparsePush,edge-aware-dynamic-vertex-parallel,bitvector,false,5,44.91663312911987,0.069271
orkut-links,DensePull-SparsePush,edge-aware-dynamic-vertex-parallel,bitvector,false,5,72.56031274795532,0.060678
roadNet-CA,DensePull-SparsePush,edge-aware-dynamic-vertex-parallel,bitvector,false,5,1.833812952041626,0.063499
youtube-u-growth,SparsePush-DensePull,serial,boolean-array,false,5,5.913447856903076,0.174784
dblp_coauthor,SparsePush-DensePull,serial,boolean-array,false,5,18.208239793777466,0.231326
soc-LiveJournal1,SparsePush-DensePull,serial,boolean-array,false,5,45.634116411209106,0.799662
orkut-links,SparsePush-DensePull,serial,boolean-array,false,5,72.10453748703003,1.07193
roadNet-CA,SparsePush-DensePull,serial,boolean-array,false,5,1.840270757675171,0.073555
youtube-u-growth,SparsePush-DensePull,serial,bitvector,false,5,5.927602291107178,0.160523
dblp_coauthor,SparsePush-DensePull,serial,bitvector,false,5,18.172430515289307,0.230867
soc-LiveJournal1,SparsePush-DensePull,serial,bitvector,false,5,43.74362564086914,0.7165
orkut-links,SparsePush-DensePull,serial,bitvector,false,5,72.72305107116699,0.93168
roadNet-CA,SparsePush-DensePull,serial,bitvector,false,5,1.8367035388946533,0.067512
youtube-u-growth,SparsePush-DensePull,dynamic-vertex-parallel,boolean-array,false,5,5.787258863449097,0.046474
dblp_coauthor,SparsePush-DensePull,dynamic-vertex-parallel,boolean-array,false,5,16.635063648223877,0.038596
soc-LiveJournal1,SparsePush-DensePull,dynamic-vertex-parallel,boolean-array,false,5,44.274693965911865,0.055029
orkut-links,SparsePush-DensePull,dynamic-vertex-parallel,boolean-array,false,5,69.99817204475403,0.075358
roadNet-CA,SparsePush-DensePull,dynamic-vertex-parallel,boolean-array,false,5,1.8304388523101807,0.069977
youtube-u-growth,SparsePush-DensePull,dynamic-vertex-parallel,bitvector,false,5,5.8013105392456055,0.050865
dblp_coauthor,SparsePush-DensePull,dynamic-vertex-parallel,bitvector,false,5,17.904433488845825,0.039658
soc-LiveJournal1,SparsePush-DensePull,dynamic-vertex-parallel,bitvector,false,5,44.52994775772095,0.061551
orkut-links,SparsePush-DensePull,dynamic-vertex-parallel,bitvector,false,5,71.46975231170654,0.062952
roadNet-CA,SparsePush-DensePull,dynamic-vertex-parallel,bitvector,false,5,1.8328094482421875,0.058969
youtube-u-growth,SparsePush-DensePull,static-vertex-parallel,boolean-array,false,5,5.793204307556152,0.045657
dblp_coauthor,SparsePush-DensePull,static-vertex-parallel,boolean-array,false,5,10.719026327133179,0.034518
soc-LiveJournal1,SparsePush-DensePull,static-vertex-parallel,boolean-array,false,5,44.74817371368408,0.05742
orkut-links,SparsePush-DensePull,static-vertex-parallel,boolean-array,false,5,70.38367676734924,0.056498
roadNet-CA,SparsePush-DensePull,static-vertex-parallel,boolean-array,false,5,1.8176984786987305,0.057627
youtube-u-growth,SparsePush-DensePull,static-vertex-parallel,bitvector,false,5,5.406852960586548,0.048808
dblp_coauthor,SparsePush-DensePull,static-vertex-parallel,bitvector,false,5,17.98936891555786,0.038142
soc-LiveJournal1,SparsePush-DensePull,static-vertex-parallel,bitvector,false,5,44.835845708847046,0.05454
orkut-links,SparsePush-DensePull,static-vertex-parallel,bitvector,false,5,71.61237573623657,0.048968
roadNet-CA,SparsePush-DensePull,static-vertex-parallel,bitvector,false,5,1.813640832901001,0.053731
youtube-u-growth,SparsePush-DensePull,edge-aware-dynamic-vertex-parallel,boolean-array,false,5,5.790672302246094,0.070846
dblp_coauthor,SparsePush-DensePull,edge-aware-dynamic-vertex-parallel,boolean-array,false,5,17.97307014465332,0.041528
soc-LiveJournal1,SparsePush-DensePull,edge-aware-dynamic-vertex-parallel,boolean-array,false,5,44.92004323005676,0.095765
orkut-links,SparsePush-DensePull,edge-aware-dynamic-vertex-parallel,boolean-array,false,5,71.10383152961731,0.064679
roadNet-CA,SparsePush-DensePull,edge-aware-dynamic-vertex-parallel,boolean-array,false,5,1.8203868865966797,0.065281
youtube-u-growth,SparsePush-DensePull,edge-aware-dynamic-vertex-parallel,bitvector,false,5,5.515390634536743,0.069656
dblp_coauthor,SparsePush-DensePull,edge-aware-dynamic-vertex-parallel,bitvector,false,5,18.087145805358887,0.048807
soc-LiveJournal1,SparsePush-DensePull,edge-aware-dynamic-vertex-parallel,bitvector,false,5,44.82337141036987,0.06522
orkut-links,SparsePush-DensePull,edge-aware-dynamic-vertex-parallel,bitvector,false,5,71.72724795341492,0.061997
roadNet-CA,SparsePush-DensePull,edge-aware-dynamic-vertex-parallel,bitvector,false,5,1.8357510566711426,0.078238
youtube-u-growth,DensePull,serial,boolean-array,false,10,5.960571765899658,0.157997
dblp_coauthor,DensePull,serial,boolean-array,false,10,18.897449731826782,0.709742
soc-LiveJournal1,DensePull,serial,boolean-array,false,10,47.337437868118286,1.91809
orkut-links,DensePull,serial,boolean-array,false,10,68.35808730125427,0.975227
roadNet-CA,DensePull,serial,boolean-array,false,10,1.8266785144805908,0.057152
youtube-u-growth,DensePull,serial,bitvector,false,10,5.954007387161255,0.161816
dblp_coauthor,DensePull,serial,bitvector,false,10,18.8369197845459,0.720325
soc-LiveJournal1,DensePull,serial,bitvector,false,10,46.85813546180725,1.76173
orkut-links,DensePull,serial,bitvector,false,10,72.61492681503296,0.898598
roadNet-CA,DensePull,serial,bitvector,false,10,1.7994229793548584,0.046504
youtube-u-growth,DensePull,dynamic-vertex-parallel,boolean-array,false,10,5.893468379974365,0.088559
dblp_coauthor,DensePull,dynamic-vertex-parallel,boolean-array,false,10,18.06740927696228,0.062226
soc-LiveJournal1,DensePull,dynamic-vertex-parallel,boolean-array,false,10,45.46456050872803,0.134726
orkut-links,DensePull,dynamic-vertex-parallel,boolean-array,false,10,72.3149025440216,0.061963
roadNet-CA,DensePull,dynamic-vertex-parallel,boolean-array,false,10,2.1262576580047607,0.34327
youtube-u-growth,DensePull,dynamic-vertex-parallel,bitvector,false,10,5.9467933177948,0.07351
dblp_coauthor,DensePull,dynamic-vertex-parallel,bitvector,false,10,18.114058256149292,0.089188
soc-LiveJournal1,DensePull,dynamic-vertex-parallel,bitvector,false,10,45.222445487976074,0.10521
orkut-links,DensePull,dynamic-vertex-parallel,bitvector,false,10,66.61448287963867,0.067575
roadNet-CA,DensePull,dynamic-vertex-parallel,bitvector,false,10,2.2070188522338867,0.435439
youtube-u-growth,DensePull,static-vertex-parallel,boolean-array,false,10,5.843639373779297,0.066347
dblp_coauthor,DensePull,static-vertex-parallel,boolean-array,false,10,18.143763780593872,0.055918
soc-LiveJournal1,DensePull,static-vertex-parallel,boolean-array,false,10,43.92436504364014,0.092265
orkut-links,DensePull,static-vertex-parallel,boolean-array,false,10,73.04024147987366,0.065358
roadNet-CA,DensePull,static-vertex-parallel,boolean-array,false,10,2.128972053527832,0.333295
youtube-u-growth,DensePull,static-vertex-parallel,bitvector,false,10,5.861412525177002,0.081244
dblp_coauthor,DensePull,static-vertex-parallel,bitvector,false,10,18.247768878936768,0.098079
soc-LiveJournal1,DensePull,static-vertex-parallel,bitvector,false,10,45.20424723625183,0.101568
orkut-links,DensePull,static-vertex-parallel,bitvector,false,10,71.34234476089478,0.072351
roadNet-CA,DensePull,static-vertex-parallel,bitvector,false,10,2.22489333152771,0.444722
youtube-u-growth,DensePull,edge-aware-dynamic-vertex-parallel,boolean-array,false,10,5.894184350967407,0.093005
dblp_coauthor,DensePull,edge-aware-dynamic-vertex-parallel,boolean-array,false,10,18.04290771484375,0.059224
soc-LiveJournal1,DensePull,edge-aware-dynamic-vertex-parallel,boolean-array,false,10,45.27816414833069,0.109074
orkut-links,DensePull,edge-aware-dynamic-vertex-parallel,boolean-array,false,10,71.88613295555115,0.069218
roadNet-CA,DensePull,edge-aware-dynamic-vertex-parallel,boolean-array,false,10,2.1696105003356934,0.388874
youtube-u-growth,DensePull,edge-aware-dynamic-vertex-parallel,bitvector,false,10,5.895711421966553,0.098313
dblp_coauthor,DensePull,edge-aware-dynamic-vertex-parallel,bitvector,false,10,16.6451256275177,0.089734
soc-LiveJournal1,DensePull,edge-aware-dynamic-vertex-parallel,bitvector,false,10,45.12156414985657,0.129538
orkut-links,DensePull,edge-aware-dynamic-vertex-parallel,bitvector,false,10,71.57419967651367,0.0823
roadNet-CA,DensePull,edge-aware-dynamic-vertex-parallel,bitvector,false,10,2.2259368896484375,0.439847
youtube-u-growth,DensePull-SparsePush,serial,boolean-array,false,10,5.949431657791138,0.171816
dblp_coauthor,DensePull-SparsePush,serial,boolean-array,false,10,18.277219533920288,0.240224
soc-LiveJournal1,DensePull-SparsePush,serial,boolean-array,false,10,45.746869802474976,0.800147
orkut-links,DensePull-SparsePush,serial,boolean-array,false,10,72.1918671131134,0.991194
roadNet-CA,DensePull-SparsePush,serial,boolean-array,false,10,1.8298568725585938,0.068582
youtube-u-growth,DensePull-SparsePush,serial,bitvector,false,10,5.9404520988464355,0.158566
dblp_coauthor,DensePull-SparsePush,serial,bitvector,false,10,18.24810266494751,0.225871
soc-LiveJournal1,DensePull-SparsePush,serial,bitvector,false,10,45.486613035202026,0.731372
orkut-links,DensePull-SparsePush,serial,bitvector,false,10,69.28318548202515,0.918588
roadNet-CA,DensePull-SparsePush,serial,bitvector,false,10,1.8488078117370605,0.075544
youtube-u-growth,DensePull-SparsePush,dynamic-vertex-parallel,boolean-array,false,10,5.803551197052002,0.054427
dblp_coauthor,DensePull-SparsePush,dynamic-vertex-parallel,boolean-array,false,10,18.069491147994995,0.035423
soc-LiveJournal1,DensePull-SparsePush,dynamic-vertex-parallel,boolean-array,false,10,45.29883790016174,0.056812
orkut-links,DensePull-SparsePush,dynamic-vertex-parallel,boolean-array,false,10,71.30082511901855,0.062132
roadNet-CA,DensePull-SparsePush,dynamic-vertex-parallel,boolean-array,false,10,1.8455071449279785,0.082357
youtube-u-growth,DensePull-SparsePush,dynamic-vertex-parallel,bitvector,false,10,5.822036266326904,0.054633
dblp_coauthor,DensePull-SparsePush,dynamic-vertex-parallel,bitvector,false,10,17.70071291923523,0.043265
soc-LiveJournal1,DensePull-SparsePush,dynamic-vertex-parallel,bitvector,false,10,44.71618366241455,0.056858
orkut-links,DensePull-SparsePush,dynamic-vertex-parallel,bitvector,false,10,71.75484895706177,0.06567
roadNet-CA,DensePull-SparsePush,dynamic-vertex-parallel,bitvector,false,10,1.827155351638794,0.067778
youtube-u-growth,DensePull-SparsePush,static-vertex-parallel,boolean-array,false,10,5.818850994110107,0.049117
dblp_coauthor,DensePull-SparsePush,static-vertex-parallel,boolean-array,false,10,18.14430522918701,0.044008
soc-LiveJournal1,DensePull-SparsePush,static-vertex-parallel,boolean-array,false,10,44.29515624046326,0.058738
orkut-links,DensePull-SparsePush,static-vertex-parallel,boolean-array,false,10,71.71252727508545,0.06012
roadNet-CA,DensePull-SparsePush,static-vertex-parallel,boolean-array,false,10,1.8483576774597168,0.065245
youtube-u-growth,DensePull-SparsePush,static-vertex-parallel,bitvector,false,10,6.087581634521484,0.064029
dblp_coauthor,DensePull-SparsePush,static-vertex-parallel,bitvector,false,10,17.662240028381348,0.037552
soc-LiveJournal1,DensePull-SparsePush,static-vertex-parallel,bitvector,false,10,45.0488395690918,0.060931
orkut-links,DensePull-SparsePush,static-vertex-parallel,bitvector,false,10,70.48321270942688,0.054672
roadNet-CA,DensePull-SparsePush,static-vertex-parallel,bitvector,false,10,1.8139269351959229,0.061251
youtube-u-growth,DensePull-SparsePush,edge-aware-dynamic-vertex-parallel,boolean-array,false,10,5.85203218460083,0.072924
dblp_coauthor,DensePull-SparsePush,edge-aware-dynamic-vertex-parallel,boolean-array,false,10,18.17225480079651,0.042323
soc-LiveJournal1,DensePull-SparsePush,edge-aware-dynamic-vertex-parallel,boolean-array,false,10,45.087804555892944,0.065778
orkut-links,DensePull-SparsePush,edge-aware-dynamic-vertex-parallel,boolean-array,false,10,71.6049292087555,0.065142
roadNet-CA,DensePull-SparsePush,edge-aware-dynamic-vertex-parallel,boolean-array,false,10,1.8876683712005615,0.078221
youtube-u-growth,DensePull-SparsePush,edge-aware-dynamic-vertex-parallel,bitvector,false,10,5.838234901428223,0.06705
dblp_coauthor,DensePull-SparsePush,edge-aware-dynamic-vertex-parallel,bitvector,false,10,18.08600640296936,0.040322
soc-LiveJournal1,DensePull-SparsePush,edge-aware-dynamic-vertex-parallel,bitvector,false,10,45.00350594520569,0.065428
orkut-links,DensePull-SparsePush,edge-aware-dynamic-vertex-parallel,bitvector,false,10,71.79180121421814,0.061871
roadNet-CA,DensePull-SparsePush,edge-aware-dynamic-vertex-parallel,bitvector,false,10,1.9593498706817627,0.067608
youtube-u-growth,SparsePush-DensePull,serial,boolean-array,false,10,5.923287630081177,0.165202
dblp_coauthor,SparsePush-DensePull,serial,boolean-array,false,10,18.338489770889282,0.254328
soc-LiveJournal1,SparsePush-DensePull,serial,boolean-array,false,10,45.67919921875,0.81316
orkut-links,SparsePush-DensePull,serial,boolean-array,false,10,72.35425877571106,0.99963
roadNet-CA,SparsePush-DensePull,serial,boolean-array,false,10,1.8603768348693848,0.069072
youtube-u-growth,SparsePush-DensePull,serial,bitvector,false,10,5.937535047531128,0.159416
dblp_coauthor,SparsePush-DensePull,serial,bitvector,false,10,18.130875825881958,0.224771
soc-LiveJournal1,SparsePush-DensePull,serial,bitvector,false,10,45.5674192905426,0.737595
orkut-links,SparsePush-DensePull,serial,bitvector,false,10,72.60977077484131,0.922735
roadNet-CA,SparsePush-DensePull,serial,bitvector,false,10,1.8348124027252197,0.073261
youtube-u-growth,SparsePush-DensePull,dynamic-vertex-parallel,boolean-array,false,10,5.81982421875,0.043113
dblp_coauthor,SparsePush-DensePull,dynamic-vertex-parallel,boolean-array,false,10,18.190532684326172,0.043047
soc-LiveJournal1,SparsePush-DensePull,dynamic-vertex-parallel,boolean-array,false,10,44.975250482559204,0.058728
orkut-links,SparsePush-DensePull,dynamic-vertex-parallel,boolean-array,false,10,71.51375937461853,0.061838
roadNet-CA,SparsePush-DensePull,dynamic-vertex-parallel,boolean-array,false,10,1.8319904804229736,0.065963
youtube-u-growth,SparsePush-DensePull,dynamic-vertex-parallel,bitvector,false,10,5.820398569107056,0.060653
dblp_coauthor,SparsePush-DensePull,dynamic-vertex-parallel,bitvector,false,10,17.99679207801819,0.048035
soc-LiveJournal1,SparsePush-DensePull,dynamic-vertex-parallel,bitvector,false,10,44.7900128364563,0.05357
orkut-links,SparsePush-DensePull,dynamic-vertex-parallel,bitvector,false,10,71.59060716629028,0.058104
roadNet-CA,SparsePush-DensePull,dynamic-vertex-parallel,bitvector,false,10,1.8145687580108643,0.059779
youtube-u-growth,SparsePush-DensePull,static-vertex-parallel,boolean-array,false,10,5.872776746749878,0.052512
dblp_coauthor,SparsePush-DensePull,static-vertex-parallel,boolean-array,false,10,18.0744149684906,0.059563
soc-LiveJournal1,SparsePush-DensePull,static-vertex-parallel,boolean-array,false,10,44.90841197967529,0.056043
orkut-links,SparsePush-DensePull,static-vertex-parallel,boolean-array,false,10,71.47329425811768,0.060076
roadNet-CA,SparsePush-DensePull,static-vertex-parallel,boolean-array,false,10,1.8336458206176758,0.065384
youtube-u-growth,SparsePush-DensePull,static-vertex-parallel,bitvector,false,10,5.832043409347534,0.048055
dblp_coauthor,SparsePush-DensePull,static-vertex-parallel,bitvector,false,10,18.092237949371338,0.036842
soc-LiveJournal1,SparsePush-DensePull,static-vertex-parallel,bitvector,false,10,43.82969355583191,0.054835
orkut-links,SparsePush-DensePull,static-vertex-parallel,bitvector,false,10,71.71658515930176,0.054908
roadNet-CA,SparsePush-DensePull,static-vertex-parallel,bitvector,false,10,1.8481695652008057,0.068259
youtube-u-growth,SparsePush-DensePull,edge-aware-dynamic-vertex-parallel,boolean-array,false,10,5.846996545791626,0.065596
dblp_coauthor,SparsePush-DensePull,edge-aware-dynamic-vertex-parallel,boolean-array,false,10,18.20703411102295,0.043097
soc-LiveJournal1,SparsePush-DensePull,edge-aware-dynamic-vertex-parallel,boolean-array,false,10,44.605377435684204,0.065378
orkut-links,SparsePush-DensePull,edge-aware-dynamic-vertex-parallel,boolean-array,false,10,71.52727913856506,0.064114
roadNet-CA,SparsePush-DensePull,edge-aware-dynamic-vertex-parallel,boolean-array,false,10,1.8363587856292725,0.071686
youtube-u-growth,SparsePush-DensePull,edge-aware-dynamic-vertex-parallel,bitvector,false,10,5.86393141746521,0.070373
dblp_coauthor,SparsePush-DensePull,edge-aware-dynamic-vertex-parallel,bitvector,false,10,18.13175082206726,0.05533
soc-LiveJournal1,SparsePush-DensePull,edge-aware-dynamic-vertex-parallel,bitvector,false,10,45.252960205078125,0.073125
orkut-links,SparsePush-DensePull,edge-aware-dynamic-vertex-parallel,bitvector,false,10,71.66624045372009,0.061115
roadNet-CA,SparsePush-DensePull,edge-aware-dynamic-vertex-parallel,bitvector,false,10,1.896141529083252,0.072937
youtube-u-growth,DensePull,serial,boolean-array,false,15,5.9267637729644775,0.144716
dblp_coauthor,DensePull,serial,boolean-array,false,15,18.864338874816895,0.737962
soc-LiveJournal1,DensePull,serial,boolean-array,false,15,47.168230295181274,1.90857
orkut-links,DensePull,serial,boolean-array,false,15,73.6444365978241,0.953159
roadNet-CA,DensePull,serial,boolean-array,false,15,1.8492867946624756,0.058147
youtube-u-growth,DensePull,serial,bitvector,false,15,5.974461555480957,0.147766
dblp_coauthor,DensePull,serial,bitvector,false,15,18.656458377838135,0.69121
soc-LiveJournal1,DensePull,serial,bitvector,false,15,47.221763134002686,1.82131
orkut-links,DensePull,serial,bitvector,false,15,72.71512770652771,0.912101
roadNet-CA,DensePull,serial,bitvector,false,15,1.8281261920928955,0.059421
youtube-u-growth,DensePull,dynamic-vertex-parallel,boolean-array,false,15,5.825857877731323,0.061212
dblp_coauthor,DensePull,dynamic-vertex-parallel,boolean-array,false,15,18.15137028694153,0.064582
soc-LiveJournal1,DensePull,dynamic-vertex-parallel,boolean-array,false,15,45.32209610939026,0.132623
orkut-links,DensePull,dynamic-vertex-parallel,boolean-array,false,15,72.05818891525269,0.070624
roadNet-CA,DensePull,dynamic-vertex-parallel,boolean-array,false,15,2.200157880783081,0.417707
youtube-u-growth,DensePull,dynamic-vertex-parallel,bitvector,false,15,5.882272958755493,0.072614
dblp_coauthor,DensePull,dynamic-vertex-parallel,bitvector,false,15,18.10488724708557,0.062011
soc-LiveJournal1,DensePull,dynamic-vertex-parallel,bitvector,false,15,37.28324508666992,0.110684
orkut-links,DensePull,dynamic-vertex-parallel,bitvector,false,15,67.47813034057617,0.066075
roadNet-CA,DensePull,dynamic-vertex-parallel,bitvector,false,15,2.216798782348633,0.439136
youtube-u-growth,DensePull,static-vertex-parallel,boolean-array,false,15,5.86417293548584,0.085083
dblp_coauthor,DensePull,static-vertex-parallel,boolean-array,false,15,18.126880645751953,0.070528
soc-LiveJournal1,DensePull,static-vertex-parallel,boolean-array,false,15,45.2764368057251,0.124058
orkut-links,DensePull,static-vertex-parallel,boolean-array,false,15,71.88912224769592,0.069351
roadNet-CA,DensePull,static-vertex-parallel,boolean-array,false,15,2.2884397506713867,0.495354
youtube-u-growth,DensePull,static-vertex-parallel,bitvector,false,15,5.865400075912476,0.076972
dblp_coauthor,DensePull,static-vertex-parallel,bitvector,false,15,18.168153285980225,0.110778
soc-LiveJournal1,DensePull,static-vertex-parallel,bitvector,false,15,45.46204090118408,0.100116
orkut-links,DensePull,static-vertex-parallel,bitvector,false,15,71.87543225288391,0.080872
roadNet-CA,DensePull,static-vertex-parallel,bitvector,false,15,2.353243589401245,0.571405
youtube-u-growth,DensePull,edge-aware-dynamic-vertex-parallel,boolean-array,false,15,5.898763179779053,0.096413
dblp_coauthor,DensePull,edge-aware-dynamic-vertex-parallel,boolean-array,false,15,18.147239446640015,0.07118
soc-LiveJournal1,DensePull,edge-aware-dynamic-vertex-parallel,boolean-array,false,15,44.69499611854553,0.10642
orkut-links,DensePull,edge-aware-dynamic-vertex-parallel,boolean-array,false,15,71.45434284210205,0.084034
roadNet-CA,DensePull,edge-aware-dynamic-vertex-parallel,boolean-array,false,15,2.1923089027404785,0.416086
youtube-u-growth,DensePull,edge-aware-dynamic-vertex-parallel,bitvector,false,15,5.888032913208008,0.09519
dblp_coauthor,DensePull,edge-aware-dynamic-vertex-parallel,bitvector,false,15,18.24875831604004,0.100445
soc-LiveJournal1,DensePull,edge-aware-dynamic-vertex-parallel,bitvector,false,15,45.28418278694153,0.113577
orkut-links,DensePull,edge-aware-dynamic-vertex-parallel,bitvector,false,15,72.20625567436218,0.074518
roadNet-CA,DensePull,edge-aware-dynamic-vertex-parallel,bitvector,false,15,2.234666347503662,0.44396
youtube-u-growth,DensePull-SparsePush,serial,boolean-array,false,15,5.91428804397583,0.164155
dblp_coauthor,DensePull-SparsePush,serial,boolean-array,false,15,16.909361839294434,0.250284
soc-LiveJournal1,DensePull-SparsePush,serial,boolean-array,false,15,45.039854288101196,0.807372
orkut-links,DensePull-SparsePush,serial,boolean-array,false,15,72.56338143348694,0.962792
roadNet-CA,DensePull-SparsePush,serial,boolean-array,false,15,1.5170133113861084,0.059113
youtube-u-growth,DensePull-SparsePush,serial,bitvector,false,15,5.949375867843628,0.152313
dblp_coauthor,DensePull-SparsePush,serial,bitvector,false,15,18.177873849868774,0.224918
soc-LiveJournal1,DensePull-SparsePush,serial,bitvector,false,15,45.96674156188965,0.750078
orkut-links,DensePull-SparsePush,serial,bitvector,false,15,72.62825512886047,0.932679
roadNet-CA,DensePull-SparsePush,serial,bitvector,false,15,1.8374559879302979,0.06533
youtube-u-growth,DensePull-SparsePush,dynamic-vertex-parallel,boolean-array,false,15,5.8324809074401855,0.051496
dblp_coauthor,DensePull-SparsePush,dynamic-vertex-parallel,boolean-array,false,15,18.051270723342896,0.04394
soc-LiveJournal1,DensePull-SparsePush,dynamic-vertex-parallel,boolean-array,false,15,45.21127796173096,0.062383
orkut-links,DensePull-SparsePush,dynamic-vertex-parallel,boolean-array,false,15,72.84233236312866,0.061232
roadNet-CA,DensePull-SparsePush,dynamic-vertex-parallel,boolean-array,false,15,1.84200119972229,0.07469
youtube-u-growth,DensePull-SparsePush,dynamic-vertex-parallel,bitvector,false,15,5.819191932678223,0.055246
dblp_coauthor,DensePull-SparsePush,dynamic-vertex-parallel,bitvector,false,15,18.07488441467285,0.039614
soc-LiveJournal1,DensePull-SparsePush,dynamic-vertex-parallel,bitvector,false,15,45.114601850509644,0.056377
orkut-links,DensePull-SparsePush,dynamic-vertex-parallel,bitvector,false,15,72.20466566085815,0.05529
roadNet-CA,DensePull-SparsePush,dynamic-vertex-parallel,bitvector,false,15,1.8273417949676514,0.070089
youtube-u-growth,DensePull-SparsePush,static-vertex-parallel,boolean-array,false,15,5.956693172454834,0.056728
dblp_coauthor,DensePull-SparsePush,static-vertex-parallel,boolean-array,false,15,18.19440531730652,0.042323
soc-LiveJournal1,DensePull-SparsePush,static-vertex-parallel,boolean-array,false,15,44.96147346496582,0.061957
orkut-links,DensePull-SparsePush,static-vertex-parallel,boolean-array,false,15,70.73380970954895,0.065594
roadNet-CA,DensePull-SparsePush,static-vertex-parallel,boolean-array,false,15,1.82906174659729,0.064549
youtube-u-growth,DensePull-SparsePush,static-vertex-parallel,bitvector,false,15,5.842987298965454,0.071203
dblp_coauthor,DensePull-SparsePush,static-vertex-parallel,bitvector,false,15,17.998287439346313,0.04052
soc-LiveJournal1,DensePull-SparsePush,static-vertex-parallel,bitvector,false,15,45.204670906066895,0.076704
orkut-links,DensePull-SparsePush,static-vertex-parallel,bitvector,false,15,72.16976857185364,0.055807
roadNet-CA,DensePull-SparsePush,static-vertex-parallel,bitvector,false,15,1.8432185649871826,0.068284
youtube-u-growth,DensePull-SparsePush,edge-aware-dynamic-vertex-parallel,boolean-array,false,15,5.835170269012451,0.064004
dblp_coauthor,DensePull-SparsePush,edge-aware-dynamic-vertex-parallel,boolean-array,false,15,18.148358821868896,0.049663
soc-LiveJournal1,DensePull-SparsePush,edge-aware-dynamic-vertex-parallel,boolean-array,false,15,45.209237813949585,0.069352
orkut-links,DensePull-SparsePush,edge-aware-dynamic-vertex-parallel,boolean-array,false,15,71.69106912612915,0.064654
roadNet-CA,DensePull-SparsePush,edge-aware-dynamic-vertex-parallel,boolean-array,false,15,1.8549599647521973,0.080778
youtube-u-growth,DensePull-SparsePush,edge-aware-dynamic-vertex-parallel,bitvector,false,15,5.674454927444458,0.080692
dblp_coauthor,DensePull-SparsePush,edge-aware-dynamic-vertex-parallel,bitvector,false,15,18.093345642089844,0.05808
soc-LiveJournal1,DensePull-SparsePush,edge-aware-dynamic-vertex-parallel,bitvector,false,15,44.576892375946045,0.069358
orkut-links,DensePull-SparsePush,edge-aware-dynamic-vertex-parallel,bitvector,false,15,71.60971164703369,0.066141
roadNet-CA,DensePull-SparsePush,edge-aware-dynamic-vertex-parallel,bitvector,false,15,1.818812608718872,0.063156
youtube-u-growth,SparsePush-DensePull,serial,boolean-array,false,15,5.92847204208374,0.164711
dblp_coauthor,SparsePush-DensePull,serial,boolean-array,false,15,18.29644227027893,0.258167
soc-LiveJournal1,SparsePush-DensePull,serial,boolean-array,false,15,45.771668910980225,0.811072
orkut-links,SparsePush-DensePull,serial,boolean-array,false,15,72.23464727401733,0.966497
roadNet-CA,SparsePush-DensePull,serial,boolean-array,false,15,1.851900339126587,0.082739
youtube-u-growth,SparsePush-DensePull,serial,bitvector,false,15,5.9358131885528564,0.156594
dblp_coauthor,SparsePush-DensePull,serial,bitvector,false,15,18.25269103050232,0.227643
soc-LiveJournal1,SparsePush-DensePull,serial,bitvector,false,15,43.88662648200989,0.754411
orkut-links,SparsePush-DensePull,serial,bitvector,false,15,73.08699798583984,0.921241
roadNet-CA,SparsePush-DensePull,serial,bitvector,false,15,1.9391627311706543,0.058078
youtube-u-growth,SparsePush-DensePull,dynamic-vertex-parallel,boolean-array,false,15,5.814660549163818,0.053891
dblp_coauthor,SparsePush-DensePull,dynamic-vertex-parallel,boolean-array,false,15,17.55095672607422,0.043254
soc-LiveJournal1,SparsePush-DensePull,dynamic-vertex-parallel,boolean-array,false,15,39.48278832435608,0.072305
orkut-links,SparsePush-DensePull,dynamic-vertex-parallel,boolean-array,false,15,71.6441171169281,0.079549
roadNet-CA,SparsePush-DensePull,dynamic-vertex-parallel,boolean-array,false,15,1.829235315322876,0.067647
youtube-u-growth,SparsePush-DensePull,dynamic-vertex-parallel,bitvector,false,15,5.846805572509766,0.059232
dblp_coauthor,SparsePush-DensePull,dynamic-vertex-parallel,bitvector,false,15,18.157469272613525,0.061307
soc-LiveJournal1,SparsePush-DensePull,dynamic-vertex-parallel,bitvector,false,15,45.08671188354492,0.056326
orkut-links,SparsePush-DensePull,dynamic-vertex-parallel,bitvector,false,15,71.70427203178406,0.056496
roadNet-CA,SparsePush-DensePull,dynamic-vertex-parallel,bitvector,false,15,1.8113601207733154,0.087562
youtube-u-growth,SparsePush-DensePull,static-vertex-parallel,boolean-array,false,15,5.822709321975708,0.054487
dblp_coauthor,SparsePush-DensePull,static-vertex-parallel,boolean-array,false,15,18.07285785675049,0.040182
soc-LiveJournal1,SparsePush-DensePull,static-vertex-parallel,boolean-array,false,15,45.07433485984802,0.060149
orkut-links,SparsePush-DensePull,static-vertex-parallel,boolean-array,false,15,71.24808883666992,0.060581
roadNet-CA,SparsePush-DensePull,static-vertex-parallel,boolean-array,false,15,1.8368914127349854,0.065288
youtube-u-growth,SparsePush-DensePull,static-vertex-parallel,bitvector,false,15,5.835225820541382,0.047545
dblp_coauthor,SparsePush-DensePull,static-vertex-parallel,bitvector,false,15,18.059199571609497,0.040351
soc-LiveJournal1,SparsePush-DensePull,static-vertex-parallel,bitvector,false,15,45.017539262771606,0.059529
orkut-links,SparsePush-DensePull,static-vertex-parallel,bitvector,false,15,71.9311363697052,0.055585
roadNet-CA,SparsePush-DensePull,static-vertex-parallel,bitvector,false,15,1.8337609767913818,0.064117
youtube-u-growth,SparsePush-DensePull,edge-aware-dynamic-vertex-parallel,boolean-array,false,15,5.827095031738281,0.067357
dblp_coauthor,SparsePush-DensePull,edge-aware-dynamic-vertex-parallel,boolean-array,false,15,18.190359115600586,0.053291
soc-LiveJournal1,SparsePush-DensePull,edge-aware-dynamic-vertex-parallel,boolean-array,false,15,45.172019720077515,0.070226
orkut-links,SparsePush-DensePull,edge-aware-dynamic-vertex-parallel,boolean-array,false,15,71.01845288276672,0.068167
roadNet-CA,SparsePush-DensePull,edge-aware-dynamic-vertex-parallel,boolean-array,false,15,1.8309779167175293,0.068746
youtube-u-growth,SparsePush-DensePull,edge-aware-dynamic-vertex-parallel,bitvector,false,15,5.8440117835998535,0.065332
dblp_coauthor,SparsePush-DensePull,edge-aware-dynamic-vertex-parallel,bitvector,false,15,18.153640031814575,0.045341
soc-LiveJournal1,SparsePush-DensePull,edge-aware-dynamic-vertex-parallel,bitvector,false,15,45.241546630859375,0.065906
orkut-links,SparsePush-DensePull,edge-aware-dynamic-vertex-parallel,bitvector,false,15,71.95027828216553,0.061142
roadNet-CA,SparsePush-DensePull,edge-aware-dynamic-vertex-parallel,bitvector,false,15,1.8547313213348389,0.072118
youtube-u-growth,DensePull,serial,boolean-array,false,20,5.986243486404419,0.155839
dblp_coauthor,DensePull,serial,boolean-array,false,20,18.957022666931152,0.755539
soc-LiveJournal1,DensePull,serial,boolean-array,false,20,47.50966191291809,1.98437
orkut-links,DensePull,serial,boolean-array,false,20,72.61878752708435,0.957849
roadNet-CA,DensePull,serial,boolean-array,false,20,1.9615015983581543,0.069727
youtube-u-growth,DensePull,serial,bitvector,false,20,5.921425819396973,0.147361
dblp_coauthor,DensePull,serial,bitvector,false,20,18.78757929801941,0.721293
soc-LiveJournal1,DensePull,serial,bitvector,false,20,46.77168941497803,1.8816
orkut-links,DensePull,serial,bitvector,false,20,73.28018403053284,0.911422
roadNet-CA,DensePull,serial,bitvector,false,20,1.8531899452209473,0.066432
youtube-u-growth,DensePull,dynamic-vertex-parallel,boolean-array,false,20,5.905601739883423,0.081299
dblp_coauthor,DensePull,dynamic-vertex-parallel,boolean-array,false,20,18.443832874298096,0.07531
soc-LiveJournal1,DensePull,dynamic-vertex-parallel,boolean-array,false,20,45.905885457992554,0.11171
orkut-links,DensePull,dynamic-vertex-parallel,boolean-array,false,20,71.02767443656921,0.103969
roadNet-CA,DensePull,dynamic-vertex-parallel,boolean-array,false,20,2.3149614334106445,0.517041
youtube-u-growth,DensePull,dynamic-vertex-parallel,bitvector,false,20,5.914741277694702,0.085791
dblp_coauthor,DensePull,dynamic-vertex-parallel,bitvector,false,20,18.07152032852173,0.081774
soc-LiveJournal1,DensePull,dynamic-vertex-parallel,bitvector,false,20,43.849443435668945,0.127884
orkut-links,DensePull,dynamic-vertex-parallel,bitvector,false,20,72.69267702102661,0.075863
roadNet-CA,DensePull,dynamic-vertex-parallel,bitvector,false,20,2.3345141410827637,0.534206
youtube-u-growth,DensePull,static-vertex-parallel,boolean-array,false,20,5.738798141479492,0.097637
dblp_coauthor,DensePull,static-vertex-parallel,boolean-array,false,20,18.115958213806152,0.078107
soc-LiveJournal1,DensePull,static-vertex-parallel,boolean-array,false,20,45.35669827461243,0.115656
orkut-links,DensePull,static-vertex-parallel,boolean-array,false,20,72.3684983253479,0.092006
roadNet-CA,DensePull,static-vertex-parallel,boolean-array,false,20,2.3249025344848633,0.546265
youtube-u-growth,DensePull,static-vertex-parallel,bitvector,false,20,5.872657775878906,0.084933
dblp_coauthor,DensePull,static-vertex-parallel,bitvector,false,20,18.15433120727539,0.099696
soc-LiveJournal1,DensePull,static-vertex-parallel,bitvector,false,20,45.40723395347595,0.123518
orkut-links,DensePull,static-vertex-parallel,bitvector,false,20,72.29646873474121,0.088771
roadNet-CA,DensePull,static-vertex-parallel,bitvector,false,20,2.3371360301971436,0.55086
youtube-u-growth,DensePull,edge-aware-dynamic-vertex-parallel,boolean-array,false,20,5.8963987827301025,0.10561
dblp_coauthor,DensePull,edge-aware-dynamic-vertex-parallel,boolean-array,false,20,17.910355806350708,0.083558
soc-LiveJournal1,DensePull,edge-aware-dynamic-vertex-parallel,boolean-array,false,20,45.5510048866272,0.16473
orkut-links,DensePull,edge-aware-dynamic-vertex-parallel,boolean-array,false,20,74.43702268600464,0.093944
roadNet-CA,DensePull,edge-aware-dynamic-vertex-parallel,boolean-array,false,20,2.307607889175415,0.564941
youtube-u-growth,DensePull,edge-aware-dynamic-vertex-parallel,bitvector,false,20,5.9046149253845215,0.090569
dblp_coauthor,DensePull,edge-aware-dynamic-vertex-parallel,bitvector,false,20,18.1710147857666,0.090021
soc-LiveJournal1,DensePull,edge-aware-dynamic-vertex-parallel,bitvector,false,20,41.77367544174194,0.164895
orkut-links,DensePull,edge-aware-dynamic-vertex-parallel,bitvector,false,20,71.02243828773499,0.089371
roadNet-CA,DensePull,edge-aware-dynamic-vertex-parallel,bitvector,false,20,2.4109320640563965,0.61021
youtube-u-growth,DensePull-SparsePush,serial,boolean-array,false,20,6.251409292221069,0.160363
dblp_coauthor,DensePull-SparsePush,serial,boolean-array,false,20,18.15047001838684,0.245211
soc-LiveJournal1,DensePull-SparsePush,serial,boolean-array,false,20,46.06236934661865,0.851138
orkut-links,DensePull-SparsePush,serial,boolean-array,false,20,72.06547665596008,0.960832
roadNet-CA,DensePull-SparsePush,serial,boolean-array,false,20,1.8498315811157227,0.065819
youtube-u-growth,DensePull-SparsePush,serial,bitvector,false,20,5.958943128585815,0.16623
dblp_coauthor,DensePull-SparsePush,serial,bitvector,false,20,18.313539028167725,0.263005
soc-LiveJournal1,DensePull-SparsePush,serial,bitvector,false,20,45.67251181602478,0.760345
orkut-links,DensePull-SparsePush,serial,bitvector,false,20,72.78144907951355,0.931626
roadNet-CA,DensePull-SparsePush,serial,bitvector,false,20,1.8227601051330566,0.058423
youtube-u-growth,DensePull-SparsePush,dynamic-vertex-parallel,boolean-array,false,20,5.82220458984375,0.056024
dblp_coauthor,DensePull-SparsePush,dynamic-vertex-parallel,boolean-array,false,20,18.383265733718872,0.040978
soc-LiveJournal1,DensePull-SparsePush,dynamic-vertex-parallel,boolean-array,false,20,45.19095325469971,0.065655
orkut-links,DensePull-SparsePush,dynamic-vertex-parallel,boolean-array,false,20,71.9799292087555,0.068677
roadNet-CA,DensePull-SparsePush,dynamic-vertex-parallel,boolean-array,false,20,1.831974983215332,0.069366
youtube-u-growth,DensePull-SparsePush,dynamic-vertex-parallel,bitvector,false,20,5.843831539154053,0.06372
dblp_coauthor,DensePull-SparsePush,dynamic-vertex-parallel,bitvector,false,20,18.072511672973633,0.048384
soc-LiveJournal1,DensePull-SparsePush,dynamic-vertex-parallel,bitvector,false,20,45.257821559906006,0.060306
orkut-links,DensePull-SparsePush,dynamic-vertex-parallel,bitvector,false,20,73.7309365272522,0.061821
roadNet-CA,DensePull-SparsePush,dynamic-vertex-parallel,bitvector,false,20,1.8267908096313477,0.067283
youtube-u-growth,DensePull-SparsePush,static-vertex-parallel,boolean-array,false,20,5.8151538372039795,0.058482
dblp_coauthor,DensePull-SparsePush,static-vertex-parallel,boolean-array,false,20,18.086904287338257,0.036372
soc-LiveJournal1,DensePull-SparsePush,static-vertex-parallel,boolean-array,false,20,45.81691074371338,0.066093
orkut-links,DensePull-SparsePush,static-vertex-parallel,boolean-array,false,20,72.34845972061157,0.077189
roadNet-CA,DensePull-SparsePush,static-vertex-parallel,boolean-array,false,20,1.8168165683746338,0.064365
youtube-u-growth,DensePull-SparsePush,static-vertex-parallel,bitvector,false,20,5.838201522827148,0.052926
dblp_coauthor,DensePull-SparsePush,static-vertex-parallel,bitvector,false,20,18.13480043411255,0.040866
soc-LiveJournal1,DensePull-SparsePush,static-vertex-parallel,bitvector,false,20,45.26295828819275,0.062132
orkut-links,DensePull-SparsePush,static-vertex-parallel,bitvector,false,20,72.1636381149292,0.056382
roadNet-CA,DensePull-SparsePush,static-vertex-parallel,bitvector,false,20,1.8187966346740723,0.069311
youtube-u-growth,DensePull-SparsePush,edge-aware-dynamic-vertex-parallel,boolean-array,false,20,5.815316438674927,0.05906
dblp_coauthor,DensePull-SparsePush,edge-aware-dynamic-vertex-parallel,boolean-array,false,20,18.15916085243225,0.046438
soc-LiveJournal1,DensePull-SparsePush,edge-aware-dynamic-vertex-parallel,boolean-array,false,20,44.72316074371338,0.070261
orkut-links,DensePull-SparsePush,edge-aware-dynamic-vertex-parallel,boolean-array,false,20,71.9198272228241,0.077126
roadNet-CA,DensePull-SparsePush,edge-aware-dynamic-vertex-parallel,boolean-array,false,20,1.8329763412475586,0.071381
youtube-u-growth,DensePull-SparsePush,edge-aware-dynamic-vertex-parallel,bitvector,false,20,5.830688714981079,0.071171
dblp_coauthor,DensePull-SparsePush,edge-aware-dynamic-vertex-parallel,bitvector,false,20,17.976863145828247,0.047468
soc-LiveJournal1,DensePull-SparsePush,edge-aware-dynamic-vertex-parallel,bitvector,false,20,44.72488713264465,0.070368
orkut-links,DensePull-SparsePush,edge-aware-dynamic-vertex-parallel,bitvector,false,20,68.09989428520203,0.072553
roadNet-CA,DensePull-SparsePush,edge-aware-dynamic-vertex-parallel,bitvector,false,20,1.8219847679138184,0.081224
youtube-u-growth,SparsePush-DensePull,serial,boolean-array,false,20,5.912164926528931,0.159925
dblp_coauthor,SparsePush-DensePull,serial,boolean-array,false,20,18.271637201309204,0.250138
soc-LiveJournal1,SparsePush-DensePull,serial,boolean-array,false,20,43.96650743484497,0.823715
orkut-links,SparsePush-DensePull,serial,boolean-array,false,20,72.5344672203064,0.96652
roadNet-CA,SparsePush-DensePull,serial,boolean-array,false,20,1.8192782402038574,0.064102
youtube-u-growth,SparsePush-DensePull,serial,bitvector,false,20,6.210459232330322,0.143856
dblp_coauthor,SparsePush-DensePull,serial,bitvector,false,20,18.258384466171265,0.226909
soc-LiveJournal1,SparsePush-DensePull,serial,bitvector,false,20,45.79108929634094,0.768679
orkut-links,SparsePush-DensePull,serial,bitvector,false,20,72.72383546829224,0.944275
roadNet-CA,SparsePush-DensePull,serial,bitvector,false,20,1.8247129917144775,0.062094
youtube-u-growth,SparsePush-DensePull,dynamic-vertex-parallel,boolean-array,false,20,5.790275573730469,0.050512
dblp_coauthor,SparsePush-DensePull,dynamic-vertex-parallel,boolean-array,false,20,18.06099534034729,0.039271
soc-LiveJournal1,SparsePush-DensePull,dynamic-vertex-parallel,boolean-array,false,20,45.18070387840271,0.068688
orkut-links,SparsePush-DensePull,dynamic-vertex-parallel,boolean-array,false,20,72.48231315612793,0.067119
roadNet-CA,SparsePush-DensePull,dynamic-vertex-parallel,boolean-array,false,20,1.8455848693847656,0.080585
youtube-u-growth,SparsePush-DensePull,dynamic-vertex-parallel,bitvector,false,20,5.840830564498901,0.061902
dblp_coauthor,SparsePush-DensePull,dynamic-vertex-parallel,bitvector,false,20,18.046873092651367,0.040319
soc-LiveJournal1,SparsePush-DensePull,dynamic-vertex-parallel,bitvector,false,20,45.1461980342865,0.064064
orkut-links,SparsePush-DensePull,dynamic-vertex-parallel,bitvector,false,20,72.4122359752655,0.062662
roadNet-CA,SparsePush-DensePull,dynamic-vertex-parallel,bitvector,false,20,1.8230979442596436,0.070557
youtube-u-growth,SparsePush-DensePull,static-vertex-parallel,boolean-array,false,20,5.989362478256226,0.061079
dblp_coauthor,SparsePush-DensePull,static-vertex-parallel,boolean-array,false,20,18.095789670944214,0.044834
soc-LiveJournal1,SparsePush-DensePull,static-vertex-parallel,boolean-array,false,20,45.306843280792236,0.060991
orkut-links,SparsePush-DensePull,static-vertex-parallel,boolean-array,false,20,71.67617416381836,0.065728
roadNet-CA,SparsePush-DensePull,static-vertex-parallel,boolean-array,false,20,1.8305957317352295,0.064702
youtube-u-growth,SparsePush-DensePull,static-vertex-parallel,bitvector,false,20,5.828569412231445,0.054798
dblp_coauthor,SparsePush-DensePull,static-vertex-parallel,bitvector,false,20,18.105881929397583,0.043038
soc-LiveJournal1,SparsePush-DensePull,static-vertex-parallel,bitvector,false,20,45.193161725997925,0.062378
orkut-links,SparsePush-DensePull,static-vertex-parallel,bitvector,false,20,70.28712630271912,0.063429
roadNet-CA,SparsePush-DensePull,static-vertex-parallel,bitvector,false,20,1.82753324508667,0.072611
youtube-u-growth,SparsePush-DensePull,edge-aware-dynamic-vertex-parallel,boolean-array,false,20,5.830374717712402,0.073086
dblp_coauthor,SparsePush-DensePull,edge-aware-dynamic-vertex-parallel,boolean-array,false,20,18.117798566818237,0.040821
soc-LiveJournal1,SparsePush-DensePull,edge-aware-dynamic-vertex-parallel,boolean-array,false,20,44.870078325271606,0.072753
orkut-links,SparsePush-DensePull,edge-aware-dynamic-vertex-parallel,boolean-array,false,20,71.75964784622192,0.071376
roadNet-CA,SparsePush-DensePull,edge-aware-dynamic-vertex-parallel,boolean-array,false,20,1.8341805934906006,0.068504
youtube-u-growth,SparsePush-DensePull,edge-aware-dynamic-vertex-parallel,bitvector,false,20,6.184106349945068,0.068319
dblp_coauthor,SparsePush-DensePull,edge-aware-dynamic-vertex-parallel,bitvector,false,20,17.89927363395691,0.064722
soc-LiveJournal1,SparsePush-DensePull,edge-aware-dynamic-vertex-parallel,bitvector,false,20,45.93297243118286,0.078777
orkut-links,SparsePush-DensePull,edge-aware-dynamic-vertex-parallel,bitvector,false,20,65.98402500152588,0.068995
roadNet-CA,SparsePush-DensePull,edge-aware-dynamic-vertex-parallel,bitvector,false,20,1.8412792682647705,0.071133
