youtube-u-growth,SparsePush,serial,boolean-array,false,0,7.075510025024414,1.42013
dblp_coauthor,SparsePush,serial,boolean-array,false,0,17.209019899368286,1.65002
soc-LiveJournal1,SparsePush,serial,boolean-array,false,0,52.110814571380615,8.14853
orkut-links,SparsePush,serial,boolean-array,false,0,81.46986556053162,11.2547
roadNet-CA,SparsePush,serial,boolean-array,false,0,2.1611435413360596,0.451096
youtube-u-growth,SparsePush,dynamic-vertex-parallel,boolean-array,false,0,6.272839307785034,0.674066
dblp_coauthor,SparsePush,dynamic-vertex-parallel,boolean-array,false,0,18.234615087509155,0.495918
soc-LiveJournal1,SparsePush,dynamic-vertex-parallel,boolean-array,false,0,45.57139348983765,1.67687
orkut-links,SparsePush,dynamic-vertex-parallel,boolean-array,false,0,72.24479937553406,3.52149
roadNet-CA,SparsePush,dynamic-vertex-parallel,boolean-array,false,0,1.805819034576416,0.0745
youtube-u-growth,SparsePush,static-vertex-parallel,boolean-array,false,0,6.3132643699646,0.715755
dblp_coauthor,SparsePush,static-vertex-parallel,boolean-array,false,0,18.169004917144775,0.490146
soc-LiveJournal1,SparsePush,static-vertex-parallel,boolean-array,false,0,45.907872438430786,1.93813
orkut-links,SparsePush,static-vertex-parallel,boolean-array,false,0,73.56563568115234,3.46746
roadNet-CA,SparsePush,static-vertex-parallel,boolean-array,false,0,1.830301284790039,0.116506
youtube-u-growth,DensePull,serial,boolean-array,false,0,6.827828645706177,1.19103
dblp_coauthor,DensePull,serial,boolean-array,false,0,19.190057039260864,1.5533
soc-LiveJournal1,DensePull,serial,boolean-array,false,0,51.76562762260437,7.44453
orkut-links,DensePull,serial,boolean-array,false,0,81.18504977226257,9.25927
roadNet-CA,DensePull,serial,boolean-array,false,0,2.0698373317718506,0.32909
youtube-u-growth,DensePull,serial,bitvector,false,0,6.8040690422058105,1.21914
dblp_coauthor,DensePull,serial,bitvector,false,0,19.18325161933899,1.54278
soc-LiveJournal1,DensePull,serial,bitvector,false,0,51.37772560119629,7.45022
orkut-links,DensePull,serial,bitvector,false,0,72.08889651298523,9.11494
roadNet-CA,DensePull,serial,bitvector,false,0,2.049748420715332,0.329762
youtube-u-growth,DensePull,dynamic-vertex-parallel,boolean-array,false,0,5.740511178970337,0.16248
dblp_coauthor,DensePull,dynamic-vertex-parallel,boolean-array,false,0,17.768821239471436,0.104673
soc-LiveJournal1,DensePull,dynamic-vertex-parallel,boolean-array,false,0,44.29499793052673,0.393083
orkut-links,DensePull,dynamic-vertex-parallel,boolean-array,false,0,72.28877305984497,0.492185
roadNet-CA,DensePull,dynamic-vertex-parallel,boolean-array,false,0,1.7779099941253662,0.049648
youtube-u-growth,DensePull,dynamic-vertex-parallel,bitvector,false,0,5.730915784835815,0.11808
dblp_coauthor,DensePull,dynamic-vertex-parallel,bitvector,false,0,17.78434705734253,0.109453
soc-LiveJournal1,DensePull,dynamic-vertex-parallel,bitvector,false,0,44.42934036254883,0.421493
orkut-links,DensePull,dynamic-vertex-parallel,bitvector,false,0,70.55120968818665,0.41622
roadNet-CA,DensePull,dynamic-vertex-parallel,bitvector,false,0,1.7717626094818115,0.052243
youtube-u-growth,DensePull,static-vertex-parallel,boolean-array,false,0,5.740779876708984,0.114774
dblp_coauthor,DensePull,static-vertex-parallel,boolean-array,false,0,18.1969792842865,0.157646
soc-LiveJournal1,DensePull,static-vertex-parallel,boolean-array,false,0,44.285133838653564,0.408127
orkut-links,DensePull,static-vertex-parallel,boolean-array,false,0,70.59089088439941,0.488236
roadNet-CA,DensePull,static-vertex-parallel,boolean-array,false,0,1.7627153396606445,0.049167
youtube-u-growth,DensePull,static-vertex-parallel,bitvector,false,0,5.887121200561523,0.137945
dblp_coauthor,DensePull,static-vertex-parallel,bitvector,false,0,17.929097652435303,0.132962
soc-LiveJournal1,DensePull,static-vertex-parallel,bitvector,false,0,44.21865916252136,0.37008
orkut-links,DensePull,static-vertex-parallel,bitvector,false,0,66.52581071853638,0.48576
roadNet-CA,DensePull,static-vertex-parallel,bitvector,false,0,1.7805171012878418,0.060052
youtube-u-growth,DensePull,edge-aware-dynamic-vertex-parallel,boolean-array,false,0,5.778337240219116,0.15861
dblp_coauthor,DensePull,edge-aware-dynamic-vertex-parallel,boolean-array,false,0,16.76529812812805,0.104195
soc-LiveJournal1,DensePull,edge-aware-dynamic-vertex-parallel,boolean-array,false,0,44.18947958946228,0.545643
orkut-links,DensePull,edge-aware-dynamic-vertex-parallel,boolean-array,false,0,70.19911003112793,0.549606
roadNet-CA,DensePull,edge-aware-dynamic-vertex-parallel,boolean-array,false,0,1.7792022228240967,0.074885
youtube-u-growth,DensePull,edge-aware-dynamic-vertex-parallel,bitvector,false,0,5.519843101501465,0.138143
dblp_coauthor,DensePull,edge-aware-dynamic-vertex-parallel,bitvector,false,0,17.052507162094116,0.108507
soc-LiveJournal1,DensePull,edge-aware-dynamic-vertex-parallel,bitvector,false,0,44.15973138809204,0.42367
orkut-links,DensePull,edge-aware-dynamic-vertex-parallel,bitvector,false,0,70.41254711151123,0.470543
roadNet-CA,DensePull,edge-aware-dynamic-vertex-parallel,bitvector,false,0,1.7948572635650635,0.076836
youtube-u-growth,DensePull-SparsePush,serial,boolean-array,false,0,6.978876829147339,1.31323
dblp_coauthor,DensePull-SparsePush,serial,boolean-array,false,0,19.228964805603027,1.56653
soc-LiveJournal1,DensePull-SparsePush,serial,boolean-array,false,0,51.56816554069519,7.43589
orkut-links,DensePull-SparsePush,serial,boolean-array,false,0,76.7183747291565,9.05428
roadNet-CA,DensePull-SparsePush,serial,boolean-array,false,0,2.196497917175293,0.44493
youtube-u-growth,DensePull-SparsePush,serial,bitvector,false,0,7.012920141220093,1.34705
dblp_coauthor,DensePull-SparsePush,serial,bitvector,false,0,19.175928354263306,1.55778
soc-LiveJournal1,DensePull-SparsePush,serial,bitvector,false,0,51.09268140792847,7.462
orkut-links,DensePull-SparsePush,serial,bitvector,false,0,77.65165519714355,9.39733
roadNet-CA,DensePull-SparsePush,serial,bitvector,false,0,2.174863338470459,0.42138
youtube-u-growth,DensePull-SparsePush,dynamic-vertex-parallel,boolean-array,false,0,5.9220662117004395,0.216435
dblp_coauthor,DensePull-SparsePush,dynamic-vertex-parallel,boolean-array,false,0,17.544100284576416,0.138032
soc-LiveJournal1,DensePull-SparsePush,dynamic-vertex-parallel,boolean-array,false,0,44.171478033065796,0.49715
orkut-links,DensePull-SparsePush,dynamic-vertex-parallel,boolean-array,false,0,67.80891013145447,0.646216
roadNet-CA,DensePull-SparsePush,dynamic-vertex-parallel,boolean-array,false,0,1.8569104671478271,0.10591
youtube-u-growth,DensePull-SparsePush,dynamic-vertex-parallel,bitvector,false,0,5.871741533279419,0.188307
dblp_coauthor,DensePull-SparsePush,dynamic-vertex-parallel,bitvector,false,0,17.483625173568726,0.137525
soc-LiveJournal1,DensePull-SparsePush,dynamic-vertex-parallel,bitvector,false,0,44.07576847076416,0.651663
orkut-links,DensePull-SparsePush,dynamic-vertex-parallel,bitvector,false,0,67.24473476409912,0.457165
roadNet-CA,DensePull-SparsePush,dynamic-vertex-parallel,bitvector,false,0,1.854100227355957,0.108656
youtube-u-growth,DensePull-SparsePush,static-vertex-parallel,boolean-array,false,0,5.900021553039551,0.207393
dblp_coauthor,DensePull-SparsePush,static-vertex-parallel,boolean-array,false,0,17.734070539474487,0.155615
soc-LiveJournal1,DensePull-SparsePush,static-vertex-parallel,boolean-array,false,0,43.36436319351196,0.425748
orkut-links,DensePull-SparsePush,static-vertex-parallel,boolean-array,false,0,67.40567874908447,0.819554
roadNet-CA,DensePull-SparsePush,static-vertex-parallel,boolean-array,false,0,1.8863749504089355,0.147632
youtube-u-growth,DensePull-SparsePush,static-vertex-parallel,bitvector,false,0,5.900678396224976,0.270632
dblp_coauthor,DensePull-SparsePush,static-vertex-parallel,bitvector,false,0,17.746565341949463,0.17347
soc-LiveJournal1,DensePull-SparsePush,static-vertex-parallel,bitvector,false,0,44.06510829925537,0.422944
orkut-links,DensePull-SparsePush,static-vertex-parallel,bitvector,false,0,69.379319190979,0.560733
roadNet-CA,DensePull-SparsePush,static-vertex-parallel,bitvector,false,0,1.8559074401855469,0.106156
youtube-u-growth,DensePull-SparsePush,edge-aware-dynamic-vertex-parallel,boolean-array,false,0,5.880107879638672,0.217685
dblp_coauthor,DensePull-SparsePush,edge-aware-dynamic-vertex-parallel,boolean-array,false,0,17.85122513771057,0.126334
soc-LiveJournal1,DensePull-SparsePush,edge-aware-dynamic-vertex-parallel,boolean-array,false,0,43.96599078178406,0.412507
orkut-links,DensePull-SparsePush,edge-aware-dynamic-vertex-parallel,boolean-array,false,0,69.58715987205505,0.459554
roadNet-CA,DensePull-SparsePush,edge-aware-dynamic-vertex-parallel,boolean-array,false,0,1.8806490898132324,0.13168
youtube-u-growth,DensePull-SparsePush,edge-aware-dynamic-vertex-parallel,bitvector,false,0,5.9122700691223145,0.209354
dblp_coauthor,DensePull-SparsePush,edge-aware-dynamic-vertex-parallel,bitvector,false,0,17.734793663024902,0.128039
soc-LiveJournal1,DensePull-SparsePush,edge-aware-dynamic-vertex-parallel,bitvector,false,0,44.324647665023804,0.427447
orkut-links,DensePull-SparsePush,edge-aware-dynamic-vertex-parallel,bitvector,false,0,71.09447574615479,0.516314
roadNet-CA,DensePull-SparsePush,edge-aware-dynamic-vertex-parallel,bitvector,false,0,1.879220962524414,0.142274
youtube-u-growth,SparsePush-DensePull,serial,boolean-array,false,0,7.029582977294922,1.33778
dblp_coauthor,SparsePush-DensePull,serial,boolean-array,false,0,19.061859607696533,1.60258
soc-LiveJournal1,SparsePush-DensePull,serial,boolean-array,false,0,51.083359718322754,7.40616
orkut-links,SparsePush-DensePull,serial,boolean-array,false,0,79.31454348564148,9.08825
roadNet-CA,SparsePush-DensePull,serial,boolean-array,false,0,2.222722291946411,0.464841
youtube-u-growth,SparsePush-DensePull,serial,bitvector,false,0,7.004005432128906,1.31458
dblp_coauthor,SparsePush-DensePull,serial,bitvector,false,0,19.09613537788391,1.53431
soc-LiveJournal1,SparsePush-DensePull,serial,bitvector,false,0,51.216384172439575,7.37728
orkut-links,SparsePush-DensePull,serial,bitvector,false,0,78.7570013999939,9.23982
roadNet-CA,SparsePush-DensePull,serial,bitvector,false,0,2.16465163230896,0.414517
youtube-u-growth,SparsePush-DensePull,dynamic-vertex-parallel,boolean-array,false,0,5.904180288314819,0.227239
dblp_coauthor,SparsePush-DensePull,dynamic-vertex-parallel,boolean-array,false,0,17.70813250541687,0.129277
soc-LiveJournal1,SparsePush-DensePull,dynamic-vertex-parallel,boolean-array,false,0,44.35198521614075,0.417611
orkut-links,SparsePush-DensePull,dynamic-vertex-parallel,boolean-array,false,0,69.3522686958313,0.444243
roadNet-CA,SparsePush-DensePull,dynamic-vertex-parallel,boolean-array,false,0,1.9155237674713135,0.122191
youtube-u-growth,SparsePush-DensePull,dynamic-vertex-parallel,bitvector,false,0,5.613861799240112,0.18773
dblp_coauthor,SparsePush-DensePull,dynamic-vertex-parallel,bitvector,false,0,17.766524076461792,0.127453
soc-LiveJournal1,SparsePush-DensePull,dynamic-vertex-parallel,bitvector,false,0,43.52920150756836,0.408882
orkut-links,SparsePush-DensePull,dynamic-vertex-parallel,bitvector,false,0,70.2247576713562,0.439544
roadNet-CA,SparsePush-DensePull,dynamic-vertex-parallel,bitvector,false,0,1.852715253829956,0.111972
youtube-u-growth,SparsePush-DensePull,static-vertex-parallel,boolean-array,false,0,5.592109680175781,0.19226
dblp_coauthor,SparsePush-DensePull,static-vertex-parallel,boolean-array,false,0,17.69412350654602,0.127325
soc-LiveJournal1,SparsePush-DensePull,static-vertex-parallel,boolean-array,false,0,44.04769015312195,0.421487
orkut-links,SparsePush-DensePull,static-vertex-parallel,boolean-array,false,0,70.16505765914917,0.442024
roadNet-CA,SparsePush-DensePull,static-vertex-parallel,boolean-array,false,0,1.962146282196045,0.170347
youtube-u-growth,SparsePush-DensePull,static-vertex-parallel,bitvector,false,0,5.850320816040039,0.190771
dblp_coauthor,SparsePush-DensePull,static-vertex-parallel,bitvector,false,0,13.493616104125977,0.136633
soc-LiveJournal1,SparsePush-DensePull,static-vertex-parallel,bitvector,false,0,44.24528408050537,0.40733
orkut-links,SparsePush-DensePull,static-vertex-parallel,bitvector,false,0,71.10224938392639,0.448085
roadNet-CA,SparsePush-DensePull,static-vertex-parallel,bitvector,false,0,1.8528800010681152,0.109836
youtube-u-growth,SparsePush-DensePull,edge-aware-dynamic-vertex-parallel,boolean-array,false,0,5.8699915409088135,0.196686
dblp_coauthor,SparsePush-DensePull,edge-aware-dynamic-vertex-parallel,boolean-array,false,0,17.797094345092773,0.127645
soc-LiveJournal1,SparsePush-DensePull,edge-aware-dynamic-vertex-parallel,boolean-array,false,0,44.23844003677368,0.451841
orkut-links,SparsePush-DensePull,edge-aware-dynamic-vertex-parallel,boolean-array,false,0,70.5832269191742,0.502346
roadNet-CA,SparsePush-DensePull,edge-aware-dynamic-vertex-parallel,boolean-array,false,0,1.8674664497375488,0.144676
youtube-u-growth,SparsePush-DensePull,edge-aware-dynamic-vertex-parallel,bitvector,false,0,5.899481296539307,0.209196
dblp_coauthor,SparsePush-DensePull,edge-aware-dynamic-vertex-parallel,bitvector,false,0,17.784599781036377,0.129987
soc-LiveJournal1,SparsePush-DensePull,edge-aware-dynamic-vertex-parallel,bitvector,false,0,44.57248306274414,0.440319
orkut-links,SparsePush-DensePull,edge-aware-dynamic-vertex-parallel,bitvector,false,0,70.3655002117157,0.541221
roadNet-CA,SparsePush-DensePull,edge-aware-dynamic-vertex-parallel,bitvector,false,0,1.8846044540405273,0.130011
youtube-u-growth,DensePush-SparsePush,serial,boolean-array,false,0,7.280838966369629,1.62029
dblp_coauthor,DensePush-SparsePush,serial,boolean-array,false,0,19.371898889541626,1.69003
soc-LiveJournal1,DensePush-SparsePush,serial,boolean-array,false,0,51.62544894218445,7.96638
orkut-links,DensePush-SparsePush,serial,boolean-array,false,0,80.75278878211975,11.0158
roadNet-CA,DensePush-SparsePush,serial,boolean-array,false,0,2.306072950363159,0.550788
youtube-u-growth,DensePush-SparsePush,dynamic-vertex-parallel,boolean-array,false,0,6.472188949584961,0.820561
dblp_coauthor,DensePush-SparsePush,dynamic-vertex-parallel,boolean-array,false,0,18.084815979003906,0.541247
soc-LiveJournal1,DensePush-SparsePush,dynamic-vertex-parallel,boolean-array,false,0,45.14151668548584,1.68764
orkut-links,DensePush-SparsePush,dynamic-vertex-parallel,boolean-array,false,0,74.21917867660522,3.68588
roadNet-CA,DensePush-SparsePush,dynamic-vertex-parallel,boolean-array,false,0,1.869903564453125,0.127395
youtube-u-growth,DensePush-SparsePush,static-vertex-parallel,boolean-array,false,0,6.444528579711914,0.805686
dblp_coauthor,DensePush-SparsePush,static-vertex-parallel,boolean-array,false,0,18.12074112892151,0.524344
soc-LiveJournal1,DensePush-SparsePush,static-vertex-parallel,boolean-array,false,0,45.07270431518555,1.67486
orkut-links,DensePush-SparsePush,static-vertex-parallel,boolean-array,false,0,73.94306588172913,3.5873
roadNet-CA,DensePush-SparsePush,static-vertex-parallel,boolean-array,false,0,1.8656885623931885,0.123893
youtube-u-growth,DensePull,serial,boolean-array,false,5,7.2402966022491455,1.41498
dblp_coauthor,DensePull,serial,boolean-array,false,5,19.791553258895874,1.81018
soc-LiveJournal1,DensePull,serial,boolean-array,false,5,46.7823691368103,6.20734
orkut-links,DensePull,serial,boolean-array,false,5,79.46583795547485,8.08821
roadNet-CA,DensePull,serial,boolean-array,false,5,2.2083206176757812,0.404921
youtube-u-growth,DensePull,serial,bitvector,false,5,7.172504425048828,1.35008
dblp_coauthor,DensePull,serial,bitvector,false,5,19.839437007904053,1.82621
soc-LiveJournal1,DensePull,serial,bitvector,false,5,51.33143448829651,6.20895
orkut-links,DensePull,serial,bitvector,false,5,79.66963362693787,8.2375
roadNet-CA,DensePull,serial,bitvector,false,5,2.2387304306030273,0.435375
youtube-u-growth,DensePull,dynamic-vertex-parallel,boolean-array,false,5,5.98451828956604,0.145174
dblp_coauthor,DensePull,dynamic-vertex-parallel,boolean-array,false,5,18.22619104385376,0.210389
soc-LiveJournal1,DensePull,dynamic-vertex-parallel,boolean-array,false,5,45.32798671722412,0.381837
orkut-links,DensePull,dynamic-vertex-parallel,boolean-array,false,5,72.54632997512817,0.440622
roadNet-CA,DensePull,dynamic-vertex-parallel,boolean-array,false,5,1.8520705699920654,0.065776
youtube-u-growth,DensePull,dynamic-vertex-parallel,bitvector,false,5,5.9723756313323975,0.152237
dblp_coauthor,DensePull,dynamic-vertex-parallel,bitvector,false,5,18.102895975112915,0.134334
soc-LiveJournal1,DensePull,dynamic-vertex-parallel,bitvector,false,5,45.42727971076965,0.384143
orkut-links,DensePull,dynamic-vertex-parallel,bitvector,false,5,71.57951831817627,0.390149
roadNet-CA,DensePull,dynamic-vertex-parallel,bitvector,false,5,1.8560206890106201,0.066506
youtube-u-growth,DensePull,static-vertex-parallel,boolean-array,false,5,5.970355749130249,0.146948
dblp_coauthor,DensePull,static-vertex-parallel,boolean-array,false,5,18.113835096359253,0.135223
soc-LiveJournal1,DensePull,static-vertex-parallel,boolean-array,false,5,45.4870707988739,0.482448
orkut-links,DensePull,static-vertex-parallel,boolean-array,false,5,71.96239590644836,0.403972
roadNet-CA,DensePull,static-vertex-parallel,boolean-array,false,5,1.867107629776001,0.077197
youtube-u-growth,DensePull,static-vertex-parallel,bitvector,false,5,5.9721410274505615,0.142028
dblp_coauthor,DensePull,static-vertex-parallel,bitvector,false,5,18.284512519836426,0.16021
soc-LiveJournal1,DensePull,static-vertex-parallel,bitvector,false,5,45.404019594192505,0.396572
orkut-links,DensePull,static-vertex-parallel,bitvector,false,5,72.44778370857239,0.416826
roadNet-CA,DensePull,static-vertex-parallel,bitvector,false,5,1.865300178527832,0.065645
youtube-u-growth,DensePull,edge-aware-dynamic-vertex-parallel,boolean-array,false,5,6.017176389694214,0.171894
dblp_coauthor,DensePull,edge-aware-dynamic-vertex-parallel,boolean-array,false,5,16.34272074699402,0.134395
soc-LiveJournal1,DensePull,edge-aware-dynamic-vertex-parallel,boolean-array,false,5,45.25157833099365,0.394464
orkut-links,DensePull,edge-aware-dynamic-vertex-parallel,boolean-array,false,5,71.58842372894287,0.437778
roadNet-CA,DensePull,edge-aware-dynamic-vertex-parallel,boolean-array,false,5,1.884537696838379,0.090011
youtube-u-growth,DensePull,edge-aware-dynamic-vertex-parallel,bitvector,false,5,6.081115245819092,0.188125
dblp_coauthor,DensePull,edge-aware-dynamic-vertex-parallel,bitvector,false,5,18.060919046401978,0.152155
soc-LiveJournal1,DensePull,edge-aware-dynamic-vertex-parallel,bitvector,false,5,45.27267146110535,0.398732
orkut-links,DensePull,edge-aware-dynamic-vertex-parallel,bitvector,false,5,59.8742516040802,0.40462
roadNet-CA,DensePull,edge-aware-dynamic-vertex-parallel,bitvector,false,5,1.8808584213256836,0.090804
youtube-u-growth,DensePull-SparsePush,serial,boolean-array,false,5,7.278560638427734,1.41266
dblp_coauthor,DensePull-SparsePush,serial,boolean-array,false,5,19.78080105781555,1.72835
soc-LiveJournal1,DensePull-SparsePush,serial,boolean-array,false,5,51.14946460723877,6.12865
orkut-links,DensePull-SparsePush,serial,boolean-array,false,5,69.3150064945221,8.05308
roadNet-CA,DensePull-SparsePush,serial,boolean-array,false,5,2.3163318634033203,0.461014
youtube-u-growth,DensePull-SparsePush,serial,bitvector,false,5,7.3297295570373535,1.45205
dblp_coauthor,DensePull-SparsePush,serial,bitvector,false,5,19.79851770401001,1.77048
soc-LiveJournal1,DensePull-SparsePush,serial,bitvector,false,5,51.48004627227783,6.26309
orkut-links,DensePull-SparsePush,serial,bitvector,false,5,79.81885504722595,8.08799
roadNet-CA,DensePull-SparsePush,serial,bitvector,false,5,2.314643383026123,0.484242
youtube-u-growth,DensePull-SparsePush,dynamic-vertex-parallel,boolean-array,false,5,6.108159065246582,0.212092
dblp_coauthor,DensePull-SparsePush,dynamic-vertex-parallel,boolean-array,false,5,18.163323163986206,0.156543
soc-LiveJournal1,DensePull-SparsePush,dynamic-vertex-parallel,boolean-array,false,5,45.72018313407898,0.454213
orkut-links,DensePull-SparsePush,dynamic-vertex-parallel,boolean-array,false,5,65.50511860847473,0.488199
roadNet-CA,DensePull-SparsePush,dynamic-vertex-parallel,boolean-array,false,5,1.9401741027832031,0.12858
youtube-u-growth,DensePull-SparsePush,dynamic-vertex-parallel,bitvector,false,5,5.237262725830078,0.233307
dblp_coauthor,DensePull-SparsePush,dynamic-vertex-parallel,bitvector,false,5,16.097736597061157,0.191818
soc-LiveJournal1,DensePull-SparsePush,dynamic-vertex-parallel,bitvector,false,5,45.721031188964844,0.456425
orkut-links,DensePull-SparsePush,dynamic-vertex-parallel,bitvector,false,5,72.22218632698059,0.426768
roadNet-CA,DensePull-SparsePush,dynamic-vertex-parallel,bitvector,false,5,1.9768309593200684,0.166769
youtube-u-growth,DensePull-SparsePush,static-vertex-parallel,boolean-array,false,5,6.150876998901367,0.243581
dblp_coauthor,DensePull-SparsePush,static-vertex-parallel,boolean-array,false,5,18.245761394500732,0.206889
soc-LiveJournal1,DensePull-SparsePush,static-vertex-parallel,boolean-array,false,5,45.59336805343628,0.470676
orkut-links,DensePull-SparsePush,static-vertex-parallel,boolean-array,false,5,72.46686053276062,0.477245
roadNet-CA,DensePull-SparsePush,static-vertex-parallel,boolean-array,false,5,1.9499547481536865,0.13092
youtube-u-growth,DensePull-SparsePush,static-vertex-parallel,bitvector,false,5,5.817318916320801,0.237619
dblp_coauthor,DensePull-SparsePush,static-vertex-parallel,bitvector,false,5,18.205585956573486,0.146844
soc-LiveJournal1,DensePull-SparsePush,static-vertex-parallel,bitvector,false,5,45.56846642494202,0.543062
orkut-links,DensePull-SparsePush,static-vertex-parallel,bitvector,false,5,72.44731187820435,0.481076
roadNet-CA,DensePull-SparsePush,static-vertex-parallel,bitvector,false,5,1.9408369064331055,0.122652
youtube-u-growth,DensePull-SparsePush,edge-aware-dynamic-vertex-parallel,boolean-array,false,5,6.1749536991119385,0.293957
dblp_coauthor,DensePull-SparsePush,edge-aware-dynamic-vertex-parallel,boolean-array,false,5,18.08908438682556,0.154726
soc-LiveJournal1,DensePull-SparsePush,edge-aware-dynamic-vertex-parallel,boolean-array,false,5,45.48146176338196,0.473918
orkut-links,DensePull-SparsePush,edge-aware-dynamic-vertex-parallel,boolean-array,false,5,72.40920281410217,0.439348
roadNet-CA,DensePull-SparsePush,edge-aware-dynamic-vertex-parallel,boolean-array,false,5,1.9766168594360352,0.153066
youtube-u-growth,DensePull-SparsePush,edge-aware-dynamic-vertex-parallel,bitvector,false,5,6.1654274463653564,0.248168
dblp_coauthor,DensePull-SparsePush,edge-aware-dynamic-vertex-parallel,bitvector,false,5,18.231823444366455,0.165635
soc-LiveJournal1,DensePull-SparsePush,edge-aware-dynamic-vertex-parallel,bitvector,false,5,45.55971622467041,0.554563
orkut-links,DensePull-SparsePush,edge-aware-dynamic-vertex-parallel,bitvector,false,5,72.31096768379211,0.488804
roadNet-CA,DensePull-SparsePush,edge-aware-dynamic-vertex-parallel,bitvector,false,5,1.9569380283355713,0.144209
youtube-u-growth,SparsePush-DensePull,serial,boolean-array,false,5,7.323846340179443,1.47105
dblp_coauthor,SparsePush-DensePull,serial,boolean-array,false,5,19.809391021728516,1.76692
soc-LiveJournal1,SparsePush-DensePull,serial,boolean-array,false,5,51.21412014961243,6.2347
orkut-links,SparsePush-DensePull,serial,boolean-array,false,5,80.58452773094177,8.00954
roadNet-CA,SparsePush-DensePull,serial,boolean-array,false,5,2.257315158843994,0.461064
youtube-u-growth,SparsePush-DensePull,serial,bitvector,false,5,7.295989274978638,1.42988
dblp_coauthor,SparsePush-DensePull,serial,bitvector,false,5,19.81062150001526,1.73141
soc-LiveJournal1,SparsePush-DensePull,serial,bitvector,false,5,51.61993646621704,6.32435
orkut-links,SparsePush-DensePull,serial,bitvector,false,5,80.17725372314453,8.11137
roadNet-CA,SparsePush-DensePull,serial,bitvector,false,5,2.3129327297210693,0.482938
youtube-u-growth,SparsePush-DensePull,dynamic-vertex-parallel,boolean-array,false,5,5.997584581375122,0.215503
dblp_coauthor,SparsePush-DensePull,dynamic-vertex-parallel,boolean-array,false,5,18.258559942245483,0.204813
soc-LiveJournal1,SparsePush-DensePull,dynamic-vertex-parallel,boolean-array,false,5,43.0193030834198,0.502905
orkut-links,SparsePush-DensePull,dynamic-vertex-parallel,boolean-array,false,5,73.06928658485413,0.459509
roadNet-CA,SparsePush-DensePull,dynamic-vertex-parallel,boolean-array,false,5,1.949944257736206,0.114867
youtube-u-growth,SparsePush-DensePull,dynamic-vertex-parallel,bitvector,false,5,6.1164867877960205,0.233941
dblp_coauthor,SparsePush-DensePull,dynamic-vertex-parallel,bitvector,false,5,18.163813829421997,0.161039
soc-LiveJournal1,SparsePush-DensePull,dynamic-vertex-parallel,bitvector,false,5,45.925816774368286,0.560221
orkut-links,SparsePush-DensePull,dynamic-vertex-parallel,bitvector,false,5,72.63644909858704,0.454929
roadNet-CA,SparsePush-DensePull,dynamic-vertex-parallel,bitvector,false,5,1.938011646270752,0.119796
youtube-u-growth,SparsePush-DensePull,static-vertex-parallel,boolean-array,false,5,5.7338526248931885,0.220792
dblp_coauthor,SparsePush-DensePull,static-vertex-parallel,boolean-array,false,5,18.20624279975891,0.158331
soc-LiveJournal1,SparsePush-DensePull,static-vertex-parallel,boolean-array,false,5,45.67617988586426,0.524275
orkut-links,SparsePush-DensePull,static-vertex-parallel,boolean-array,false,5,72.89123964309692,0.442958
roadNet-CA,SparsePush-DensePull,static-vertex-parallel,boolean-array,false,5,1.9504220485687256,0.129056
youtube-u-growth,SparsePush-DensePull,static-vertex-parallel,bitvector,false,5,6.094860553741455,0.217474
dblp_coauthor,SparsePush-DensePull,static-vertex-parallel,bitvector,false,5,18.167356729507446,0.159523
soc-LiveJournal1,SparsePush-DensePull,static-vertex-parallel,bitvector,false,5,45.6726393699646,0.473172
orkut-links,SparsePush-DensePull,static-vertex-parallel,bitvector,false,5,73.1331787109375,0.438259
roadNet-CA,SparsePush-DensePull,static-vertex-parallel,bitvector,false,5,1.9450464248657227,0.121042
youtube-u-growth,SparsePush-DensePull,edge-aware-dynamic-vertex-parallel,boolean-array,false,5,6.181009531021118,0.2824
dblp_coauthor,SparsePush-DensePull,edge-aware-dynamic-vertex-parallel,boolean-array,false,5,18.146038055419922,0.15612
soc-LiveJournal1,SparsePush-DensePull,edge-aware-dynamic-vertex-parallel,boolean-array,false,5,45.45571255683899,0.470409
orkut-links,SparsePush-DensePull,edge-aware-dynamic-vertex-parallel,boolean-array,false,5,72.33031153678894,0.567173
roadNet-CA,SparsePush-DensePull,edge-aware-dynamic-vertex-parallel,boolean-array,false,5,1.9641783237457275,0.150851
youtube-u-growth,SparsePush-DensePull,edge-aware-dynamic-vertex-parallel,bitvector,false,5,6.144397735595703,0.264582
dblp_coauthor,SparsePush-DensePull,edge-aware-dynamic-vertex-parallel,bitvector,false,5,18.22389054298401,0.152921
soc-LiveJournal1,SparsePush-DensePull,edge-aware-dynamic-vertex-parallel,bitvector,false,5,45.52125668525696,0.493164
orkut-links,SparsePush-DensePull,edge-aware-dynamic-vertex-parallel,bitvector,false,5,60.17462611198425,0.4572
roadNet-CA,SparsePush-DensePull,edge-aware-dynamic-vertex-parallel,bitvector,false,5,1.9707860946655273,0.150041
youtube-u-growth,DensePull,serial,boolean-array,false,10,6.649813175201416,1.36321
dblp_coauthor,DensePull,serial,boolean-array,false,10,19.004963397979736,1.96205
soc-LiveJournal1,DensePull,serial,boolean-array,false,10,52.14553427696228,6.82386
orkut-links,DensePull,serial,boolean-array,false,10,80.26283073425293,8.46782
roadNet-CA,DensePull,serial,boolean-array,false,10,2.212979793548584,0.40884
youtube-u-growth,DensePull,serial,bitvector,false,10,7.249488830566406,1.42818
dblp_coauthor,DensePull,serial,bitvector,false,10,20.075501918792725,1.98485
soc-LiveJournal1,DensePull,serial,bitvector,false,10,51.75502395629883,6.70295
orkut-links,DensePull,serial,bitvector,false,10,80.60802006721497,8.58997
roadNet-CA,DensePull,serial,bitvector,false,10,2.2460193634033203,0.436656
youtube-u-growth,DensePull,dynamic-vertex-parallel,boolean-array,false,10,6.026751756668091,0.175151
dblp_coauthor,DensePull,dynamic-vertex-parallel,boolean-array,false,10,18.30955457687378,0.176833
soc-LiveJournal1,DensePull,dynamic-vertex-parallel,boolean-array,false,10,45.619035482406616,0.480761
orkut-links,DensePull,dynamic-vertex-parallel,boolean-array,false,10,72.42625880241394,0.485541
roadNet-CA,DensePull,dynamic-vertex-parallel,boolean-array,false,10,1.8777148723602295,0.07752
youtube-u-growth,DensePull,dynamic-vertex-parallel,bitvector,false,10,6.1131556034088135,0.272049
dblp_coauthor,DensePull,dynamic-vertex-parallel,bitvector,false,10,18.143296480178833,0.157231
soc-LiveJournal1,DensePull,dynamic-vertex-parallel,bitvector,false,10,43.872612953186035,0.444456
orkut-links,DensePull,dynamic-vertex-parallel,bitvector,false,10,56.83811688423157,0.421372
roadNet-CA,DensePull,dynamic-vertex-parallel,bitvector,false,10,1.9013452529907227,0.082626
youtube-u-growth,DensePull,static-vertex-parallel,boolean-array,false,10,6.084125280380249,0.208916
dblp_coauthor,DensePull,static-vertex-parallel,boolean-array,false,10,18.27555251121521,0.213469
soc-LiveJournal1,DensePull,static-vertex-parallel,boolean-array,false,10,45.69966912269592,0.443158
orkut-links,DensePull,static-vertex-parallel,boolean-array,false,10,72.73879313468933,0.428288
roadNet-CA,DensePull,static-vertex-parallel,boolean-array,false,10,1.8819115161895752,0.09477
youtube-u-growth,DensePull,static-vertex-parallel,bitvector,false,10,6.060808181762695,0.189329
dblp_coauthor,DensePull,static-vertex-parallel,bitvector,false,10,18.16760802268982,0.160901
soc-LiveJournal1,DensePull,static-vertex-parallel,bitvector,false,10,45.56448531150818,0.451588
orkut-links,DensePull,static-vertex-parallel,bitvector,false,10,72.3790602684021,0.423471
roadNet-CA,DensePull,static-vertex-parallel,bitvector,false,10,1.8680517673492432,0.078056
youtube-u-growth,DensePull,edge-aware-dynamic-vertex-parallel,boolean-array,false,10,6.063263654708862,0.231635
dblp_coauthor,DensePull,edge-aware-dynamic-vertex-parallel,boolean-array,false,10,17.967138528823853,0.176832
soc-LiveJournal1,DensePull,edge-aware-dynamic-vertex-parallel,boolean-array,false,10,45.453425884246826,0.4529
orkut-links,DensePull,edge-aware-dynamic-vertex-parallel,boolean-array,false,10,72.51809072494507,0.537966
roadNet-CA,DensePull,edge-aware-dynamic-vertex-parallel,boolean-array,false,10,1.884157657623291,0.105679
youtube-u-growth,DensePull,edge-aware-dynamic-vertex-parallel,bitvector,false,10,6.048274993896484,0.210087
dblp_coauthor,DensePull,edge-aware-dynamic-vertex-parallel,bitvector,false,10,18.145535945892334,0.166523
soc-LiveJournal1,DensePull,edge-aware-dynamic-vertex-parallel,bitvector,false,10,45.456095457077026,0.458831
orkut-links,DensePull,edge-aware-dynamic-vertex-parallel,bitvector,false,10,72.24598217010498,0.466527
roadNet-CA,DensePull,edge-aware-dynamic-vertex-parallel,bitvector,false,10,1.9763257503509521,0.112025
youtube-u-growth,DensePull-SparsePush,serial,boolean-array,false,10,6.910768508911133,1.48133
dblp_coauthor,DensePull-SparsePush,serial,boolean-array,false,10,18.43116593360901,1.85451
soc-LiveJournal1,DensePull-SparsePush,serial,boolean-array,false,10,52.08089089393616,6.6854
orkut-links,DensePull-SparsePush,serial,boolean-array,false,10,80.03496956825256,8.3432
roadNet-CA,DensePull-SparsePush,serial,boolean-array,false,10,2.275160312652588,0.442623
youtube-u-growth,DensePull-SparsePush,serial,bitvector,false,10,7.344791889190674,1.44714
dblp_coauthor,DensePull-SparsePush,serial,bitvector,false,10,19.959270238876343,1.89201
soc-LiveJournal1,DensePull-SparsePush,serial,bitvector,false,10,51.67039680480957,6.60096
orkut-links,DensePull-SparsePush,serial,bitvector,false,10,79.82803535461426,8.1953
roadNet-CA,DensePull-SparsePush,serial,bitvector,false,10,2.3177645206451416,0.4868
youtube-u-growth,DensePull-SparsePush,dynamic-vertex-parallel,boolean-array,false,10,6.141869068145752,0.250097
dblp_coauthor,DensePull-SparsePush,dynamic-vertex-parallel,boolean-array,false,10,18.21480965614319,0.188263
soc-LiveJournal1,DensePull-SparsePush,dynamic-vertex-parallel,boolean-array,false,10,44.71463680267334,0.538859
orkut-links,DensePull-SparsePush,dynamic-vertex-parallel,boolean-array,false,10,72.50276589393616,0.470317
roadNet-CA,DensePull-SparsePush,dynamic-vertex-parallel,boolean-array,false,10,1.9799220561981201,0.158143
youtube-u-growth,DensePull-SparsePush,dynamic-vertex-parallel,bitvector,false,10,6.240675687789917,0.229609
dblp_coauthor,DensePull-SparsePush,dynamic-vertex-parallel,bitvector,false,10,18.217703342437744,0.183783
soc-LiveJournal1,DensePull-SparsePush,dynamic-vertex-parallel,bitvector,false,10,44.360917806625366,0.564883
orkut-links,DensePull-SparsePush,dynamic-vertex-parallel,bitvector,false,10,72.63164615631104,0.477233
roadNet-CA,DensePull-SparsePush,dynamic-vertex-parallel,bitvector,false,10,1.9509079456329346,0.129373
youtube-u-growth,DensePull-SparsePush,static-vertex-parallel,boolean-array,false,10,6.204199314117432,0.284701
dblp_coauthor,DensePull-SparsePush,static-vertex-parallel,boolean-array,false,10,18.27731680870056,0.182818
soc-LiveJournal1,DensePull-SparsePush,static-vertex-parallel,boolean-array,false,10,45.5717990398407,0.75986
orkut-links,DensePull-SparsePush,static-vertex-parallel,boolean-array,false,10,72.8997802734375,0.486358
roadNet-CA,DensePull-SparsePush,static-vertex-parallel,boolean-array,false,10,1.9634687900543213,0.139161
youtube-u-growth,DensePull-SparsePush,static-vertex-parallel,bitvector,false,10,6.118054151535034,0.249872
dblp_coauthor,DensePull-SparsePush,static-vertex-parallel,bitvector,false,10,18.244442224502563,0.186331
soc-LiveJournal1,DensePull-SparsePush,static-vertex-parallel,bitvector,false,10,45.55037450790405,0.571111
orkut-links,DensePull-SparsePush,static-vertex-parallel,bitvector,false,10,72.80083513259888,0.597264
roadNet-CA,DensePull-SparsePush,static-vertex-parallel,bitvector,false,10,1.9520659446716309,0.137263
youtube-u-growth,DensePull-SparsePush,edge-aware-dynamic-vertex-parallel,boolean-array,false,10,6.176616907119751,0.279704
dblp_coauthor,DensePull-SparsePush,edge-aware-dynamic-vertex-parallel,boolean-array,false,10,17.99635410308838,0.190146
soc-LiveJournal1,DensePull-SparsePush,edge-aware-dynamic-vertex-parallel,boolean-array,false,10,45.71386981010437,0.542779
orkut-links,DensePull-SparsePush,edge-aware-dynamic-vertex-parallel,boolean-array,false,10,73.17713761329651,0.482119
roadNet-CA,DensePull-SparsePush,edge-aware-dynamic-vertex-parallel,boolean-array,false,10,1.9960434436798096,0.172703
youtube-u-growth,DensePull-SparsePush,edge-aware-dynamic-vertex-parallel,bitvector,false,10,6.266106843948364,0.278796
dblp_coauthor,DensePull-SparsePush,edge-aware-dynamic-vertex-parallel,bitvector,false,10,18.39565873146057,0.2418
soc-LiveJournal1,DensePull-SparsePush,edge-aware-dynamic-vertex-parallel,bitvector,false,10,45.63706088066101,0.536055
orkut-links,DensePull-SparsePush,edge-aware-dynamic-vertex-parallel,bitvector,false,10,72.49141073226929,0.509949
roadNet-CA,DensePull-SparsePush,edge-aware-dynamic-vertex-parallel,bitvector,false,10,1.9991321563720703,0.170439
youtube-u-growth,SparsePush-DensePull,serial,boolean-array,false,10,7.407129526138306,1.53626
dblp_coauthor,SparsePush-DensePull,serial,boolean-array,false,10,19.977488040924072,1.85447
soc-LiveJournal1,SparsePush-DensePull,serial,boolean-array,false,10,51.658090114593506,6.5845
orkut-links,SparsePush-DensePull,serial,boolean-array,false,10,75.8635528087616,8.33637
roadNet-CA,SparsePush-DensePull,serial,boolean-array,false,10,2.2825021743774414,0.462562
youtube-u-growth,SparsePush-DensePull,serial,bitvector,false,10,7.432821273803711,1.49981
dblp_coauthor,SparsePush-DensePull,serial,bitvector,false,10,19.958858013153076,1.90339
soc-LiveJournal1,SparsePush-DensePull,serial,bitvector,false,10,51.832863330841064,6.71876
orkut-links,SparsePush-DensePull,serial,bitvector,false,10,79.92263865470886,8.2112
roadNet-CA,SparsePush-DensePull,serial,bitvector,false,10,2.2778546810150146,0.452984
youtube-u-growth,SparsePush-DensePull,dynamic-vertex-parallel,boolean-array,false,10,6.126311302185059,0.235104
dblp_coauthor,SparsePush-DensePull,dynamic-vertex-parallel,boolean-array,false,10,18.21277356147766,0.193768
soc-LiveJournal1,SparsePush-DensePull,dynamic-vertex-parallel,boolean-array,false,10,45.28001046180725,0.522639
orkut-links,SparsePush-DensePull,dynamic-vertex-parallel,boolean-array,false,10,72.64428114891052,0.508255
roadNet-CA,SparsePush-DensePull,dynamic-vertex-parallel,boolean-array,false,10,1.9753191471099854,0.127992
youtube-u-growth,SparsePush-DensePull,dynamic-vertex-parallel,bitvector,false,10,6.19438910484314,0.275362
dblp_coauthor,SparsePush-DensePull,dynamic-vertex-parallel,bitvector,false,10,18.25394892692566,0.225877
soc-LiveJournal1,SparsePush-DensePull,dynamic-vertex-parallel,bitvector,false,10,45.7750928401947,0.526388
orkut-links,SparsePush-DensePull,dynamic-vertex-parallel,bitvector,false,10,71.0334701538086,0.478914
roadNet-CA,SparsePush-DensePull,dynamic-vertex-parallel,bitvector,false,10,1.9835567474365234,0.171275
youtube-u-growth,SparsePush-DensePull,static-vertex-parallel,boolean-array,false,10,6.1391236782073975,0.240078
dblp_coauthor,SparsePush-DensePull,static-vertex-parallel,boolean-array,false,10,13.610494375228882,0.1808
soc-LiveJournal1,SparsePush-DensePull,static-vertex-parallel,boolean-array,false,10,45.847776651382446,0.520608
orkut-links,SparsePush-DensePull,static-vertex-parallel,boolean-array,false,10,71.51207327842712,0.484965
roadNet-CA,SparsePush-DensePull,static-vertex-parallel,boolean-array,false,10,1.9535925388336182,0.145665
youtube-u-growth,SparsePush-DensePull,static-vertex-parallel,bitvector,false,10,6.130270481109619,0.241498
dblp_coauthor,SparsePush-DensePull,static-vertex-parallel,bitvector,false,10,18.184804439544678,0.178875
soc-LiveJournal1,SparsePush-DensePull,static-vertex-parallel,bitvector,false,10,41.6860716342926,0.615602
orkut-links,SparsePush-DensePull,static-vertex-parallel,bitvector,false,10,71.47998452186584,0.479328
roadNet-CA,SparsePush-DensePull,static-vertex-parallel,bitvector,false,10,1.9970824718475342,0.140456
youtube-u-growth,SparsePush-DensePull,edge-aware-dynamic-vertex-parallel,boolean-array,false,10,6.196575880050659,0.270606
dblp_coauthor,SparsePush-DensePull,edge-aware-dynamic-vertex-parallel,boolean-array,false,10,18.249943256378174,0.202988
soc-LiveJournal1,SparsePush-DensePull,edge-aware-dynamic-vertex-parallel,boolean-array,false,10,45.75466513633728,0.530041
orkut-links,SparsePush-DensePull,edge-aware-dynamic-vertex-parallel,boolean-array,false,10,72.78012228012085,0.541726
roadNet-CA,SparsePush-DensePull,edge-aware-dynamic-vertex-parallel,boolean-array,false,10,1.9723138809204102,0.152706
youtube-u-growth,SparsePush-DensePull,edge-aware-dynamic-vertex-parallel,bitvector,false,10,6.163917541503906,0.278154
dblp_coauthor,SparsePush-DensePull,edge-aware-dynamic-vertex-parallel,bitvector,false,10,18.370347499847412,0.185975
soc-LiveJournal1,SparsePush-DensePull,edge-aware-dynamic-vertex-parallel,bitvector,false,10,45.65483045578003,0.581896
orkut-links,SparsePush-DensePull,edge-aware-dynamic-vertex-parallel,bitvector,false,10,72.84202551841736,0.529465
roadNet-CA,SparsePush-DensePull,edge-aware-dynamic-vertex-parallel,bitvector,false,10,2.0086286067962646,0.176001
youtube-u-growth,DensePull,serial,boolean-array,false,15,7.248521566390991,1.40573
dblp_coauthor,DensePull,serial,boolean-array,false,15,19.684548377990723,2.05012
soc-LiveJournal1,DensePull,serial,boolean-array,false,15,52.96058011054993,7.11371
orkut-links,DensePull,serial,boolean-array,false,15,80.66801357269287,8.58669
roadNet-CA,DensePull,serial,boolean-array,false,15,2.2206814289093018,0.421459
youtube-u-growth,DensePull,serial,bitvector,false,15,7.20887017250061,1.38858
dblp_coauthor,DensePull,serial,bitvector,false,15,20.138193607330322,2.05598
soc-LiveJournal1,DensePull,serial,bitvector,false,15,52.313180685043335,7.20133
orkut-links,DensePull,serial,bitvector,false,15,81.25748872756958,8.62393
roadNet-CA,DensePull,serial,bitvector,false,15,1.4545848369598389,0.449332
youtube-u-growth,DensePull,dynamic-vertex-parallel,boolean-array,false,15,6.2435853481292725,0.179705
dblp_coauthor,DensePull,dynamic-vertex-parallel,boolean-array,false,15,18.323643922805786,0.180114
soc-LiveJournal1,DensePull,dynamic-vertex-parallel,boolean-array,false,15,45.960556983947754,0.535514
orkut-links,DensePull,dynamic-vertex-parallel,boolean-array,false,15,73.1137547492981,0.457196
roadNet-CA,DensePull,dynamic-vertex-parallel,boolean-array,false,15,1.8917412757873535,0.099781
youtube-u-growth,DensePull,dynamic-vertex-parallel,bitvector,false,15,6.048621654510498,0.17421
dblp_coauthor,DensePull,dynamic-vertex-parallel,bitvector,false,15,18.297727346420288,0.202911
soc-LiveJournal1,DensePull,dynamic-vertex-parallel,bitvector,false,15,45.777804374694824,0.489927
orkut-links,DensePull,dynamic-vertex-parallel,bitvector,false,15,73.45748448371887,0.544543
roadNet-CA,DensePull,dynamic-vertex-parallel,bitvector,false,15,1.8560597896575928,0.085159
youtube-u-growth,DensePull,static-vertex-parallel,boolean-array,false,15,6.019831418991089,0.174624
dblp_coauthor,DensePull,static-vertex-parallel,boolean-array,false,15,18.243217706680298,0.179058
soc-LiveJournal1,DensePull,static-vertex-parallel,boolean-array,false,15,45.63878679275513,0.521843
orkut-links,DensePull,static-vertex-parallel,boolean-array,false,15,72.57482242584229,0.443577
roadNet-CA,DensePull,static-vertex-parallel,boolean-array,false,15,1.886789321899414,0.091556
youtube-u-growth,DensePull,static-vertex-parallel,bitvector,false,15,6.030115365982056,0.175114
dblp_coauthor,DensePull,static-vertex-parallel,bitvector,false,15,18.290549755096436,0.214205
soc-LiveJournal1,DensePull,static-vertex-parallel,bitvector,false,15,45.865391969680786,0.476105
orkut-links,DensePull,static-vertex-parallel,bitvector,false,15,72.81278872489929,0.479684
roadNet-CA,DensePull,static-vertex-parallel,bitvector,false,15,1.880117416381836,0.088084
youtube-u-growth,DensePull,edge-aware-dynamic-vertex-parallel,boolean-array,false,15,4.726649522781372,0.212561
dblp_coauthor,DensePull,edge-aware-dynamic-vertex-parallel,boolean-array,false,15,18.327892303466797,0.201638
soc-LiveJournal1,DensePull,edge-aware-dynamic-vertex-parallel,boolean-array,false,15,45.656808853149414,0.508029
orkut-links,DensePull,edge-aware-dynamic-vertex-parallel,boolean-array,false,15,72.48537874221802,0.497548
roadNet-CA,DensePull,edge-aware-dynamic-vertex-parallel,boolean-array,false,15,1.9212617874145508,0.120896
youtube-u-growth,DensePull,edge-aware-dynamic-vertex-parallel,bitvector,false,15,6.1257994174957275,0.228807
dblp_coauthor,DensePull,edge-aware-dynamic-vertex-parallel,bitvector,false,15,18.275119304656982,0.224276
soc-LiveJournal1,DensePull,edge-aware-dynamic-vertex-parallel,bitvector,false,15,45.538190841674805,0.49671
orkut-links,DensePull,edge-aware-dynamic-vertex-parallel,bitvector,false,15,72.70000982284546,0.458821
roadNet-CA,DensePull,edge-aware-dynamic-vertex-parallel,bitvector,false,15,1.897003173828125,0.113379
youtube-u-growth,DensePull-SparsePush,serial,boolean-array,false,15,7.4709460735321045,1.54008
dblp_coauthor,DensePull-SparsePush,serial,boolean-array,false,15,20.214189052581787,2.05898
soc-LiveJournal1,DensePull-SparsePush,serial,boolean-array,false,15,51.4936203956604,7.02889
orkut-links,DensePull-SparsePush,serial,boolean-array,false,15,80.05565547943115,8.38864
roadNet-CA,DensePull-SparsePush,serial,boolean-array,false,15,2.303530216217041,0.465959
youtube-u-growth,DensePull-SparsePush,serial,bitvector,false,15,7.393110036849976,1.49727
dblp_coauthor,DensePull-SparsePush,serial,bitvector,false,15,20.129823684692383,1.91096
soc-LiveJournal1,DensePull-SparsePush,serial,bitvector,false,15,52.41741394996643,6.90219
orkut-links,DensePull-SparsePush,serial,bitvector,false,15,80.70309329032898,8.33151
roadNet-CA,DensePull-SparsePush,serial,bitvector,false,15,1.5318267345428467,0.510054
youtube-u-growth,DensePull-SparsePush,dynamic-vertex-parallel,boolean-array,false,15,5.091019153594971,0.266976
dblp_coauthor,DensePull-SparsePush,dynamic-vertex-parallel,boolean-array,false,15,18.293798208236694,0.202112
soc-LiveJournal1,DensePull-SparsePush,dynamic-vertex-parallel,boolean-array,false,15,45.958922386169434,0.574963
orkut-links,DensePull-SparsePush,dynamic-vertex-parallel,boolean-array,false,15,73.02786016464233,0.54381
roadNet-CA,DensePull-SparsePush,dynamic-vertex-parallel,boolean-array,false,15,1.945242166519165,0.143544
youtube-u-growth,DensePull-SparsePush,dynamic-vertex-parallel,bitvector,false,15,6.168322324752808,0.252346
dblp_coauthor,DensePull-SparsePush,dynamic-vertex-parallel,bitvector,false,15,18.246726512908936,0.204057
soc-LiveJournal1,DensePull-SparsePush,dynamic-vertex-parallel,bitvector,false,15,45.87863254547119,0.581422
orkut-links,DensePull-SparsePush,dynamic-vertex-parallel,bitvector,false,15,73.00543403625488,0.497358
roadNet-CA,DensePull-SparsePush,dynamic-vertex-parallel,bitvector,false,15,1.9616148471832275,0.150098
youtube-u-growth,DensePull-SparsePush,static-vertex-parallel,boolean-array,false,15,5.723370790481567,0.263026
dblp_coauthor,DensePull-SparsePush,static-vertex-parallel,boolean-array,false,15,18.344743251800537,0.236134
soc-LiveJournal1,DensePull-SparsePush,static-vertex-parallel,boolean-array,false,15,46.08069658279419,0.562713
orkut-links,DensePull-SparsePush,static-vertex-parallel,boolean-array,false,15,72.94805145263672,0.518382
roadNet-CA,DensePull-SparsePush,static-vertex-parallel,boolean-array,false,15,2.1060025691986084,0.154176
youtube-u-growth,DensePull-SparsePush,static-vertex-parallel,bitvector,false,15,5.127185821533203,0.25013
dblp_coauthor,DensePull-SparsePush,static-vertex-parallel,bitvector,false,15,18.35904550552368,0.249998
soc-LiveJournal1,DensePull-SparsePush,static-vertex-parallel,bitvector,false,15,46.05305457115173,0.581688
orkut-links,DensePull-SparsePush,static-vertex-parallel,bitvector,false,15,71.36642384529114,0.511292
roadNet-CA,DensePull-SparsePush,static-vertex-parallel,bitvector,false,15,2.0172317028045654,0.199854
youtube-u-growth,DensePull-SparsePush,edge-aware-dynamic-vertex-parallel,boolean-array,false,15,5.886020660400391,0.293813
dblp_coauthor,DensePull-SparsePush,edge-aware-dynamic-vertex-parallel,boolean-array,false,15,17.081952571868896,0.214702
soc-LiveJournal1,DensePull-SparsePush,edge-aware-dynamic-vertex-parallel,boolean-array,false,15,42.41872453689575,0.590957
orkut-links,DensePull-SparsePush,edge-aware-dynamic-vertex-parallel,boolean-array,false,15,73.76998019218445,0.596269
roadNet-CA,DensePull-SparsePush,edge-aware-dynamic-vertex-parallel,boolean-array,false,15,2.006523847579956,0.180103
youtube-u-growth,DensePull-SparsePush,edge-aware-dynamic-vertex-parallel,bitvector,false,15,6.197300910949707,0.281878
dblp_coauthor,DensePull-SparsePush,edge-aware-dynamic-vertex-parallel,bitvector,false,15,18.376829862594604,0.222875
soc-LiveJournal1,DensePull-SparsePush,edge-aware-dynamic-vertex-parallel,bitvector,false,15,39.95266103744507,0.658829
orkut-links,DensePull-SparsePush,edge-aware-dynamic-vertex-parallel,bitvector,false,15,73.00679731369019,0.501473
roadNet-CA,DensePull-SparsePush,edge-aware-dynamic-vertex-parallel,bitvector,false,15,1.9921648502349854,0.16634
youtube-u-growth,SparsePush-DensePull,serial,boolean-array,false,15,7.389187812805176,1.4896
dblp_coauthor,SparsePush-DensePull,serial,boolean-array,false,15,20.039795398712158,1.91303
soc-LiveJournal1,SparsePush-DensePull,serial,boolean-array,false,15,52.31591486930847,6.90868
orkut-links,SparsePush-DensePull,serial,boolean-array,false,15,81.0660719871521,8.38664
roadNet-CA,SparsePush-DensePull,serial,boolean-array,false,15,2.3213603496551514,0.497354
youtube-u-growth,SparsePush-DensePull,serial,bitvector,false,15,6.92451024055481,1.47222
dblp_coauthor,SparsePush-DensePull,serial,bitvector,false,15,20.087029218673706,1.93375
soc-LiveJournal1,SparsePush-DensePull,serial,bitvector,false,15,52.437421560287476,6.90007
orkut-links,SparsePush-DensePull,serial,bitvector,false,15,80.6236629486084,8.44462
roadNet-CA,SparsePush-DensePull,serial,bitvector,false,15,2.292741298675537,0.460969
youtube-u-growth,SparsePush-DensePull,dynamic-vertex-parallel,boolean-array,false,15,6.1410417556762695,0.256989
dblp_coauthor,SparsePush-DensePull,dynamic-vertex-parallel,boolean-array,false,15,17.823933839797974,0.239206
soc-LiveJournal1,SparsePush-DensePull,dynamic-vertex-parallel,boolean-array,false,15,46.30171012878418,0.634078
orkut-links,SparsePush-DensePull,dynamic-vertex-parallel,boolean-array,false,15,73.20493173599243,0.562364
roadNet-CA,SparsePush-DensePull,dynamic-vertex-parallel,boolean-array,false,15,1.969879388809204,0.1401
youtube-u-growth,SparsePush-DensePull,dynamic-vertex-parallel,bitvector,false,15,6.204715013504028,0.307475
dblp_coauthor,SparsePush-DensePull,dynamic-vertex-parallel,bitvector,false,15,18.23762059211731,0.199156
soc-LiveJournal1,SparsePush-DensePull,dynamic-vertex-parallel,bitvector,false,15,45.98620247840881,0.564964
orkut-links,SparsePush-DensePull,dynamic-vertex-parallel,bitvector,false,15,72.81403350830078,0.504566
roadNet-CA,SparsePush-DensePull,dynamic-vertex-parallel,bitvector,false,15,2.0224857330322266,0.191348
youtube-u-growth,SparsePush-DensePull,static-vertex-parallel,boolean-array,false,15,6.182048559188843,0.244902
dblp_coauthor,SparsePush-DensePull,static-vertex-parallel,boolean-array,false,15,12.362834453582764,0.205185
soc-LiveJournal1,SparsePush-DensePull,static-vertex-parallel,boolean-array,false,15,44.70345664024353,0.582285
orkut-links,SparsePush-DensePull,static-vertex-parallel,boolean-array,false,15,73.9171257019043,0.510125
roadNet-CA,SparsePush-DensePull,static-vertex-parallel,boolean-array,false,15,1.947359323501587,0.142745
youtube-u-growth,SparsePush-DensePull,static-vertex-parallel,bitvector,false,15,6.165081262588501,0.247003
dblp_coauthor,SparsePush-DensePull,static-vertex-parallel,bitvector,false,15,18.30103039741516,0.20471
soc-LiveJournal1,SparsePush-DensePull,static-vertex-parallel,bitvector,false,15,45.34569978713989,0.754058
orkut-links,SparsePush-DensePull,static-vertex-parallel,bitvector,false,15,73.14169955253601,0.527879
roadNet-CA,SparsePush-DensePull,static-vertex-parallel,bitvector,false,15,1.9506735801696777,0.139261
youtube-u-growth,SparsePush-DensePull,edge-aware-dynamic-vertex-parallel,boolean-array,false,15,6.25500750541687,0.339838
dblp_coauthor,SparsePush-DensePull,edge-aware-dynamic-vertex-parallel,boolean-array,false,15,18.407271146774292,0.212264
soc-LiveJournal1,SparsePush-DensePull,edge-aware-dynamic-vertex-parallel,boolean-array,false,15,46.02243399620056,0.736047
orkut-links,SparsePush-DensePull,edge-aware-dynamic-vertex-parallel,boolean-array,false,15,72.89168787002563,0.515342
roadNet-CA,SparsePush-DensePull,edge-aware-dynamic-vertex-parallel,boolean-array,false,15,2.0589797496795654,0.22069
youtube-u-growth,SparsePush-DensePull,edge-aware-dynamic-vertex-parallel,bitvector,false,15,6.195966720581055,0.29119
dblp_coauthor,SparsePush-DensePull,edge-aware-dynamic-vertex-parallel,bitvector,false,15,18.33369207382202,0.260278
soc-LiveJournal1,SparsePush-DensePull,edge-aware-dynamic-vertex-parallel,bitvector,false,15,46.106828689575195,0.645933
orkut-links,SparsePush-DensePull,edge-aware-dynamic-vertex-parallel,bitvector,false,15,73.34164094924927,0.551516
roadNet-CA,SparsePush-DensePull,edge-aware-dynamic-vertex-parallel,bitvector,false,15,2.0583744049072266,0.232836
youtube-u-growth,DensePull,serial,boolean-array,false,20,7.239489316940308,1.39274
dblp_coauthor,DensePull,serial,boolean-array,false,20,20.328885316848755,2.13765
soc-LiveJournal1,DensePull,serial,boolean-array,false,20,52.34013891220093,7.41398
orkut-links,DensePull,serial,boolean-array,false,20,81.3832528591156,8.85263
roadNet-CA,DensePull,serial,boolean-array,false,20,2.2246780395507812,0.408112
youtube-u-growth,DensePull,serial,bitvector,false,20,7.253646612167358,1.39541
dblp_coauthor,DensePull,serial,bitvector,false,20,20.1982262134552,2.09009
soc-LiveJournal1,DensePull,serial,bitvector,false,20,52.957303047180176,7.57346
orkut-links,DensePull,serial,bitvector,false,20,80.66417837142944,8.73687
roadNet-CA,DensePull,serial,bitvector,false,20,2.2260725498199463,0.419545
youtube-u-growth,DensePull,dynamic-vertex-parallel,boolean-array,false,20,6.148086309432983,0.294056
dblp_coauthor,DensePull,dynamic-vertex-parallel,boolean-array,false,20,18.316120862960815,0.199143
soc-LiveJournal1,DensePull,dynamic-vertex-parallel,boolean-array,false,20,46.82212686538696,0.587672
orkut-links,DensePull,dynamic-vertex-parallel,boolean-array,false,20,72.41497611999512,0.555203
roadNet-CA,DensePull,dynamic-vertex-parallel,boolean-array,false,20,1.867361307144165,0.100376
youtube-u-growth,DensePull,dynamic-vertex-parallel,bitvector,false,20,6.0777223110198975,0.212688
dblp_coauthor,DensePull,dynamic-vertex-parallel,bitvector,false,20,18.276264429092407,0.201955
soc-LiveJournal1,DensePull,dynamic-vertex-parallel,bitvector,false,20,46.093825817108154,0.611839
orkut-links,DensePull,dynamic-vertex-parallel,bitvector,false,20,73.03593492507935,0.518852
roadNet-CA,DensePull,dynamic-vertex-parallel,bitvector,false,20,1.8863179683685303,0.100739
youtube-u-growth,DensePull,static-vertex-parallel,boolean-array,false,20,6.051536560058594,0.191657
dblp_coauthor,DensePull,static-vertex-parallel,boolean-array,false,20,18.298797130584717,0.197099
soc-LiveJournal1,DensePull,static-vertex-parallel,boolean-array,false,20,46.243900537490845,0.53527
orkut-links,DensePull,static-vertex-parallel,boolean-array,false,20,72.69568848609924,0.473985
roadNet-CA,DensePull,static-vertex-parallel,boolean-array,false,20,1.782822847366333,0.12015
youtube-u-growth,DensePull,static-vertex-parallel,bitvector,false,20,6.078003168106079,0.187875
dblp_coauthor,DensePull,static-vertex-parallel,bitvector,false,20,18.24910044670105,0.216103
soc-LiveJournal1,DensePull,static-vertex-parallel,bitvector,false,20,46.05856776237488,0.656283
orkut-links,DensePull,static-vertex-parallel,bitvector,false,20,73.21255040168762,0.60666
roadNet-CA,DensePull,static-vertex-parallel,bitvector,false,20,1.8908557891845703,0.102443
youtube-u-growth,DensePull,edge-aware-dynamic-vertex-parallel,boolean-array,false,20,6.123966455459595,0.244438
dblp_coauthor,DensePull,edge-aware-dynamic-vertex-parallel,boolean-array,false,20,18.256613969802856,0.244433
soc-LiveJournal1,DensePull,edge-aware-dynamic-vertex-parallel,boolean-array,false,20,45.76997470855713,0.567819
orkut-links,DensePull,edge-aware-dynamic-vertex-parallel,boolean-array,false,20,72.51718425750732,0.499581
roadNet-CA,DensePull,edge-aware-dynamic-vertex-parallel,boolean-array,false,20,1.9236505031585693,0.126652
youtube-u-growth,DensePull,edge-aware-dynamic-vertex-parallel,bitvector,false,20,6.129499673843384,0.249724
dblp_coauthor,DensePull,edge-aware-dynamic-vertex-parallel,bitvector,false,20,18.33307123184204,0.252395
soc-LiveJournal1,DensePull,edge-aware-dynamic-vertex-parallel,bitvector,false,20,45.87366342544556,0.558182
orkut-links,DensePull,edge-aware-dynamic-vertex-parallel,bitvector,false,20,72.84085416793823,0.508365
roadNet-CA,DensePull,edge-aware-dynamic-vertex-parallel,bitvector,false,20,1.9191126823425293,0.136226
youtube-u-growth,DensePull-SparsePush,serial,boolean-array,false,20,7.216906309127808,1.4533
dblp_coauthor,DensePull-SparsePush,serial,boolean-array,false,20,19.92621946334839,2.04379
soc-LiveJournal1,DensePull-SparsePush,serial,boolean-array,false,20,52.65072226524353,7.19823
orkut-links,DensePull-SparsePush,serial,boolean-array,false,20,80.84241247177124,8.54333
roadNet-CA,DensePull-SparsePush,serial,boolean-array,false,20,2.2771189212799072,0.446497
youtube-u-growth,DensePull-SparsePush,serial,bitvector,false,20,7.384548664093018,1.44667
dblp_coauthor,DensePull-SparsePush,serial,bitvector,false,20,18.574727296829224,2.01271
soc-LiveJournal1,DensePull-SparsePush,serial,bitvector,false,20,51.97815489768982,7.23006
orkut-links,DensePull-SparsePush,serial,bitvector,false,20,80.95065379142761,8.48145
roadNet-CA,DensePull-SparsePush,serial,bitvector,false,20,2.2714993953704834,0.452383
youtube-u-growth,DensePull-SparsePush,dynamic-vertex-parallel,boolean-array,false,20,6.2600624561309814,0.266328
dblp_coauthor,DensePull-SparsePush,dynamic-vertex-parallel,boolean-array,false,20,18.349438190460205,0.241858
soc-LiveJournal1,DensePull-SparsePush,dynamic-vertex-parallel,boolean-array,false,20,46.164156675338745,0.632456
orkut-links,DensePull-SparsePush,dynamic-vertex-parallel,boolean-array,false,20,70.20219707489014,0.532739
roadNet-CA,DensePull-SparsePush,dynamic-vertex-parallel,boolean-array,false,20,1.9750566482543945,0.154958
youtube-u-growth,DensePull-SparsePush,dynamic-vertex-parallel,bitvector,false,20,6.155550003051758,0.263548
dblp_coauthor,DensePull-SparsePush,dynamic-vertex-parallel,bitvector,false,20,18.32741141319275,0.235012
soc-LiveJournal1,DensePull-SparsePush,dynamic-vertex-parallel,bitvector,false,20,45.200952768325806,0.649717
orkut-links,DensePull-SparsePush,dynamic-vertex-parallel,bitvector,false,20,73.43798637390137,0.658887
roadNet-CA,DensePull-SparsePush,dynamic-vertex-parallel,bitvector,false,20,1.9761238098144531,0.165512
youtube-u-growth,DensePull-SparsePush,static-vertex-parallel,boolean-array,false,20,6.22892951965332,0.270625
dblp_coauthor,DensePull-SparsePush,static-vertex-parallel,boolean-array,false,20,18.31505036354065,0.217885
soc-LiveJournal1,DensePull-SparsePush,static-vertex-parallel,boolean-array,false,20,46.02050518989563,0.636933
orkut-links,DensePull-SparsePush,static-vertex-parallel,boolean-array,false,20,75.75417280197144,0.522407
roadNet-CA,DensePull-SparsePush,static-vertex-parallel,boolean-array,false,20,1.9654152393341064,0.162033
youtube-u-growth,DensePull-SparsePush,static-vertex-parallel,bitvector,false,20,6.182173252105713,0.296463
dblp_coauthor,DensePull-SparsePush,static-vertex-parallel,bitvector,false,20,16.421571731567383,0.22357
soc-LiveJournal1,DensePull-SparsePush,static-vertex-parallel,bitvector,false,20,45.98312020301819,0.640128
orkut-links,DensePull-SparsePush,static-vertex-parallel,bitvector,false,20,72.48061680793762,0.530574
roadNet-CA,DensePull-SparsePush,static-vertex-parallel,bitvector,false,20,1.9606308937072754,0.157852
youtube-u-growth,DensePull-SparsePush,edge-aware-dynamic-vertex-parallel,boolean-array,false,20,6.227079153060913,0.324748
dblp_coauthor,DensePull-SparsePush,edge-aware-dynamic-vertex-parallel,boolean-array,false,20,18.39059066772461,0.254642
soc-LiveJournal1,DensePull-SparsePush,edge-aware-dynamic-vertex-parallel,boolean-array,false,20,43.73547887802124,0.644719
orkut-links,DensePull-SparsePush,edge-aware-dynamic-vertex-parallel,boolean-array,false,20,73.46819186210632,0.723911
roadNet-CA,DensePull-SparsePush,edge-aware-dynamic-vertex-parallel,boolean-array,false,20,2.000030517578125,0.190622
youtube-u-growth,DensePull-SparsePush,edge-aware-dynamic-vertex-parallel,bitvector,false,20,6.204353332519531,0.319381
dblp_coauthor,DensePull-SparsePush,edge-aware-dynamic-vertex-parallel,bitvector,false,20,18.687920093536377,0.239333
soc-LiveJournal1,DensePull-SparsePush,edge-aware-dynamic-vertex-parallel,bitvector,false,20,45.67945432662964,0.67461
orkut-links,DensePull-SparsePush,edge-aware-dynamic-vertex-parallel,bitvector,false,20,73.31125903129578,0.592144
roadNet-CA,DensePull-SparsePush,edge-aware-dynamic-vertex-parallel,bitvector,false,20,2.131286144256592,0.178966
youtube-u-growth,SparsePush-DensePull,serial,boolean-array,false,20,7.2620673179626465,1.43042
dblp_coauthor,SparsePush-DensePull,serial,boolean-array,false,20,20.071627140045166,1.96633
soc-LiveJournal1,SparsePush-DensePull,serial,boolean-array,false,20,52.77463388442993,7.23546
orkut-links,SparsePush-DensePull,serial,boolean-array,false,20,80.51339268684387,8.41521
roadNet-CA,SparsePush-DensePull,serial,boolean-array,false,20,1.4627048969268799,0.4395
youtube-u-growth,SparsePush-DensePull,serial,bitvector,false,20,7.335106611251831,1.44567
dblp_coauthor,SparsePush-DensePull,serial,bitvector,false,20,20.13764214515686,2.00824
soc-LiveJournal1,SparsePush-DensePull,serial,bitvector,false,20,52.555628538131714,7.19639
orkut-links,SparsePush-DensePull,serial,bitvector,false,20,80.8097231388092,8.34149
roadNet-CA,SparsePush-DensePull,serial,bitvector,false,20,2.299622058868408,0.468632
youtube-u-growth,SparsePush-DensePull,dynamic-vertex-parallel,boolean-array,false,20,6.1862952709198,0.286657
dblp_coauthor,SparsePush-DensePull,dynamic-vertex-parallel,boolean-array,false,20,18.257286310195923,0.222145
soc-LiveJournal1,SparsePush-DensePull,dynamic-vertex-parallel,boolean-array,false,20,43.994362592697144,0.637889
orkut-links,SparsePush-DensePull,dynamic-vertex-parallel,boolean-array,false,20,72.82401990890503,0.557718
roadNet-CA,SparsePush-DensePull,dynamic-vertex-parallel,boolean-array,false,20,1.9631967544555664,0.151395
youtube-u-growth,SparsePush-DensePull,dynamic-vertex-parallel,bitvector,false,20,6.196054220199585,0.282092
dblp_coauthor,SparsePush-DensePull,dynamic-vertex-parallel,bitvector,false,20,18.370344638824463,0.247043
soc-LiveJournal1,SparsePush-DensePull,dynamic-vertex-parallel,bitvector,false,20,46.1107234954834,0.612543
orkut-links,SparsePush-DensePull,dynamic-vertex-parallel,bitvector,false,20,72.96073317527771,0.573111
roadNet-CA,SparsePush-DensePull,dynamic-vertex-parallel,bitvector,false,20,1.9713525772094727,0.164518
youtube-u-growth,SparsePush-DensePull,static-vertex-parallel,boolean-array,false,20,6.16214656829834,0.275789
dblp_coauthor,SparsePush-DensePull,static-vertex-parallel,boolean-array,false,20,18.386656045913696,0.276758
soc-LiveJournal1,SparsePush-DensePull,static-vertex-parallel,boolean-array,false,20,46.058181047439575,0.605805
orkut-links,SparsePush-DensePull,static-vertex-parallel,boolean-array,false,20,73.02156496047974,0.531504
roadNet-CA,SparsePush-DensePull,static-vertex-parallel,boolean-array,false,20,1.9675323963165283,0.152766
youtube-u-growth,SparsePush-DensePull,static-vertex-parallel,bitvector,false,20,6.1562957763671875,0.267876
dblp_coauthor,SparsePush-DensePull,static-vertex-parallel,bitvector,false,20,17.752127647399902,0.220287
soc-LiveJournal1,SparsePush-DensePull,static-vertex-parallel,bitvector,false,20,46.09679555892944,0.629725
orkut-links,SparsePush-DensePull,static-vertex-parallel,bitvector,false,20,73.06520366668701,0.525747
roadNet-CA,SparsePush-DensePull,static-vertex-parallel,bitvector,false,20,1.969930648803711,0.151034
youtube-u-growth,SparsePush-DensePull,edge-aware-dynamic-vertex-parallel,boolean-array,false,20,6.233811378479004,0.313145
dblp_coauthor,SparsePush-DensePull,edge-aware-dynamic-vertex-parallel,boolean-array,false,20,18.553913831710815,0.239259
soc-LiveJournal1,SparsePush-DensePull,edge-aware-dynamic-vertex-parallel,boolean-array,false,20,46.130980014801025,0.618907
orkut-links,SparsePush-DensePull,edge-aware-dynamic-vertex-parallel,boolean-array,false,20,73.34586238861084,0.572252
roadNet-CA,SparsePush-DensePull,edge-aware-dynamic-vertex-parallel,boolean-array,false,20,2.0127506256103516,0.190817
youtube-u-growth,SparsePush-DensePull,edge-aware-dynamic-vertex-parallel,bitvector,false,20,6.227689027786255,0.324098
dblp_coauthor,SparsePush-DensePull,edge-aware-dynamic-vertex-parallel,bitvector,false,20,15.267109632492065,0.233205
soc-LiveJournal1,SparsePush-DensePull,edge-aware-dynamic-vertex-parallel,bitvector,false,20,46.02799582481384,0.627699
orkut-links,SparsePush-DensePull,edge-aware-dynamic-vertex-parallel,bitvector,false,20,72.77827954292297,0.539226
roadNet-CA,SparsePush-DensePull,edge-aware-dynamic-vertex-parallel,bitvector,false,20,2.0137603282928467,0.200451
