youtube-u-growth,SparsePush,serial,boolean-array,false,0,6.241214990615845,0.35835
dblp_coauthor,SparsePush,serial,boolean-array,false,0,18.946893215179443,0.384407
soc-LiveJournal1,SparsePush,serial,boolean-array,false,0,45.22837233543396,1.20666
orkut-links,SparsePush,serial,boolean-array,false,0,75.055739402771,1.21887
roadNet-CA,SparsePush,serial,boolean-array,false,0,1.7040233612060547,0.00189
youtube-u-growth,SparsePush,dynamic-vertex-parallel,boolean-array,false,0,5.903557538986206,0.049114
dblp_coauthor,SparsePush,dynamic-vertex-parallel,boolean-array,false,0,18.715982913970947,0.044553
soc-LiveJournal1,SparsePush,dynamic-vertex-parallel,boolean-array,false,0,46.1292405128479,0.111945
orkut-links,SparsePush,dynamic-vertex-parallel,boolean-array,false,0,74.51611375808716,0.109137
roadNet-CA,SparsePush,dynamic-vertex-parallel,boolean-array,false,0,1.7044329643249512,0.002438
youtube-u-growth,SparsePush,static-vertex-parallel,boolean-array,false,0,5.973823547363281,0.049676
dblp_coauthor,SparsePush,static-vertex-parallel,boolean-array,false,0,18.21975874900818,0.0615
soc-LiveJournal1,SparsePush,static-vertex-parallel,boolean-array,false,0,46.262699604034424,0.084621
orkut-links,SparsePush,static-vertex-parallel,boolean-array,false,0,74.9107460975647,0.116027
roadNet-CA,SparsePush,static-vertex-parallel,boolean-array,false,0,1.699608325958252,0.002459
youtube-u-growth,DensePull,serial,boolean-array,false,0,6.935980319976807,1.09875
dblp_coauthor,DensePull,serial,boolean-array,false,0,19.68779182434082,1.14571
soc-LiveJournal1,DensePull,serial,boolean-array,false,0,50.623713970184326,4.40761
orkut-links,DensePull,serial,boolean-array,false,0,77.70453190803528,3.40234
roadNet-CA,DensePull,serial,boolean-array,false,0,2.2549655437469482,0.495935
youtube-u-growth,DensePull,serial,bitvector,false,0,6.811368942260742,0.962681
dblp_coauthor,DensePull,serial,bitvector,false,0,19.65579581260681,0.932361
soc-LiveJournal1,DensePull,serial,bitvector,false,0,42.85415029525757,3.54296
orkut-links,DensePull,serial,bitvector,false,0,77.82740616798401,2.83533
roadNet-CA,DensePull,serial,bitvector,false,0,2.213144302368164,0.51097
youtube-u-growth,DensePull,dynamic-vertex-parallel,boolean-array,false,0,5.910635709762573,0.065146
dblp_coauthor,DensePull,dynamic-vertex-parallel,boolean-array,false,0,18.5879385471344,0.078324
soc-LiveJournal1,DensePull,dynamic-vertex-parallel,boolean-array,false,0,46.190696001052856,0.195294
orkut-links,DensePull,dynamic-vertex-parallel,boolean-array,false,0,74.32526326179504,0.154924
roadNet-CA,DensePull,dynamic-vertex-parallel,boolean-array,false,0,1.783578634262085,0.046406
youtube-u-growth,DensePull,dynamic-vertex-parallel,bitvector,false,0,5.947523593902588,0.069781
dblp_coauthor,DensePull,dynamic-vertex-parallel,bitvector,false,0,18.63797950744629,0.068478
soc-LiveJournal1,DensePull,dynamic-vertex-parallel,bitvector,false,0,46.102941036224365,0.164446
orkut-links,DensePull,dynamic-vertex-parallel,bitvector,false,0,72.16627955436707,0.138379
roadNet-CA,DensePull,dynamic-vertex-parallel,bitvector,false,0,1.7655994892120361,0.05401
youtube-u-growth,DensePull,static-vertex-parallel,boolean-array,false,0,5.9957005977630615,0.07045
dblp_coauthor,DensePull,static-vertex-parallel,boolean-array,false,0,18.58202862739563,0.063888
soc-LiveJournal1,DensePull,static-vertex-parallel,boolean-array,false,0,46.43724346160889,0.191487
orkut-links,DensePull,static-vertex-parallel,boolean-array,false,0,74.3840856552124,0.155302
roadNet-CA,DensePull,static-vertex-parallel,boolean-array,false,0,1.7557625770568848,0.049125
youtube-u-growth,DensePull,static-vertex-parallel,bitvector,false,0,5.927443981170654,0.067249
dblp_coauthor,DensePull,static-vertex-parallel,bitvector,false,0,18.545568704605103,0.06629
soc-LiveJournal1,DensePull,static-vertex-parallel,bitvector,false,0,43.14986848831177,0.175992
orkut-links,DensePull,static-vertex-parallel,bitvector,false,0,74.73203372955322,0.153255
roadNet-CA,DensePull,static-vertex-parallel,bitvector,false,0,1.7760214805603027,0.066119
youtube-u-growth,DensePull,edge-aware-dynamic-vertex-parallel,boolean-array,false,0,5.935160875320435,0.070641
dblp_coauthor,DensePull,edge-aware-dynamic-vertex-parallel,boolean-array,false,0,18.67661213874817,0.076064
soc-LiveJournal1,DensePull,edge-aware-dynamic-vertex-parallel,boolean-array,false,0,45.52897644042969,0.210385
orkut-links,DensePull,edge-aware-dynamic-vertex-parallel,boolean-array,false,0,70.7258152961731,0.161532
roadNet-CA,DensePull,edge-aware-dynamic-vertex-parallel,boolean-array,false,0,1.7670252323150635,0.065743
youtube-u-growth,DensePull,edge-aware-dynamic-vertex-parallel,bitvector,false,0,5.910735607147217,0.106017
dblp_coauthor,DensePull,edge-aware-dynamic-vertex-parallel,bitvector,false,0,18.148765563964844,0.068999
soc-LiveJournal1,DensePull,edge-aware-dynamic-vertex-parallel,bitvector,false,0,45.950440645217896,0.202741
orkut-links,DensePull,edge-aware-dynamic-vertex-parallel,bitvector,false,0,72.69760799407959,0.147986
roadNet-CA,DensePull,edge-aware-dynamic-vertex-parallel,bitvector,false,0,1.7555289268493652,0.081145
youtube-u-growth,DensePull-SparsePush,serial,boolean-array,false,0,6.244788646697998,0.365867
dblp_coauthor,DensePull-SparsePush,serial,boolean-array,false,0,19.106072187423706,0.469854
soc-LiveJournal1,DensePull-SparsePush,serial,boolean-array,false,0,47.95056343078613,1.90041
orkut-links,DensePull-SparsePush,serial,boolean-array,false,0,76.09763073921204,1.69469
roadNet-CA,DensePull-SparsePush,serial,boolean-array,false,0,1.7166235446929932,0.001849
youtube-u-growth,DensePull-SparsePush,serial,bitvector,false,0,6.217191219329834,0.338438
dblp_coauthor,DensePull-SparsePush,serial,bitvector,false,0,19.101258754730225,0.463987
soc-LiveJournal1,DensePull-SparsePush,serial,bitvector,false,0,47.85658645629883,1.78646
orkut-links,DensePull-SparsePush,serial,bitvector,false,0,77.31315732002258,1.61386
roadNet-CA,DensePull-SparsePush,serial,bitvector,false,0,1.7555525302886963,0.001565
youtube-u-growth,DensePull-SparsePush,dynamic-vertex-parallel,boolean-array,false,0,5.934920787811279,0.052549
dblp_coauthor,DensePull-SparsePush,dynamic-vertex-parallel,boolean-array,false,0,18.627942323684692,0.059585
soc-LiveJournal1,DensePull-SparsePush,dynamic-vertex-parallel,boolean-array,false,0,46.44835901260376,0.079618
orkut-links,DensePull-SparsePush,dynamic-vertex-parallel,boolean-array,false,0,73.41491651535034,0.076076
roadNet-CA,DensePull-SparsePush,dynamic-vertex-parallel,boolean-array,false,0,1.7136783599853516,0.002201
youtube-u-growth,DensePull-SparsePush,dynamic-vertex-parallel,bitvector,false,0,5.924766540527344,0.050018
dblp_coauthor,DensePull-SparsePush,dynamic-vertex-parallel,bitvector,false,0,18.711169242858887,0.045393
soc-LiveJournal1,DensePull-SparsePush,dynamic-vertex-parallel,bitvector,false,0,45.54820108413696,0.081501
orkut-links,DensePull-SparsePush,dynamic-vertex-parallel,bitvector,false,0,74.5884792804718,0.096296
roadNet-CA,DensePull-SparsePush,dynamic-vertex-parallel,bitvector,false,0,1.7137367725372314,0.002178
youtube-u-growth,DensePull-SparsePush,static-vertex-parallel,boolean-array,false,0,4.833299160003662,0.037179
dblp_coauthor,DensePull-SparsePush,static-vertex-parallel,boolean-array,false,0,18.85439157485962,0.091811
soc-LiveJournal1,DensePull-SparsePush,static-vertex-parallel,boolean-array,false,0,46.44654870033264,0.095648
orkut-links,DensePull-SparsePush,static-vertex-parallel,boolean-array,false,0,63.96227145195007,0.077494
roadNet-CA,DensePull-SparsePush,static-vertex-parallel,boolean-array,false,0,1.7147870063781738,0.002488
youtube-u-growth,DensePull-SparsePush,static-vertex-parallel,bitvector,false,0,5.666276216506958,0.045514
dblp_coauthor,DensePull-SparsePush,static-vertex-parallel,bitvector,false,0,18.70306134223938,0.067933
soc-LiveJournal1,DensePull-SparsePush,static-vertex-parallel,bitvector,false,0,45.893630027770996,0.084753
orkut-links,DensePull-SparsePush,static-vertex-parallel,bitvector,false,0,74.54415273666382,0.095305
roadNet-CA,DensePull-SparsePush,static-vertex-parallel,bitvector,false,0,1.7097446918487549,0.003071
youtube-u-growth,DensePull-SparsePush,edge-aware-dynamic-vertex-parallel,boolean-array,false,0,5.91386866569519,0.059981
dblp_coauthor,DensePull-SparsePush,edge-aware-dynamic-vertex-parallel,boolean-array,false,0,18.830281734466553,0.042432
soc-LiveJournal1,DensePull-SparsePush,edge-aware-dynamic-vertex-parallel,boolean-array,false,0,46.10909867286682,0.094609
orkut-links,DensePull-SparsePush,edge-aware-dynamic-vertex-parallel,boolean-array,false,0,74.43639397621155,0.091364
roadNet-CA,DensePull-SparsePush,edge-aware-dynamic-vertex-parallel,boolean-array,false,0,1.690093994140625,0.002042
youtube-u-growth,DensePull-SparsePush,edge-aware-dynamic-vertex-parallel,bitvector,false,0,5.896305322647095,0.054234
dblp_coauthor,DensePull-SparsePush,edge-aware-dynamic-vertex-parallel,bitvector,false,0,18.685251712799072,0.050337
soc-LiveJournal1,DensePull-SparsePush,edge-aware-dynamic-vertex-parallel,bitvector,false,0,36.890442848205566,0.095597
orkut-links,DensePull-SparsePush,edge-aware-dynamic-vertex-parallel,bitvector,false,0,73.76279067993164,0.107586
roadNet-CA,DensePull-SparsePush,edge-aware-dynamic-vertex-parallel,bitvector,false,0,1.7306313514709473,0.013692
youtube-u-growth,SparsePush-DensePull,serial,boolean-array,false,0,6.2317423820495605,0.353863
dblp_coauthor,SparsePush-DensePull,serial,boolean-array,false,0,19.052015781402588,0.454564
soc-LiveJournal1,SparsePush-DensePull,serial,boolean-array,false,0,47.96306586265564,1.91299
orkut-links,SparsePush-DensePull,serial,boolean-array,false,0,76.21430325508118,1.68418
roadNet-CA,SparsePush-DensePull,serial,boolean-array,false,0,1.7191553115844727,0.003985
youtube-u-growth,SparsePush-DensePull,serial,bitvector,false,0,6.213282346725464,0.334906
dblp_coauthor,SparsePush-DensePull,serial,bitvector,false,0,19.194217205047607,0.432832
soc-LiveJournal1,SparsePush-DensePull,serial,bitvector,false,0,47.77215504646301,1.71122
orkut-links,SparsePush-DensePull,serial,bitvector,false,0,76.01484942436218,1.63245
roadNet-CA,SparsePush-DensePull,serial,bitvector,false,0,1.729795217514038,0.002107
youtube-u-growth,SparsePush-DensePull,dynamic-vertex-parallel,boolean-array,false,0,5.996443748474121,0.040688
dblp_coauthor,SparsePush-DensePull,dynamic-vertex-parallel,boolean-array,false,0,18.876506567001343,0.039757
soc-LiveJournal1,SparsePush-DensePull,dynamic-vertex-parallel,boolean-array,false,0,46.65331768989563,0.084746
orkut-links,SparsePush-DensePull,dynamic-vertex-parallel,boolean-array,false,0,74.84880065917969,0.077082
roadNet-CA,SparsePush-DensePull,dynamic-vertex-parallel,boolean-array,false,0,1.72086501121521,0.003326
youtube-u-growth,SparsePush-DensePull,dynamic-vertex-parallel,bitvector,false,0,5.911769866943359,0.044429
dblp_coauthor,SparsePush-DensePull,dynamic-vertex-parallel,bitvector,false,0,18.661558866500854,0.042449
soc-LiveJournal1,SparsePush-DensePull,dynamic-vertex-parallel,bitvector,false,0,45.526583671569824,0.083215
orkut-links,SparsePush-DensePull,dynamic-vertex-parallel,bitvector,false,0,74.52708911895752,0.066938
roadNet-CA,SparsePush-DensePull,dynamic-vertex-parallel,bitvector,false,0,1.6923363208770752,0.002577
youtube-u-growth,SparsePush-DensePull,static-vertex-parallel,boolean-array,false,0,5.466646671295166,0.040624
dblp_coauthor,SparsePush-DensePull,static-vertex-parallel,boolean-array,false,0,18.668174266815186,0.038369
soc-LiveJournal1,SparsePush-DensePull,static-vertex-parallel,boolean-array,false,0,46.14649724960327,0.082415
orkut-links,SparsePush-DensePull,static-vertex-parallel,boolean-array,false,0,74.40523719787598,0.080113
roadNet-CA,SparsePush-DensePull,static-vertex-parallel,boolean-array,false,0,1.723050832748413,0.013845
youtube-u-growth,SparsePush-DensePull,static-vertex-parallel,bitvector,false,0,5.863140821456909,0.041576
dblp_coauthor,SparsePush-DensePull,static-vertex-parallel,bitvector,false,0,18.57090449333191,0.044939
soc-LiveJournal1,SparsePush-DensePull,static-vertex-parallel,bitvector,false,0,46.20105171203613,0.126953
orkut-links,SparsePush-DensePull,static-vertex-parallel,bitvector,false,0,74.52204823493958,0.075944
roadNet-CA,SparsePush-DensePull,static-vertex-parallel,bitvector,false,0,1.715538740158081,0.002015
youtube-u-growth,SparsePush-DensePull,edge-aware-dynamic-vertex-parallel,boolean-array,false,0,5.947042942047119,0.050415
dblp_coauthor,SparsePush-DensePull,edge-aware-dynamic-vertex-parallel,boolean-array,false,0,18.692806720733643,0.042939
soc-LiveJournal1,SparsePush-DensePull,edge-aware-dynamic-vertex-parallel,boolean-array,false,0,46.17096662521362,0.09882
orkut-links,SparsePush-DensePull,edge-aware-dynamic-vertex-parallel,boolean-array,false,0,74.64322805404663,0.13465
roadNet-CA,SparsePush-DensePull,edge-aware-dynamic-vertex-parallel,boolean-array,false,0,1.719125747680664,0.003738
youtube-u-growth,SparsePush-DensePull,edge-aware-dynamic-vertex-parallel,bitvector,false,0,5.95173716545105,0.056778
dblp_coauthor,SparsePush-DensePull,edge-aware-dynamic-vertex-parallel,bitvector,false,0,19.014463901519775,0.050305
soc-LiveJournal1,SparsePush-DensePull,edge-aware-dynamic-vertex-parallel,bitvector,false,0,46.08721303939819,0.090256
orkut-links,SparsePush-DensePull,edge-aware-dynamic-vertex-parallel,bitvector,false,0,74.23347926139832,0.076409
roadNet-CA,SparsePush-DensePull,edge-aware-dynamic-vertex-parallel,bitvector,false,0,1.7202203273773193,0.002706
youtube-u-growth,DensePush-SparsePush,serial,boolean-array,false,0,6.063448905944824,0.215614
dblp_coauthor,DensePush-SparsePush,serial,boolean-array,false,0,18.782530069351196,0.200902
soc-LiveJournal1,DensePush-SparsePush,serial,boolean-array,false,0,46.649800300598145,0.630924
orkut-links,DensePush-SparsePush,serial,boolean-array,false,0,74.92994356155396,0.681438
roadNet-CA,DensePush-SparsePush,serial,boolean-array,false,0,1.7667205333709717,0.006278
youtube-u-growth,DensePush-SparsePush,dynamic-vertex-parallel,boolean-array,false,0,5.882138729095459,0.040463
dblp_coauthor,DensePush-SparsePush,dynamic-vertex-parallel,boolean-array,false,0,18.91161561012268,0.043778
soc-LiveJournal1,DensePush-SparsePush,dynamic-vertex-parallel,boolean-array,false,0,46.14533543586731,0.087932
orkut-links,DensePush-SparsePush,dynamic-vertex-parallel,boolean-array,false,0,74.45065879821777,0.074116
roadNet-CA,DensePush-SparsePush,dynamic-vertex-parallel,boolean-array,false,0,1.7137184143066406,0.003937
youtube-u-growth,DensePush-SparsePush,static-vertex-parallel,boolean-array,false,0,5.893669605255127,0.039421
dblp_coauthor,DensePush-SparsePush,static-vertex-parallel,boolean-array,false,0,18.74779748916626,0.033092
soc-LiveJournal1,DensePush-SparsePush,static-vertex-parallel,boolean-array,false,0,46.273231744766235,0.058919
orkut-links,DensePush-SparsePush,static-vertex-parallel,boolean-array,false,0,74.36728286743164,0.070795
roadNet-CA,DensePush-SparsePush,static-vertex-parallel,boolean-array,false,0,1.7232487201690674,0.012284
youtube-u-growth,DensePull,serial,boolean-array,false,5,7.2773261070251465,1.23375
dblp_coauthor,DensePull,serial,boolean-array,false,5,16.98991322517395,1.44465
soc-LiveJournal1,DensePull,serial,boolean-array,false,5,51.97856855392456,4.9495
orkut-links,DensePull,serial,boolean-array,false,5,77.37609434127808,3.55218
roadNet-CA,DensePull,serial,boolean-array,false,5,2.385934352874756,0.59712
youtube-u-growth,DensePull,serial,bitvector,false,5,7.094130039215088,1.05442
dblp_coauthor,DensePull,serial,bitvector,false,5,19.48094153404236,1.27304
soc-LiveJournal1,DensePull,serial,bitvector,false,5,51.09511947631836,4.11385
orkut-links,DensePull,serial,bitvector,false,5,79.48320865631104,3.22648
roadNet-CA,DensePull,serial,bitvector,false,5,2.4691457748413086,0.586128
youtube-u-growth,DensePull,dynamic-vertex-parallel,boolean-array,false,5,6.140592336654663,0.085613
dblp_coauthor,DensePull,dynamic-vertex-parallel,boolean-array,false,5,15.586393356323242,0.078428
soc-LiveJournal1,DensePull,dynamic-vertex-parallel,boolean-array,false,5,46.297539710998535,0.239412
orkut-links,DensePull,dynamic-vertex-parallel,boolean-array,false,5,75.5614538192749,0.151305
roadNet-CA,DensePull,dynamic-vertex-parallel,boolean-array,false,5,1.8476929664611816,0.07533
youtube-u-growth,DensePull,dynamic-vertex-parallel,bitvector,false,5,6.150781631469727,0.099202
dblp_coauthor,DensePull,dynamic-vertex-parallel,bitvector,false,5,18.89893937110901,0.08825
soc-LiveJournal1,DensePull,dynamic-vertex-parallel,bitvector,false,5,47.30510497093201,0.197351
orkut-links,DensePull,dynamic-vertex-parallel,bitvector,false,5,76.12625551223755,0.149835
roadNet-CA,DensePull,dynamic-vertex-parallel,bitvector,false,5,1.8395655155181885,0.080867
youtube-u-growth,DensePull,static-vertex-parallel,boolean-array,false,5,6.151022434234619,0.083411
dblp_coauthor,DensePull,static-vertex-parallel,boolean-array,false,5,19.004417657852173,0.091852
soc-LiveJournal1,DensePull,static-vertex-parallel,boolean-array,false,5,47.21337866783142,0.20475
orkut-links,DensePull,static-vertex-parallel,boolean-array,false,5,69.2086284160614,0.152923
roadNet-CA,DensePull,static-vertex-parallel,boolean-array,false,5,1.8357877731323242,0.073864
youtube-u-growth,DensePull,static-vertex-parallel,bitvector,false,5,6.199182510375977,0.112156
dblp_coauthor,DensePull,static-vertex-parallel,bitvector,false,5,19.06196141242981,0.105408
soc-LiveJournal1,DensePull,static-vertex-parallel,bitvector,false,5,47.21717643737793,0.198642
orkut-links,DensePull,static-vertex-parallel,bitvector,false,5,75.66021060943604,0.149811
roadNet-CA,DensePull,static-vertex-parallel,bitvector,false,5,1.854842185974121,0.096531
youtube-u-growth,DensePull,edge-aware-dynamic-vertex-parallel,boolean-array,false,5,6.156701326370239,0.119111
dblp_coauthor,DensePull,edge-aware-dynamic-vertex-parallel,boolean-array,false,5,19.01565384864807,0.08563
soc-LiveJournal1,DensePull,edge-aware-dynamic-vertex-parallel,boolean-array,false,5,47.135929107666016,0.215647
orkut-links,DensePull,edge-aware-dynamic-vertex-parallel,boolean-array,false,5,75.59848880767822,0.208475
roadNet-CA,DensePull,edge-aware-dynamic-vertex-parallel,boolean-array,false,5,1.9693620204925537,0.094044
youtube-u-growth,DensePull,edge-aware-dynamic-vertex-parallel,bitvector,false,5,6.154344797134399,0.124813
dblp_coauthor,DensePull,edge-aware-dynamic-vertex-parallel,bitvector,false,5,19.046616554260254,0.085479
soc-LiveJournal1,DensePull,edge-aware-dynamic-vertex-parallel,bitvector,false,5,47.237505197525024,0.204385
orkut-links,DensePull,edge-aware-dynamic-vertex-parallel,bitvector,false,5,75.8096661567688,0.172628
roadNet-CA,DensePull,edge-aware-dynamic-vertex-parallel,bitvector,false,5,1.8508965969085693,0.092955
youtube-u-growth,DensePull-SparsePush,serial,boolean-array,false,5,6.4968860149383545,0.420687
dblp_coauthor,DensePull-SparsePush,serial,boolean-array,false,5,19.424694538116455,0.48451
soc-LiveJournal1,DensePull-SparsePush,serial,boolean-array,false,5,49.117018699645996,1.85367
orkut-links,DensePull-SparsePush,serial,boolean-array,false,5,77.27661490440369,1.60111
roadNet-CA,DensePull-SparsePush,serial,boolean-array,false,5,1.777360439300537,0.006408
youtube-u-growth,DensePull-SparsePush,serial,bitvector,false,5,6.456264495849609,0.371222
dblp_coauthor,DensePull-SparsePush,serial,bitvector,false,5,19.75427007675171,0.448168
soc-LiveJournal1,DensePull-SparsePush,serial,bitvector,false,5,48.82523488998413,1.65824
orkut-links,DensePull-SparsePush,serial,bitvector,false,5,78.7713189125061,1.47342
roadNet-CA,DensePull-SparsePush,serial,bitvector,false,5,1.800175428390503,0.015335
youtube-u-growth,DensePull-SparsePush,dynamic-vertex-parallel,boolean-array,false,5,6.2410900592803955,0.051737
dblp_coauthor,DensePull-SparsePush,dynamic-vertex-parallel,boolean-array,false,5,18.88873600959778,0.050632
soc-LiveJournal1,DensePull-SparsePush,dynamic-vertex-parallel,boolean-array,false,5,47.139233112335205,0.101
orkut-links,DensePull-SparsePush,dynamic-vertex-parallel,boolean-array,false,5,75.09290933609009,0.079557
roadNet-CA,DensePull-SparsePush,dynamic-vertex-parallel,boolean-array,false,5,1.7651515007019043,0.003821
youtube-u-growth,DensePull-SparsePush,dynamic-vertex-parallel,bitvector,false,5,6.097853183746338,0.04837
dblp_coauthor,DensePull-SparsePush,dynamic-vertex-parallel,bitvector,false,5,19.1368625164032,0.043992
soc-LiveJournal1,DensePull-SparsePush,dynamic-vertex-parallel,bitvector,false,5,47.15120601654053,0.083968
orkut-links,DensePull-SparsePush,dynamic-vertex-parallel,bitvector,false,5,76.13481497764587,0.073804
roadNet-CA,DensePull-SparsePush,dynamic-vertex-parallel,bitvector,false,5,1.832625150680542,0.028517
youtube-u-growth,DensePull-SparsePush,static-vertex-parallel,boolean-array,false,5,6.093389511108398,0.051675
dblp_coauthor,DensePull-SparsePush,static-vertex-parallel,boolean-array,false,5,18.883644580841064,0.042109
soc-LiveJournal1,DensePull-SparsePush,static-vertex-parallel,boolean-array,false,5,46.973416805267334,0.092942
orkut-links,DensePull-SparsePush,static-vertex-parallel,boolean-array,false,5,75.57677221298218,0.081424
roadNet-CA,DensePull-SparsePush,static-vertex-parallel,boolean-array,false,5,1.7972140312194824,0.017892
youtube-u-growth,DensePull-SparsePush,static-vertex-parallel,bitvector,false,5,6.1076226234436035,0.054576
dblp_coauthor,DensePull-SparsePush,static-vertex-parallel,bitvector,false,5,18.96985363960266,0.052783
soc-LiveJournal1,DensePull-SparsePush,static-vertex-parallel,bitvector,false,5,47.37011003494263,0.094404
orkut-links,DensePull-SparsePush,static-vertex-parallel,bitvector,false,5,76.02123808860779,0.078309
roadNet-CA,DensePull-SparsePush,static-vertex-parallel,bitvector,false,5,1.768916130065918,0.004775
youtube-u-growth,DensePull-SparsePush,edge-aware-dynamic-vertex-parallel,boolean-array,false,5,6.127900123596191,0.081822
dblp_coauthor,DensePull-SparsePush,edge-aware-dynamic-vertex-parallel,boolean-array,false,5,18.95539903640747,0.047544
soc-LiveJournal1,DensePull-SparsePush,edge-aware-dynamic-vertex-parallel,boolean-array,false,5,47.11250901222229,0.10236
orkut-links,DensePull-SparsePush,edge-aware-dynamic-vertex-parallel,boolean-array,false,5,75.75791835784912,0.104791
roadNet-CA,DensePull-SparsePush,edge-aware-dynamic-vertex-parallel,boolean-array,false,5,1.773212194442749,0.004418
youtube-u-growth,DensePull-SparsePush,edge-aware-dynamic-vertex-parallel,bitvector,false,5,6.139731168746948,0.079846
dblp_coauthor,DensePull-SparsePush,edge-aware-dynamic-vertex-parallel,bitvector,false,5,19.051061153411865,0.04851
soc-LiveJournal1,DensePull-SparsePush,edge-aware-dynamic-vertex-parallel,bitvector,false,5,47.5213725566864,0.120498
orkut-links,DensePull-SparsePush,edge-aware-dynamic-vertex-parallel,bitvector,false,5,75.74081349372864,0.118253
roadNet-CA,DensePull-SparsePush,edge-aware-dynamic-vertex-parallel,bitvector,false,5,1.770092487335205,0.004568
youtube-u-growth,SparsePush-DensePull,serial,boolean-array,false,5,6.5873026847839355,0.389118
dblp_coauthor,SparsePush-DensePull,serial,boolean-array,false,5,19.42714524269104,0.487631
soc-LiveJournal1,SparsePush-DensePull,serial,boolean-array,false,5,49.18283486366272,1.88243
orkut-links,SparsePush-DensePull,serial,boolean-array,false,5,77.6875593662262,1.63143
roadNet-CA,SparsePush-DensePull,serial,boolean-array,false,5,1.7717857360839844,0.004236
youtube-u-growth,SparsePush-DensePull,serial,bitvector,false,5,6.400684356689453,0.357934
dblp_coauthor,SparsePush-DensePull,serial,bitvector,false,5,19.52180552482605,0.495255
soc-LiveJournal1,SparsePush-DensePull,serial,bitvector,false,5,46.43952012062073,1.69173
orkut-links,SparsePush-DensePull,serial,bitvector,false,5,77.09532237052917,1.50034
roadNet-CA,SparsePush-DensePull,serial,bitvector,false,5,1.7756543159484863,0.005008
youtube-u-growth,SparsePush-DensePull,dynamic-vertex-parallel,boolean-array,false,5,6.201805591583252,0.046912
dblp_coauthor,SparsePush-DensePull,dynamic-vertex-parallel,boolean-array,false,5,18.88584613800049,0.045
soc-LiveJournal1,SparsePush-DensePull,dynamic-vertex-parallel,boolean-array,false,5,47.215126752853394,0.133907
orkut-links,SparsePush-DensePull,dynamic-vertex-parallel,boolean-array,false,5,71.77998542785645,0.07004
roadNet-CA,SparsePush-DensePull,dynamic-vertex-parallel,boolean-array,false,5,1.7700631618499756,0.005109
youtube-u-growth,SparsePush-DensePull,dynamic-vertex-parallel,bitvector,false,5,6.106239557266235,0.056477
dblp_coauthor,SparsePush-DensePull,dynamic-vertex-parallel,bitvector,false,5,19.060033321380615,0.042952
soc-LiveJournal1,SparsePush-DensePull,dynamic-vertex-parallel,bitvector,false,5,47.31143379211426,0.085308
orkut-links,SparsePush-DensePull,dynamic-vertex-parallel,bitvector,false,5,76.79347348213196,0.087051
roadNet-CA,SparsePush-DensePull,dynamic-vertex-parallel,bitvector,false,5,1.7814016342163086,0.004721
youtube-u-growth,SparsePush-DensePull,static-vertex-parallel,boolean-array,false,5,6.132448673248291,0.077753
dblp_coauthor,SparsePush-DensePull,static-vertex-parallel,boolean-array,false,5,18.70672369003296,0.045495
soc-LiveJournal1,SparsePush-DensePull,static-vertex-parallel,boolean-array,false,5,47.1075599193573,0.095521
orkut-links,SparsePush-DensePull,static-vertex-parallel,boolean-array,false,5,75.30065107345581,0.079611
roadNet-CA,SparsePush-DensePull,static-vertex-parallel,boolean-array,false,5,1.7833354473114014,0.014823
youtube-u-growth,SparsePush-DensePull,static-vertex-parallel,bitvector,false,5,6.295543432235718,0.043427
dblp_coauthor,SparsePush-DensePull,static-vertex-parallel,bitvector,false,5,19.08845043182373,0.056942
soc-LiveJournal1,SparsePush-DensePull,static-vertex-parallel,bitvector,false,5,47.381431579589844,0.160492
orkut-links,SparsePush-DensePull,static-vertex-parallel,bitvector,false,5,75.8143560886383,0.074173
roadNet-CA,SparsePush-DensePull,static-vertex-parallel,bitvector,false,5,1.7808454036712646,0.004999
youtube-u-growth,SparsePush-DensePull,edge-aware-dynamic-vertex-parallel,boolean-array,false,5,6.130846977233887,0.080969
dblp_coauthor,SparsePush-DensePull,edge-aware-dynamic-vertex-parallel,boolean-array,false,5,18.90061593055725,0.048536
soc-LiveJournal1,SparsePush-DensePull,edge-aware-dynamic-vertex-parallel,boolean-array,false,5,46.57664656639099,0.101665
orkut-links,SparsePush-DensePull,edge-aware-dynamic-vertex-parallel,boolean-array,false,5,75.75772500038147,0.099264
roadNet-CA,SparsePush-DensePull,edge-aware-dynamic-vertex-parallel,boolean-array,false,5,1.8326919078826904,0.005281
youtube-u-growth,SparsePush-DensePull,edge-aware-dynamic-vertex-parallel,bitvector,false,5,6.10714316368103,0.071645
dblp_coauthor,SparsePush-DensePull,edge-aware-dynamic-vertex-parallel,bitvector,false,5,19.012641191482544,0.04966
soc-LiveJournal1,SparsePush-DensePull,edge-aware-dynamic-vertex-parallel,bitvector,false,5,47.263895988464355,0.145961
orkut-links,SparsePush-DensePull,edge-aware-dynamic-vertex-parallel,bitvector,false,5,74.93243718147278,0.097248
roadNet-CA,SparsePush-DensePull,edge-aware-dynamic-vertex-parallel,bitvector,false,5,1.771097183227539,0.005027
youtube-u-growth,DensePull,serial,boolean-array,false,10,7.125020742416382,1.12392
dblp_coauthor,DensePull,serial,boolean-array,false,10,20.528149843215942,1.54599
soc-LiveJournal1,DensePull,serial,boolean-array,false,10,52.10826134681702,5.15534
orkut-links,DensePull,serial,boolean-array,false,10,73.46246671676636,3.81849
roadNet-CA,DensePull,serial,boolean-array,false,10,2.3605527877807617,0.588761
youtube-u-growth,DensePull,serial,bitvector,false,10,7.166980743408203,1.02792
dblp_coauthor,DensePull,serial,bitvector,false,10,20.450726985931396,1.39568
soc-LiveJournal1,DensePull,serial,bitvector,false,10,51.99019408226013,4.55446
orkut-links,DensePull,serial,bitvector,false,10,79.47430515289307,3.57391
roadNet-CA,DensePull,serial,bitvector,false,10,2.352389097213745,0.567997
youtube-u-growth,DensePull,dynamic-vertex-parallel,boolean-array,false,10,6.2427825927734375,0.102666
dblp_coauthor,DensePull,dynamic-vertex-parallel,boolean-array,false,10,19.136366367340088,0.089839
soc-LiveJournal1,DensePull,dynamic-vertex-parallel,boolean-array,false,10,47.559685468673706,0.273336
orkut-links,DensePull,dynamic-vertex-parallel,boolean-array,false,10,78.20467901229858,0.17664
roadNet-CA,DensePull,dynamic-vertex-parallel,boolean-array,false,10,1.8548436164855957,0.093192
youtube-u-growth,DensePull,dynamic-vertex-parallel,bitvector,false,10,6.129421710968018,0.11149
dblp_coauthor,DensePull,dynamic-vertex-parallel,bitvector,false,10,19.126772165298462,0.103454
soc-LiveJournal1,DensePull,dynamic-vertex-parallel,bitvector,false,10,44.78105449676514,0.224671
orkut-links,DensePull,dynamic-vertex-parallel,bitvector,false,10,76.46268773078918,0.207602
roadNet-CA,DensePull,dynamic-vertex-parallel,bitvector,false,10,1.8556783199310303,0.096428
youtube-u-growth,DensePull,static-vertex-parallel,boolean-array,false,10,6.1805946826934814,0.10033
dblp_coauthor,DensePull,static-vertex-parallel,boolean-array,false,10,19.199544668197632,0.125967
soc-LiveJournal1,DensePull,static-vertex-parallel,boolean-array,false,10,46.244855880737305,0.219942
orkut-links,DensePull,static-vertex-parallel,boolean-array,false,10,76.22330260276794,0.191561
roadNet-CA,DensePull,static-vertex-parallel,boolean-array,false,10,1.8504846096038818,0.089197
youtube-u-growth,DensePull,static-vertex-parallel,bitvector,false,10,6.207806825637817,0.111068
dblp_coauthor,DensePull,static-vertex-parallel,bitvector,false,10,19.116981506347656,0.093043
soc-LiveJournal1,DensePull,static-vertex-parallel,bitvector,false,10,47.65003204345703,0.226052
orkut-links,DensePull,static-vertex-parallel,bitvector,false,10,76.19418334960938,0.183641
roadNet-CA,DensePull,static-vertex-parallel,bitvector,false,10,1.9113974571228027,0.109629
youtube-u-growth,DensePull,edge-aware-dynamic-vertex-parallel,boolean-array,false,10,5.740267753601074,0.135028
dblp_coauthor,DensePull,edge-aware-dynamic-vertex-parallel,boolean-array,false,10,18.404309511184692,0.101421
soc-LiveJournal1,DensePull,edge-aware-dynamic-vertex-parallel,boolean-array,false,10,47.3545777797699,0.246582
orkut-links,DensePull,edge-aware-dynamic-vertex-parallel,boolean-array,false,10,73.1720073223114,0.214526
roadNet-CA,DensePull,edge-aware-dynamic-vertex-parallel,boolean-array,false,10,1.8651113510131836,0.10088
youtube-u-growth,DensePull,edge-aware-dynamic-vertex-parallel,bitvector,false,10,6.220821142196655,0.136605
dblp_coauthor,DensePull,edge-aware-dynamic-vertex-parallel,bitvector,false,10,19.110512256622314,0.101709
soc-LiveJournal1,DensePull,edge-aware-dynamic-vertex-parallel,bitvector,false,10,47.44748306274414,0.247539
orkut-links,DensePull,edge-aware-dynamic-vertex-parallel,bitvector,false,10,75.9853127002716,0.205858
roadNet-CA,DensePull,edge-aware-dynamic-vertex-parallel,bitvector,false,10,1.8659489154815674,0.111713
youtube-u-growth,DensePull-SparsePush,serial,boolean-array,false,10,6.442957162857056,0.394464
dblp_coauthor,DensePull-SparsePush,serial,boolean-array,false,10,19.57865023612976,0.489239
soc-LiveJournal1,DensePull-SparsePush,serial,boolean-array,false,10,48.63756084442139,1.88972
orkut-links,DensePull-SparsePush,serial,boolean-array,false,10,77.54537320137024,1.65261
roadNet-CA,DensePull-SparsePush,serial,boolean-array,false,10,1.7906584739685059,0.004774
youtube-u-growth,DensePull-SparsePush,serial,bitvector,false,10,5.873366832733154,0.390782
dblp_coauthor,DensePull-SparsePush,serial,bitvector,false,10,19.56120228767395,0.471973
soc-LiveJournal1,DensePull-SparsePush,serial,bitvector,false,10,49.38407254219055,1.80865
orkut-links,DensePull-SparsePush,serial,bitvector,false,10,77.56208395957947,1.54419
roadNet-CA,DensePull-SparsePush,serial,bitvector,false,10,1.788856029510498,0.017953
youtube-u-growth,DensePull-SparsePush,dynamic-vertex-parallel,boolean-array,false,10,6.123001337051392,0.065239
dblp_coauthor,DensePull-SparsePush,dynamic-vertex-parallel,boolean-array,false,10,19.028297424316406,0.048649
soc-LiveJournal1,DensePull-SparsePush,dynamic-vertex-parallel,boolean-array,false,10,47.40407633781433,0.09501
orkut-links,DensePull-SparsePush,dynamic-vertex-parallel,boolean-array,false,10,75.7618887424469,0.091645
roadNet-CA,DensePull-SparsePush,dynamic-vertex-parallel,boolean-array,false,10,1.7936456203460693,0.007567
youtube-u-growth,DensePull-SparsePush,dynamic-vertex-parallel,bitvector,false,10,6.110771894454956,0.047007
dblp_coauthor,DensePull-SparsePush,dynamic-vertex-parallel,bitvector,false,10,19.17652726173401,0.062899
soc-LiveJournal1,DensePull-SparsePush,dynamic-vertex-parallel,bitvector,false,10,47.60203766822815,0.098524
orkut-links,DensePull-SparsePush,dynamic-vertex-parallel,bitvector,false,10,77.21496248245239,0.10004
roadNet-CA,DensePull-SparsePush,dynamic-vertex-parallel,bitvector,false,10,1.783695936203003,0.005728
youtube-u-growth,DensePull-SparsePush,static-vertex-parallel,boolean-array,false,10,6.105472803115845,0.048837
dblp_coauthor,DensePull-SparsePush,static-vertex-parallel,boolean-array,false,10,19.099274158477783,0.047213
soc-LiveJournal1,DensePull-SparsePush,static-vertex-parallel,boolean-array,false,10,47.13335919380188,0.111837
orkut-links,DensePull-SparsePush,static-vertex-parallel,boolean-array,false,10,75.67477250099182,0.101144
roadNet-CA,DensePull-SparsePush,static-vertex-parallel,boolean-array,false,10,1.7781996726989746,0.004869
youtube-u-growth,DensePull-SparsePush,static-vertex-parallel,bitvector,false,10,6.131681442260742,0.055918
dblp_coauthor,DensePull-SparsePush,static-vertex-parallel,bitvector,false,10,19.141021966934204,0.065346
soc-LiveJournal1,DensePull-SparsePush,static-vertex-parallel,bitvector,false,10,47.61672639846802,0.104486
orkut-links,DensePull-SparsePush,static-vertex-parallel,bitvector,false,10,75.86255741119385,0.090583
roadNet-CA,DensePull-SparsePush,static-vertex-parallel,bitvector,false,10,1.7908871173858643,0.010621
youtube-u-growth,DensePull-SparsePush,edge-aware-dynamic-vertex-parallel,boolean-array,false,10,6.148717403411865,0.081138
dblp_coauthor,DensePull-SparsePush,edge-aware-dynamic-vertex-parallel,boolean-array,false,10,19.15960717201233,0.058741
soc-LiveJournal1,DensePull-SparsePush,edge-aware-dynamic-vertex-parallel,boolean-array,false,10,47.48047494888306,0.150316
orkut-links,DensePull-SparsePush,edge-aware-dynamic-vertex-parallel,boolean-array,false,10,76.29967474937439,0.164999
roadNet-CA,DensePull-SparsePush,edge-aware-dynamic-vertex-parallel,boolean-array,false,10,1.7740914821624756,0.004616
youtube-u-growth,DensePull-SparsePush,edge-aware-dynamic-vertex-parallel,bitvector,false,10,6.160272836685181,0.076239
dblp_coauthor,DensePull-SparsePush,edge-aware-dynamic-vertex-parallel,bitvector,false,10,19.03852367401123,0.054742
soc-LiveJournal1,DensePull-SparsePush,edge-aware-dynamic-vertex-parallel,bitvector,false,10,47.29682755470276,0.107963
orkut-links,DensePull-SparsePush,edge-aware-dynamic-vertex-parallel,bitvector,false,10,76.66009426116943,0.13352
roadNet-CA,DensePull-SparsePush,edge-aware-dynamic-vertex-parallel,bitvector,false,10,1.786937952041626,0.01084
youtube-u-growth,SparsePush-DensePull,serial,boolean-array,false,10,6.440413475036621,0.387582
dblp_coauthor,SparsePush-DensePull,serial,boolean-array,false,10,19.48354959487915,0.488727
soc-LiveJournal1,SparsePush-DensePull,serial,boolean-array,false,10,49.07256054878235,1.91209
orkut-links,SparsePush-DensePull,serial,boolean-array,false,10,77.43283438682556,1.64116
roadNet-CA,SparsePush-DensePull,serial,boolean-array,false,10,1.7735612392425537,0.004574
youtube-u-growth,SparsePush-DensePull,serial,bitvector,false,10,6.424195289611816,0.362841
dblp_coauthor,SparsePush-DensePull,serial,bitvector,false,10,19.367797374725342,0.46523
soc-LiveJournal1,SparsePush-DensePull,serial,bitvector,false,10,49.0599582195282,1.76718
orkut-links,SparsePush-DensePull,serial,bitvector,false,10,78.03716731071472,1.55118
roadNet-CA,SparsePush-DensePull,serial,bitvector,false,10,1.7667460441589355,0.003254
youtube-u-growth,SparsePush-DensePull,dynamic-vertex-parallel,boolean-array,false,10,6.10585880279541,0.056204
dblp_coauthor,SparsePush-DensePull,dynamic-vertex-parallel,boolean-array,false,10,19.141955852508545,0.067432
soc-LiveJournal1,SparsePush-DensePull,dynamic-vertex-parallel,boolean-array,false,10,46.24995803833008,0.092091
orkut-links,SparsePush-DensePull,dynamic-vertex-parallel,boolean-array,false,10,75.63651990890503,0.091824
roadNet-CA,SparsePush-DensePull,dynamic-vertex-parallel,boolean-array,false,10,1.7875704765319824,0.015887
youtube-u-growth,SparsePush-DensePull,dynamic-vertex-parallel,bitvector,false,10,6.102259635925293,0.052921
dblp_coauthor,SparsePush-DensePull,dynamic-vertex-parallel,bitvector,false,10,19.026761770248413,0.045505
soc-LiveJournal1,SparsePush-DensePull,dynamic-vertex-parallel,bitvector,false,10,47.338759660720825,0.093425
orkut-links,SparsePush-DensePull,dynamic-vertex-parallel,bitvector,false,10,76.08490753173828,0.104781
roadNet-CA,SparsePush-DensePull,dynamic-vertex-parallel,bitvector,false,10,1.787186861038208,0.007849
youtube-u-growth,SparsePush-DensePull,static-vertex-parallel,boolean-array,false,10,6.107738256454468,0.047928
dblp_coauthor,SparsePush-DensePull,static-vertex-parallel,boolean-array,false,10,18.369734525680542,0.043411
soc-LiveJournal1,SparsePush-DensePull,static-vertex-parallel,boolean-array,false,10,47.374093770980835,0.096743
orkut-links,SparsePush-DensePull,static-vertex-parallel,boolean-array,false,10,73.6398675441742,0.094591
roadNet-CA,SparsePush-DensePull,static-vertex-parallel,boolean-array,false,10,1.787865400314331,0.008388
youtube-u-growth,SparsePush-DensePull,static-vertex-parallel,bitvector,false,10,6.175601243972778,0.104505
dblp_coauthor,SparsePush-DensePull,static-vertex-parallel,bitvector,false,10,19.47135043144226,0.051036
soc-LiveJournal1,SparsePush-DensePull,static-vertex-parallel,bitvector,false,10,45.74822020530701,0.10019
orkut-links,SparsePush-DensePull,static-vertex-parallel,bitvector,false,10,76.06690859794617,0.095529
roadNet-CA,SparsePush-DensePull,static-vertex-parallel,bitvector,false,10,1.7865359783172607,0.014444
youtube-u-growth,SparsePush-DensePull,edge-aware-dynamic-vertex-parallel,boolean-array,false,10,6.143599987030029,0.083153
dblp_coauthor,SparsePush-DensePull,edge-aware-dynamic-vertex-parallel,boolean-array,false,10,19.028964519500732,0.062072
soc-LiveJournal1,SparsePush-DensePull,edge-aware-dynamic-vertex-parallel,boolean-array,false,10,47.27952814102173,0.106504
orkut-links,SparsePush-DensePull,edge-aware-dynamic-vertex-parallel,boolean-array,false,10,73.812659740448,0.128399
roadNet-CA,SparsePush-DensePull,edge-aware-dynamic-vertex-parallel,boolean-array,false,10,1.7769088745117188,0.004864
youtube-u-growth,SparsePush-DensePull,edge-aware-dynamic-vertex-parallel,bitvector,false,10,5.994032382965088,0.089112
dblp_coauthor,SparsePush-DensePull,edge-aware-dynamic-vertex-parallel,bitvector,false,10,19.13492488861084,0.056788
soc-LiveJournal1,SparsePush-DensePull,edge-aware-dynamic-vertex-parallel,bitvector,false,10,47.599756956100464,0.107187
orkut-links,SparsePush-DensePull,edge-aware-dynamic-vertex-parallel,bitvector,false,10,76.28037810325623,0.126618
roadNet-CA,SparsePush-DensePull,edge-aware-dynamic-vertex-parallel,bitvector,false,10,1.7489748001098633,0.004736
youtube-u-growth,DensePull,serial,boolean-array,false,15,7.228296518325806,1.16609
dblp_coauthor,DensePull,serial,boolean-array,false,15,20.692227840423584,1.59238
soc-LiveJournal1,DensePull,serial,boolean-array,false,15,52.543588638305664,5.29157
orkut-links,DensePull,serial,boolean-array,false,15,80.11527729034424,4.09266
roadNet-CA,DensePull,serial,boolean-array,false,15,2.3857672214508057,0.609303
youtube-u-growth,DensePull,serial,bitvector,false,15,7.117599725723267,1.0403
dblp_coauthor,DensePull,serial,bitvector,false,15,20.59915280342102,1.48636
soc-LiveJournal1,DensePull,serial,bitvector,false,15,49.42686629295349,4.83226
orkut-links,DensePull,serial,bitvector,false,15,79.77262210845947,3.7957
roadNet-CA,DensePull,serial,bitvector,false,15,2.3065009117126465,0.551605
youtube-u-growth,DensePull,dynamic-vertex-parallel,boolean-array,false,15,6.24111008644104,0.114695
dblp_coauthor,DensePull,dynamic-vertex-parallel,boolean-array,false,15,19.177221298217773,0.107414
soc-LiveJournal1,DensePull,dynamic-vertex-parallel,boolean-array,false,15,48.123400926589966,0.299432
orkut-links,DensePull,dynamic-vertex-parallel,boolean-array,false,15,71.69506859779358,0.184178
roadNet-CA,DensePull,dynamic-vertex-parallel,boolean-array,false,15,1.8766379356384277,0.112619
youtube-u-growth,DensePull,dynamic-vertex-parallel,bitvector,false,15,6.184467077255249,0.121031
dblp_coauthor,DensePull,dynamic-vertex-parallel,bitvector,false,15,19.250926971435547,0.123542
soc-LiveJournal1,DensePull,dynamic-vertex-parallel,bitvector,false,15,47.759949922561646,0.303946
orkut-links,DensePull,dynamic-vertex-parallel,bitvector,false,15,73.50616550445557,0.185102
roadNet-CA,DensePull,dynamic-vertex-parallel,bitvector,false,15,1.8634719848632812,0.11195
youtube-u-growth,DensePull,static-vertex-parallel,boolean-array,false,15,5.4378015995025635,0.119714
dblp_coauthor,DensePull,static-vertex-parallel,boolean-array,false,15,19.158124923706055,0.115495
soc-LiveJournal1,DensePull,static-vertex-parallel,boolean-array,false,15,47.59524369239807,0.240347
orkut-links,DensePull,static-vertex-parallel,boolean-array,false,15,76.25400710105896,0.216624
roadNet-CA,DensePull,static-vertex-parallel,boolean-array,false,15,1.8730533123016357,0.111274
youtube-u-growth,DensePull,static-vertex-parallel,bitvector,false,15,5.939985275268555,0.131063
dblp_coauthor,DensePull,static-vertex-parallel,bitvector,false,15,18.13585877418518,0.171713
soc-LiveJournal1,DensePull,static-vertex-parallel,bitvector,false,15,47.83453965187073,0.254719
orkut-links,DensePull,static-vertex-parallel,bitvector,false,15,76.25874924659729,0.204611
roadNet-CA,DensePull,static-vertex-parallel,bitvector,false,15,1.9180145263671875,0.113779
youtube-u-growth,DensePull,edge-aware-dynamic-vertex-parallel,boolean-array,false,15,6.217165470123291,0.149264
dblp_coauthor,DensePull,edge-aware-dynamic-vertex-parallel,boolean-array,false,15,19.183124780654907,0.111541
soc-LiveJournal1,DensePull,edge-aware-dynamic-vertex-parallel,boolean-array,false,15,47.589540243148804,0.247092
orkut-links,DensePull,edge-aware-dynamic-vertex-parallel,boolean-array,false,15,75.8999674320221,0.225801
roadNet-CA,DensePull,edge-aware-dynamic-vertex-parallel,boolean-array,false,15,1.8773531913757324,0.116356
youtube-u-growth,DensePull,edge-aware-dynamic-vertex-parallel,bitvector,false,15,6.226850748062134,0.151064
dblp_coauthor,DensePull,edge-aware-dynamic-vertex-parallel,bitvector,false,15,19.185611486434937,0.113139
soc-LiveJournal1,DensePull,edge-aware-dynamic-vertex-parallel,bitvector,false,15,47.47317051887512,0.262682
orkut-links,DensePull,edge-aware-dynamic-vertex-parallel,bitvector,false,15,76.6569311618805,0.212675
roadNet-CA,DensePull,edge-aware-dynamic-vertex-parallel,bitvector,false,15,1.8834400177001953,0.136079
youtube-u-growth,DensePull-SparsePush,serial,boolean-array,false,15,6.438977241516113,0.365006
dblp_coauthor,DensePull-SparsePush,serial,boolean-array,false,15,19.565757036209106,0.495642
soc-LiveJournal1,DensePull-SparsePush,serial,boolean-array,false,15,49.48811388015747,1.93226
orkut-links,DensePull-SparsePush,serial,boolean-array,false,15,77.990229845047,1.6032
roadNet-CA,DensePull-SparsePush,serial,boolean-array,false,15,1.7684922218322754,0.004676
youtube-u-growth,DensePull-SparsePush,serial,bitvector,false,15,6.416877031326294,0.350354
dblp_coauthor,DensePull-SparsePush,serial,bitvector,false,15,19.585169315338135,0.477391
soc-LiveJournal1,DensePull-SparsePush,serial,bitvector,false,15,46.34162902832031,1.80573
orkut-links,DensePull-SparsePush,serial,bitvector,false,15,77.85933256149292,1.54623
roadNet-CA,DensePull-SparsePush,serial,bitvector,false,15,1.9076473712921143,0.009707
youtube-u-growth,DensePull-SparsePush,dynamic-vertex-parallel,boolean-array,false,15,6.105952024459839,0.063074
dblp_coauthor,DensePull-SparsePush,dynamic-vertex-parallel,boolean-array,false,15,19.07607889175415,0.052316
soc-LiveJournal1,DensePull-SparsePush,dynamic-vertex-parallel,boolean-array,false,15,47.52886700630188,0.103758
orkut-links,DensePull-SparsePush,dynamic-vertex-parallel,boolean-array,false,15,73.85587668418884,0.097899
roadNet-CA,DensePull-SparsePush,dynamic-vertex-parallel,boolean-array,false,15,1.7943329811096191,0.016443
youtube-u-growth,DensePull-SparsePush,dynamic-vertex-parallel,bitvector,false,15,6.3117334842681885,0.062189
dblp_coauthor,DensePull-SparsePush,dynamic-vertex-parallel,bitvector,false,15,19.150453329086304,0.058431
soc-LiveJournal1,DensePull-SparsePush,dynamic-vertex-parallel,bitvector,false,15,47.507707834243774,0.100894
orkut-links,DensePull-SparsePush,dynamic-vertex-parallel,bitvector,false,15,76.49954605102539,0.094697
roadNet-CA,DensePull-SparsePush,dynamic-vertex-parallel,bitvector,false,15,1.805180311203003,0.005308
youtube-u-growth,DensePull-SparsePush,static-vertex-parallel,boolean-array,false,15,6.1003639698028564,0.053093
dblp_coauthor,DensePull-SparsePush,static-vertex-parallel,boolean-array,false,15,19.06619882583618,0.078768
soc-LiveJournal1,DensePull-SparsePush,static-vertex-parallel,boolean-array,false,15,47.55690121650696,0.121743
orkut-links,DensePull-SparsePush,static-vertex-parallel,boolean-array,false,15,76.11023783683777,0.104099
roadNet-CA,DensePull-SparsePush,static-vertex-parallel,boolean-array,false,15,1.7776379585266113,0.00486
youtube-u-growth,DensePull-SparsePush,static-vertex-parallel,bitvector,false,15,6.1204164028167725,0.059248
dblp_coauthor,DensePull-SparsePush,static-vertex-parallel,bitvector,false,15,19.06840419769287,0.050449
soc-LiveJournal1,DensePull-SparsePush,static-vertex-parallel,bitvector,false,15,47.52906775474548,0.111705
orkut-links,DensePull-SparsePush,static-vertex-parallel,bitvector,false,15,76.0728485584259,0.099381
roadNet-CA,DensePull-SparsePush,static-vertex-parallel,bitvector,false,15,1.7942299842834473,0.018788
youtube-u-growth,DensePull-SparsePush,edge-aware-dynamic-vertex-parallel,boolean-array,false,15,6.157444000244141,0.087497
dblp_coauthor,DensePull-SparsePush,edge-aware-dynamic-vertex-parallel,boolean-array,false,15,19.087958097457886,0.058086
soc-LiveJournal1,DensePull-SparsePush,edge-aware-dynamic-vertex-parallel,boolean-array,false,15,47.41567921638489,0.1177
orkut-links,DensePull-SparsePush,edge-aware-dynamic-vertex-parallel,boolean-array,false,15,76.09625959396362,0.12835
roadNet-CA,DensePull-SparsePush,edge-aware-dynamic-vertex-parallel,boolean-array,false,15,1.7827374935150146,0.005817
youtube-u-growth,DensePull-SparsePush,edge-aware-dynamic-vertex-parallel,bitvector,false,15,6.17788028717041,0.101085
dblp_coauthor,DensePull-SparsePush,edge-aware-dynamic-vertex-parallel,bitvector,false,15,19.10890221595764,0.057797
soc-LiveJournal1,DensePull-SparsePush,edge-aware-dynamic-vertex-parallel,bitvector,false,15,47.45668005943298,0.113208
orkut-links,DensePull-SparsePush,edge-aware-dynamic-vertex-parallel,bitvector,false,15,76.01419591903687,0.123093
roadNet-CA,DensePull-SparsePush,edge-aware-dynamic-vertex-parallel,bitvector,false,15,1.7823874950408936,0.014794
youtube-u-growth,SparsePush-DensePull,serial,boolean-array,false,15,6.437648296356201,0.367732
dblp_coauthor,SparsePush-DensePull,serial,boolean-array,false,15,19.55615258216858,0.509916
soc-LiveJournal1,SparsePush-DensePull,serial,boolean-array,false,15,49.545215368270874,1.9233
orkut-links,SparsePush-DensePull,serial,boolean-array,false,15,77.71767687797546,1.69655
roadNet-CA,SparsePush-DensePull,serial,boolean-array,false,15,1.7777509689331055,0.005367
youtube-u-growth,SparsePush-DensePull,serial,bitvector,false,15,6.439367294311523,0.370313
dblp_coauthor,SparsePush-DensePull,serial,bitvector,false,15,19.519323587417603,0.471683
soc-LiveJournal1,SparsePush-DensePull,serial,bitvector,false,15,48.65411615371704,1.84002
orkut-links,SparsePush-DensePull,serial,bitvector,false,15,77.49715375900269,1.55326
roadNet-CA,SparsePush-DensePull,serial,bitvector,false,15,1.7843620777130127,0.013702
youtube-u-growth,SparsePush-DensePull,dynamic-vertex-parallel,boolean-array,false,15,6.1273839473724365,0.078018
dblp_coauthor,SparsePush-DensePull,dynamic-vertex-parallel,boolean-array,false,15,19.09409737586975,0.05236
soc-LiveJournal1,SparsePush-DensePull,dynamic-vertex-parallel,boolean-array,false,15,47.29366374015808,0.103568
orkut-links,SparsePush-DensePull,dynamic-vertex-parallel,boolean-array,false,15,68.33730483055115,0.12288
roadNet-CA,SparsePush-DensePull,dynamic-vertex-parallel,boolean-array,false,15,1.8876276016235352,0.004781
youtube-u-growth,SparsePush-DensePull,dynamic-vertex-parallel,bitvector,false,15,6.124823093414307,0.056935
dblp_coauthor,SparsePush-DensePull,dynamic-vertex-parallel,bitvector,false,15,19.118958950042725,0.053987
soc-LiveJournal1,SparsePush-DensePull,dynamic-vertex-parallel,bitvector,false,15,47.666741371154785,0.134275
orkut-links,SparsePush-DensePull,dynamic-vertex-parallel,bitvector,false,15,76.33428382873535,0.100378
roadNet-CA,SparsePush-DensePull,dynamic-vertex-parallel,bitvector,false,15,1.7816450595855713,0.005041
youtube-u-growth,SparsePush-DensePull,static-vertex-parallel,boolean-array,false,15,5.813009262084961,0.095634
dblp_coauthor,SparsePush-DensePull,static-vertex-parallel,boolean-array,false,15,18.999289751052856,0.054048
soc-LiveJournal1,SparsePush-DensePull,static-vertex-parallel,boolean-array,false,15,47.650909662246704,0.100977
orkut-links,SparsePush-DensePull,static-vertex-parallel,boolean-array,false,15,76.01772713661194,0.097184
roadNet-CA,SparsePush-DensePull,static-vertex-parallel,boolean-array,false,15,1.781911849975586,0.004981
youtube-u-growth,SparsePush-DensePull,static-vertex-parallel,bitvector,false,15,6.118614673614502,0.055222
dblp_coauthor,SparsePush-DensePull,static-vertex-parallel,bitvector,false,15,19.169445037841797,0.059082
soc-LiveJournal1,SparsePush-DensePull,static-vertex-parallel,bitvector,false,15,47.65925049781799,0.133429
orkut-links,SparsePush-DensePull,static-vertex-parallel,bitvector,false,15,76.31366634368896,0.114245
roadNet-CA,SparsePush-DensePull,static-vertex-parallel,bitvector,false,15,1.7795422077178955,0.004344
youtube-u-growth,SparsePush-DensePull,edge-aware-dynamic-vertex-parallel,boolean-array,false,15,6.047767162322998,0.084817
dblp_coauthor,SparsePush-DensePull,edge-aware-dynamic-vertex-parallel,boolean-array,false,15,19.1623637676239,0.080851
soc-LiveJournal1,SparsePush-DensePull,edge-aware-dynamic-vertex-parallel,boolean-array,false,15,47.45234131813049,0.114069
orkut-links,SparsePush-DensePull,edge-aware-dynamic-vertex-parallel,boolean-array,false,15,76.13844418525696,0.1338
roadNet-CA,SparsePush-DensePull,edge-aware-dynamic-vertex-parallel,boolean-array,false,15,1.785069227218628,0.005087
youtube-u-growth,SparsePush-DensePull,edge-aware-dynamic-vertex-parallel,bitvector,false,15,6.17263388633728,0.101838
dblp_coauthor,SparsePush-DensePull,edge-aware-dynamic-vertex-parallel,bitvector,false,15,19.0882306098938,0.057843
soc-LiveJournal1,SparsePush-DensePull,edge-aware-dynamic-vertex-parallel,bitvector,false,15,47.719667196273804,0.122857
orkut-links,SparsePush-DensePull,edge-aware-dynamic-vertex-parallel,bitvector,false,15,76.4472963809967,0.139162
roadNet-CA,SparsePush-DensePull,edge-aware-dynamic-vertex-parallel,bitvector,false,15,1.775345802307129,0.005033
youtube-u-growth,DensePull,serial,boolean-array,false,20,7.228120803833008,1.15567
dblp_coauthor,DensePull,serial,boolean-array,false,20,20.671929597854614,1.62625
soc-LiveJournal1,DensePull,serial,boolean-array,false,20,53.05087327957153,5.48501
orkut-links,DensePull,serial,boolean-array,false,20,80.6077971458435,4.34477
roadNet-CA,DensePull,serial,boolean-array,false,20,2.3692469596862793,0.581726
youtube-u-growth,DensePull,serial,bitvector,false,20,7.406484365463257,1.09078
dblp_coauthor,DensePull,serial,bitvector,false,20,20.52694869041443,1.47529
soc-LiveJournal1,DensePull,serial,bitvector,false,20,52.193686962127686,4.96198
orkut-links,DensePull,serial,bitvector,false,20,80.55884265899658,4.01267
roadNet-CA,DensePull,serial,bitvector,false,20,2.344804048538208,0.558686
youtube-u-growth,DensePull,dynamic-vertex-parallel,boolean-array,false,20,6.226324558258057,0.126916
dblp_coauthor,DensePull,dynamic-vertex-parallel,boolean-array,false,20,19.199487924575806,0.120692
soc-LiveJournal1,DensePull,dynamic-vertex-parallel,boolean-array,false,20,48.053101778030396,0.271107
orkut-links,DensePull,dynamic-vertex-parallel,boolean-array,false,20,76.67009353637695,0.197389
roadNet-CA,DensePull,dynamic-vertex-parallel,boolean-array,false,20,1.8826522827148438,0.122574
youtube-u-growth,DensePull,dynamic-vertex-parallel,bitvector,false,20,6.280633449554443,0.133296
dblp_coauthor,DensePull,dynamic-vertex-parallel,bitvector,false,20,19.20611834526062,0.124751
soc-LiveJournal1,DensePull,dynamic-vertex-parallel,bitvector,false,20,44.183459997177124,0.274467
orkut-links,DensePull,dynamic-vertex-parallel,bitvector,false,20,76.82452821731567,0.211935
roadNet-CA,DensePull,dynamic-vertex-parallel,bitvector,false,20,1.9036550521850586,0.130171
youtube-u-growth,DensePull,static-vertex-parallel,boolean-array,false,20,6.1991472244262695,0.146102
dblp_coauthor,DensePull,static-vertex-parallel,boolean-array,false,20,19.214088201522827,0.125832
soc-LiveJournal1,DensePull,static-vertex-parallel,boolean-array,false,20,47.869653940200806,0.264796
orkut-links,DensePull,static-vertex-parallel,boolean-array,false,20,76.55230140686035,0.200398
roadNet-CA,DensePull,static-vertex-parallel,boolean-array,false,20,1.8917436599731445,0.130291
youtube-u-growth,DensePull,static-vertex-parallel,bitvector,false,20,6.204944133758545,0.145769
dblp_coauthor,DensePull,static-vertex-parallel,bitvector,false,20,19.246787071228027,0.122446
soc-LiveJournal1,DensePull,static-vertex-parallel,bitvector,false,20,47.90994572639465,0.274684
orkut-links,DensePull,static-vertex-parallel,bitvector,false,20,77.05385160446167,0.197979
roadNet-CA,DensePull,static-vertex-parallel,bitvector,false,20,1.957329511642456,0.187122
youtube-u-growth,DensePull,edge-aware-dynamic-vertex-parallel,boolean-array,false,20,6.258847713470459,0.178471
dblp_coauthor,DensePull,edge-aware-dynamic-vertex-parallel,boolean-array,false,20,19.073285341262817,0.12567
soc-LiveJournal1,DensePull,edge-aware-dynamic-vertex-parallel,boolean-array,false,20,47.96137285232544,0.3209
orkut-links,DensePull,edge-aware-dynamic-vertex-parallel,boolean-array,false,20,76.47697472572327,0.275068
roadNet-CA,DensePull,edge-aware-dynamic-vertex-parallel,boolean-array,false,20,1.9106509685516357,0.141862
youtube-u-growth,DensePull,edge-aware-dynamic-vertex-parallel,bitvector,false,20,6.302772283554077,0.19906
dblp_coauthor,DensePull,edge-aware-dynamic-vertex-parallel,bitvector,false,20,19.146976470947266,0.133654
soc-LiveJournal1,DensePull,edge-aware-dynamic-vertex-parallel,bitvector,false,20,47.71176791191101,0.270595
orkut-links,DensePull,edge-aware-dynamic-vertex-parallel,bitvector,false,20,76.73474311828613,0.336092
roadNet-CA,DensePull,edge-aware-dynamic-vertex-parallel,bitvector,false,20,1.9028294086456299,0.144241
youtube-u-growth,DensePull-SparsePush,serial,boolean-array,false,20,6.493633270263672,0.414371
dblp_coauthor,DensePull-SparsePush,serial,boolean-array,false,20,19.46742081642151,0.489744
soc-LiveJournal1,DensePull-SparsePush,serial,boolean-array,false,20,49.48524713516235,1.93683
orkut-links,DensePull-SparsePush,serial,boolean-array,false,20,78.16824746131897,1.68798
roadNet-CA,DensePull-SparsePush,serial,boolean-array,false,20,1.7965259552001953,0.005209
youtube-u-growth,DensePull-SparsePush,serial,bitvector,false,20,6.401637077331543,0.361881
dblp_coauthor,DensePull-SparsePush,serial,bitvector,false,20,19.574585676193237,0.485716
soc-LiveJournal1,DensePull-SparsePush,serial,bitvector,false,20,49.48449659347534,1.84509
orkut-links,DensePull-SparsePush,serial,bitvector,false,20,78.1359453201294,1.58391
roadNet-CA,DensePull-SparsePush,serial,bitvector,false,20,1.7771446704864502,0.005938
youtube-u-growth,DensePull-SparsePush,dynamic-vertex-parallel,boolean-array,false,20,6.11609411239624,0.056648
dblp_coauthor,DensePull-SparsePush,dynamic-vertex-parallel,boolean-array,false,20,19.06459617614746,0.052716
soc-LiveJournal1,DensePull-SparsePush,dynamic-vertex-parallel,boolean-array,false,20,47.3564772605896,0.108243
orkut-links,DensePull-SparsePush,dynamic-vertex-parallel,boolean-array,false,20,76.43102264404297,0.09915
roadNet-CA,DensePull-SparsePush,dynamic-vertex-parallel,boolean-array,false,20,1.7797284126281738,0.005222
youtube-u-growth,DensePull-SparsePush,dynamic-vertex-parallel,bitvector,false,20,6.060770273208618,0.069831
dblp_coauthor,DensePull-SparsePush,dynamic-vertex-parallel,bitvector,false,20,19.08434772491455,0.054811
soc-LiveJournal1,DensePull-SparsePush,dynamic-vertex-parallel,bitvector,false,20,49.02767252922058,0.106777
orkut-links,DensePull-SparsePush,dynamic-vertex-parallel,bitvector,false,20,76.60068607330322,0.135574
roadNet-CA,DensePull-SparsePush,dynamic-vertex-parallel,bitvector,false,20,1.779595136642456,0.005464
youtube-u-growth,DensePull-SparsePush,static-vertex-parallel,boolean-array,false,20,6.127238750457764,0.059759
dblp_coauthor,DensePull-SparsePush,static-vertex-parallel,boolean-array,false,20,19.01341223716736,0.053312
soc-LiveJournal1,DensePull-SparsePush,static-vertex-parallel,boolean-array,false,20,47.47965478897095,0.10763
orkut-links,DensePull-SparsePush,static-vertex-parallel,boolean-array,false,20,76.37586069107056,0.097367
roadNet-CA,DensePull-SparsePush,static-vertex-parallel,boolean-array,false,20,1.7741146087646484,0.0044
youtube-u-growth,DensePull-SparsePush,static-vertex-parallel,bitvector,false,20,6.136114597320557,0.066435
dblp_coauthor,DensePull-SparsePush,static-vertex-parallel,bitvector,false,20,19.16413426399231,0.064107
soc-LiveJournal1,DensePull-SparsePush,static-vertex-parallel,bitvector,false,20,47.8043692111969,0.110719
orkut-links,DensePull-SparsePush,static-vertex-parallel,bitvector,false,20,73.55212759971619,0.119589
roadNet-CA,DensePull-SparsePush,static-vertex-parallel,bitvector,false,20,1.765944480895996,0.005445
youtube-u-growth,DensePull-SparsePush,edge-aware-dynamic-vertex-parallel,boolean-array,false,20,6.13498067855835,0.095581
dblp_coauthor,DensePull-SparsePush,edge-aware-dynamic-vertex-parallel,boolean-array,false,20,19.081488847732544,0.075956
soc-LiveJournal1,DensePull-SparsePush,edge-aware-dynamic-vertex-parallel,boolean-array,false,20,47.417951345443726,0.128267
orkut-links,DensePull-SparsePush,edge-aware-dynamic-vertex-parallel,boolean-array,false,20,75.70643925666809,0.146357
roadNet-CA,DensePull-SparsePush,edge-aware-dynamic-vertex-parallel,boolean-array,false,20,1.2764127254486084,0.004983
youtube-u-growth,DensePull-SparsePush,edge-aware-dynamic-vertex-parallel,bitvector,false,20,5.523343086242676,0.091065
dblp_coauthor,DensePull-SparsePush,edge-aware-dynamic-vertex-parallel,bitvector,false,20,19.157852172851562,0.060464
soc-LiveJournal1,DensePull-SparsePush,edge-aware-dynamic-vertex-parallel,bitvector,false,20,47.7377188205719,0.122704
orkut-links,DensePull-SparsePush,edge-aware-dynamic-vertex-parallel,bitvector,false,20,76.72687578201294,0.145807
roadNet-CA,DensePull-SparsePush,edge-aware-dynamic-vertex-parallel,bitvector,false,20,1.732621431350708,0.007362
youtube-u-growth,SparsePush-DensePull,serial,boolean-array,false,20,6.3994176387786865,0.353415
dblp_coauthor,SparsePush-DensePull,serial,boolean-array,false,20,19.490007400512695,0.501789
soc-LiveJournal1,SparsePush-DensePull,serial,boolean-array,false,20,49.28165674209595,1.91362
orkut-links,SparsePush-DensePull,serial,boolean-array,false,20,78.04827880859375,1.63386
roadNet-CA,SparsePush-DensePull,serial,boolean-array,false,20,1.7740716934204102,0.005542
youtube-u-growth,SparsePush-DensePull,serial,bitvector,false,20,6.3686957359313965,0.362556
dblp_coauthor,SparsePush-DensePull,serial,bitvector,false,20,19.605936288833618,0.470448
soc-LiveJournal1,SparsePush-DensePull,serial,bitvector,false,20,49.21822810173035,1.8577
orkut-links,SparsePush-DensePull,serial,bitvector,false,20,78.22885322570801,1.57211
roadNet-CA,SparsePush-DensePull,serial,bitvector,false,20,1.7758424282073975,0.004519
youtube-u-growth,SparsePush-DensePull,dynamic-vertex-parallel,boolean-array,false,20,6.1574928760528564,0.057672
dblp_coauthor,SparsePush-DensePull,dynamic-vertex-parallel,boolean-array,false,20,19.222771406173706,0.059082
soc-LiveJournal1,SparsePush-DensePull,dynamic-vertex-parallel,boolean-array,false,20,46.44361400604248,0.107095
orkut-links,SparsePush-DensePull,dynamic-vertex-parallel,boolean-array,false,20,76.44084119796753,0.103764
roadNet-CA,SparsePush-DensePull,dynamic-vertex-parallel,boolean-array,false,20,1.79351806640625,0.005414
youtube-u-growth,SparsePush-DensePull,dynamic-vertex-parallel,bitvector,false,20,6.265289783477783,0.061832
dblp_coauthor,SparsePush-DensePull,dynamic-vertex-parallel,bitvector,false,20,19.320401191711426,0.068088
soc-LiveJournal1,SparsePush-DensePull,dynamic-vertex-parallel,bitvector,false,20,47.66907620429993,0.114606
orkut-links,SparsePush-DensePull,dynamic-vertex-parallel,bitvector,false,20,76.43430042266846,0.104555
roadNet-CA,SparsePush-DensePull,dynamic-vertex-parallel,bitvector,false,20,1.8899123668670654,0.004658
youtube-u-growth,SparsePush-DensePull,static-vertex-parallel,boolean-array,false,20,6.147494077682495,0.082486
dblp_coauthor,SparsePush-DensePull,static-vertex-parallel,boolean-array,false,20,19.06683659553528,0.055156
soc-LiveJournal1,SparsePush-DensePull,static-vertex-parallel,boolean-array,false,20,47.45063614845276,0.106524
orkut-links,SparsePush-DensePull,static-vertex-parallel,boolean-array,false,20,76.22388243675232,0.096339
roadNet-CA,SparsePush-DensePull,static-vertex-parallel,boolean-array,false,20,1.7817294597625732,0.008875
youtube-u-growth,SparsePush-DensePull,static-vertex-parallel,bitvector,false,20,6.137174367904663,0.056676
dblp_coauthor,SparsePush-DensePull,static-vertex-parallel,bitvector,false,20,19.109384298324585,0.060589
soc-LiveJournal1,SparsePush-DensePull,static-vertex-parallel,bitvector,false,20,48.62193274497986,0.113131
orkut-links,SparsePush-DensePull,static-vertex-parallel,bitvector,false,20,76.48721599578857,0.092411
roadNet-CA,SparsePush-DensePull,static-vertex-parallel,bitvector,false,20,1.7609667778015137,0.004301
youtube-u-growth,SparsePush-DensePull,edge-aware-dynamic-vertex-parallel,boolean-array,false,20,6.158385515213013,0.086889
dblp_coauthor,SparsePush-DensePull,edge-aware-dynamic-vertex-parallel,boolean-array,false,20,19.081858158111572,0.056736
soc-LiveJournal1,SparsePush-DensePull,edge-aware-dynamic-vertex-parallel,boolean-array,false,20,47.57296586036682,0.130139
orkut-links,SparsePush-DensePull,edge-aware-dynamic-vertex-parallel,boolean-array,false,20,77.14462661743164,0.130368
roadNet-CA,SparsePush-DensePull,edge-aware-dynamic-vertex-parallel,boolean-array,false,20,1.7814476490020752,0.005388
youtube-u-growth,SparsePush-DensePull,edge-aware-dynamic-vertex-parallel,bitvector,false,20,6.158414840698242,0.091426
dblp_coauthor,SparsePush-DensePull,edge-aware-dynamic-vertex-parallel,bitvector,false,20,19.17586660385132,0.063671
soc-LiveJournal1,SparsePush-DensePull,edge-aware-dynamic-vertex-parallel,bitvector,false,20,47.896788120269775,0.120365
orkut-links,SparsePush-DensePull,edge-aware-dynamic-vertex-parallel,bitvector,false,20,67.49749708175659,0.136399
roadNet-CA,SparsePush-DensePull,edge-aware-dynamic-vertex-parallel,bitvector,false,20,1.7797033786773682,0.005668
